P1	Hybrid	P2	Zscore	Pvalue	Gamma	AAAA	AAAB	AABA	AABB	AABC	ABAA	ABAB	ABAC	ABBA	BAAA	ABBC	CABC	BACA	BCAA	ABCD
Ae_bicornis	Ae_caudata	Ae_comosa	42.884692706047	0.0	0.24584584339665042	93494351.5625	8918334.8125	6203721.875	1916038.0	2302017.0	6608355.25	1110794.0	860078.625	1373294.5625	21023321.3125	1552434.75	961740.75	1188842.75	1273118.375	94334.375
Ae_bicornis	Ae_comosa	Ae_caudata	-99999.9	1.0	-0.9366895144078152	93494351.5625	6203721.875	8918334.8125	1916038.0	2302017.0	6608355.25	1373294.5625	961740.75	1110794.0	21023321.3125	1188842.75	860078.625	1552434.75	1273118.375	94334.375
Ae_caudata	Ae_bicornis	Ae_comosa	-88.66794537025463	1.0	0.4026324151110644	93494351.5625	8918334.8125	6608355.25	1110794.0	860078.625	6203721.875	1916038.0	2302017.0	1373294.5625	21023321.3125	1552434.75	961740.75	1273118.375	1188842.75	94334.375
Ae_bicornis	Ae_caudata	Ae_longissima	12.491478440898824	0.0	0.30431682301904683	136647453.0625	16825886.9375	10068145.25	2584784.25	3452362.5	9529755.125	2301367.75	1427627.125	2425344.3125	30907387.1875	2867808.5	2014769.0	2088393.25	1744869.875	147085.875
Ae_bicornis	Ae_longissima	Ae_caudata	-99999.9	1.0	-3.495904225133678	136647453.0625	10068145.25	16825886.9375	2584784.25	3452362.5	9529755.125	2425344.3125	2014769.0	2301367.75	30907387.1875	2088393.25	1427627.125	2867808.5	1744869.875	147085.875
Ae_caudata	Ae_bicornis	Ae_longissima	-16.064653687260467	1.0	0.36002623875146894	136647453.0625	16825886.9375	9529755.125	2301367.75	1427627.125	10068145.25	2584784.25	3452362.5	2425344.3125	30907387.1875	2867808.5	2014769.0	1744869.875	2088393.25	147085.875
Ae_bicornis	Ae_caudata	Ae_mutica	67.15266427867842	0.0	0.5770091392091402	191433607.6875	13795884.75	15180839.5	3217096.5625	3359853.25	14445129.375	2290347.0625	1400190.875	3554542.0625	42844911.125	2783900.625	3339741.625	2869071.375	2718739.0	190623.125
Ae_bicornis	Ae_mutica	Ae_caudata	-24.451444941541155	1.0	0.7893125829423021	191433607.6875	15180839.5	13795884.75	3217096.5625	3359853.25	14445129.375	3554542.0625	3339741.625	2290347.0625	42844911.125	2869071.375	1400190.875	2783900.625	2718739.0	190623.125
Ae_caudata	Ae_bicornis	Ae_mutica	-17.924738172394914	1.0	-0.5726170193991555	191433607.6875	13795884.75	14445129.375	2290347.0625	1400190.875	15180839.5	3217096.5625	3359853.25	3554542.0625	42844911.125	2783900.625	3339741.625	2718739.0	2869071.375	190623.125
Ae_bicornis	Ae_caudata	Ae_searsii	67.9794987350616	0.0	0.4850046662868831	121555547.3125	29331709.0625	7577310.0	2919364.0	4357476.125	7734999.0625	2042582.0625	2161075.75	2868304.75	26950866.625	5013604.0	654938.625	1374008.5	1412630.0	159879.125
Ae_bicornis	Ae_searsii	Ae_caudata	-99999.9	1.0	1.0659115269009969	121555547.3125	7577310.0	29331709.0625	2919364.0	4357476.125	7734999.0625	2868304.75	654938.625	2042582.0625	26950866.625	1374008.5	2161075.75	5013604.0	1412630.0	159879.125
Ae_caudata	Ae_bicornis	Ae_searsii	-4.203568914034727	0.9999868547854796	0.05503016107484451	121555547.3125	29331709.0625	7734999.0625	2042582.0625	2161075.75	7577310.0	2919364.0	4357476.125	2868304.75	26950866.625	5013604.0	654938.625	1412630.0	1374008.5	159879.125
Ae_bicornis	Ae_caudata	Ae_sharonensis	-8.053329339398864	0.9999999999999996	0.8289422035904755	95123015.6875	7584181.0	7287268.5	1531971.3125	1879989.75	6473379.625	1586934.8125	806373.375	1320582.9375	21617861.0	1397817.375	1247767.75	1573031.5	1183678.125	84780.25
Ae_bicornis	Ae_sharonensis	Ae_caudata	30.972922073655166	0.0	0.5575244602061475	95123015.6875	7287268.5	7584181.0	1531971.3125	1879989.75	6473379.625	1320582.9375	1247767.75	1586934.8125	21617861.0	1573031.5	806373.375	1397817.375	1183678.125	84780.25
Ae_caudata	Ae_bicornis	Ae_sharonensis	-99999.9	1.0	1.351373143178155	95123015.6875	7584181.0	6473379.625	1586934.8125	806373.375	7287268.5	1531971.3125	1879989.75	1320582.9375	21617861.0	1397817.375	1247767.75	1183678.125	1573031.5	84780.25
Ae_bicornis	Ae_caudata	Ae_speltoides	68.73626551207158	0.0	0.6002496752268327	186878433.0	17084883.375	14306364.4375	3228214.4375	3769836.75	13869861.0	2294684.0	1566100.625	3696437.3125	41442393.9375	3346346.375	3010408.5	2651104.625	2455701.375	197616.25
Ae_bicornis	Ae_speltoides	Ae_caudata	-34.47546064059157	1.0	0.749610247376479	186878433.0	14306364.4375	17084883.375	3228214.4375	3769836.75	13869861.0	3696437.3125	3010408.5	2294684.0	41442393.9375	2651104.625	1566100.625	3346346.375	2455701.375	197616.25
Ae_caudata	Ae_bicornis	Ae_speltoides	-22.959740182404946	1.0	-1.0062653451930519	186878433.0	17084883.375	13869861.0	2294684.0	1566100.625	14306364.4375	3228214.4375	3769836.75	3696437.3125	41442393.9375	3346346.375	3010408.5	2455701.375	2651104.625	197616.25
Ae_bicornis	Ae_caudata	Ae_tauschii	55.37622474285201	0.0	0.4207456584077656	189531082.3125	16245394.375	14200188.5	3412823.3125	3888208.0	13570632.375	2378928.3125	1738219.125	3129905.5625	42804003.875	2956208.625	2851779.0	2603846.0	2502262.125	187567.5
Ae_bicornis	Ae_tauschii	Ae_caudata	-99999.9	1.0	1.6044482592490912	189531082.3125	14200188.5	16245394.375	3412823.3125	3888208.0	13570632.375	3129905.5625	2851779.0	2378928.3125	42804003.875	2603846.0	1738219.125	2956208.625	2502262.125	187567.5
Ae_caudata	Ae_bicornis	Ae_tauschii	-20.86203930643971	1.0	0.21485040299009867	189531082.3125	16245394.375	13570632.375	2378928.3125	1738219.125	14200188.5	3412823.3125	3888208.0	3129905.5625	42804003.875	2956208.625	2851779.0	2502262.125	2603846.0	187567.5
Ae_bicornis	Ae_caudata	Ae_umbellulata	75.54759468470999	0.0	0.5053291553548941	140539180.8125	13728024.25	10872558.875	2592583.6875	2747260.625	10532419.5625	1706412.25	1227445.375	2611677.375	31580664.0625	2511392.75	2397221.125	1978848.25	1945272.875	144726.125
Ae_bicornis	Ae_umbellulata	Ae_caudata	-1.6277687400486927	0.9482130432038978	0.9793438573400305	140539180.8125	10872558.875	13728024.25	2592583.6875	2747260.625	10532419.5625	2611677.375	2397221.125	1706412.25	31580664.0625	1978848.25	1227445.375	2511392.75	1945272.875	144726.125
Ae_caudata	Ae_bicornis	Ae_umbellulata	-1.5934361376027977	0.9444688062863146	-0.022020732858154878	140539180.8125	13728024.25	10532419.5625	1706412.25	1227445.375	10872558.875	2592583.6875	2747260.625	2611677.375	31580664.0625	2511392.75	2397221.125	1945272.875	1978848.25	144726.125
Ae_bicornis	Ae_caudata	Ae_uniaristata	-35.73104193253027	1.0	0.6385250264134257	195571911.1875	11077816.0	16144944.5	2591727.8125	2272499.0	11947052.75	3014346.1875	2427859.125	2267814.8125	44193871.125	2160887.375	1806464.0	3196569.0	2360132.375	158828.75
Ae_bicornis	Ae_uniaristata	Ae_caudata	27.3858158332365	0.0	0.6974032396592303	195571911.1875	16144944.5	11077816.0	2591727.8125	2272499.0	11947052.75	2267814.8125	1806464.0	3014346.1875	44193871.125	3196569.0	2427859.125	2160887.375	2360132.375	158828.75
Ae_caudata	Ae_bicornis	Ae_uniaristata	-99999.9	1.0	-3.2816146030547997	195571911.1875	11077816.0	11947052.75	3014346.1875	2427859.125	16144944.5	2591727.8125	2272499.0	2267814.8125	44193871.125	2160887.375	1806464.0	2360132.375	3196569.0	158828.75
Ae_bicornis	Ae_caudata	Er_bonaepartis	1.9730224470948334	0.02424643325396625	0.9899579075435878	47446095.0	4119301.4375	4104553.75	642875.0625	708261.25	3439587.0625	636214.125	474468.125	1292854.9375	10049265.875	991203.75	902973.5	763618.5	542256.25	54016.375
Ae_bicornis	Er_bonaepartis	Ae_caudata	-192.52918730057056	1.0	0.5025489178166713	47446095.0	4104553.75	4119301.4375	642875.0625	708261.25	3439587.0625	1292854.9375	902973.5	636214.125	10049265.875	763618.5	474468.125	991203.75	542256.25	54016.375
Ae_caudata	Ae_bicornis	Er_bonaepartis	-1.9530081882245078	0.9745907563951084	1.0103540205514314	47446095.0	4119301.4375	3439587.0625	636214.125	474468.125	4104553.75	642875.0625	708261.25	1292854.9375	10049265.875	991203.75	902973.5	542256.25	763618.5	54016.375
Ae_bicornis	Ae_caudata	S_vavilovii	47.907633195404344	0.0	0.7755537286384612	48060950.6875	3486426.75	4060727.0	746595.8125	748334.5	3665245.0	593129.1875	379432.625	1123419.1875	10519851.5	757648.125	942860.625	763109.125	696729.5	55023.375
Ae_bicornis	S_vavilovii	Ae_caudata	-117.6328470698714	1.0	0.5845906527395212	48060950.6875	4060727.0	3486426.75	746595.8125	748334.5	3665245.0	1123419.1875	942860.625	593129.1875	10519851.5	763109.125	379432.625	757648.125	696729.5	55023.375
Ae_caudata	Ae_bicornis	S_vavilovii	-34.043100999366956	1.0	1.6870919504335553	48060950.6875	3486426.75	3665245.0	593129.1875	379432.625	4060727.0	746595.8125	748334.5	1123419.1875	10519851.5	757648.125	942860.625	696729.5	763109.125	55023.375
Ae_bicornis	Ae_caudata	T_boeoticum	109.99192526817495	0.0	0.7921785059149666	80486634.25	121303567.0625	5815752.125	4686437.9375	8782308.875	6319085.1875	2946733.375	5549283.125	9578177.1875	17247112.875	18595524.625	668298.0	612064.875	836679.25	347290.25
Ae_bicornis	T_boeoticum	Ae_caudata	-309.2776955440088	1.0	0.5754871528580301	80486634.25	5815752.125	121303567.0625	4686437.9375	8782308.875	6319085.1875	9578177.1875	668298.0	2946733.375	17247112.875	612064.875	5549283.125	18595524.625	836679.25	347290.25
Ae_caudata	Ae_bicornis	T_boeoticum	-81.13645131143122	1.0	1.5519306527301662	80486634.25	121303567.0625	6319085.1875	2946733.375	5549283.125	5815752.125	4686437.9375	8782308.875	9578177.1875	17247112.875	18595524.625	668298.0	836679.25	612064.875	347290.25
Ae_bicornis	Ae_caudata	T_urartu	63.159754191274445	0.0	0.6679039022037886	193388527.9375	13668038.5	15595303.4375	3164876.5	3284921.875	14715759.5625	2339385.375	1489933.875	3999593.8125	42735966.0	3081106.0	3819166.75	2942055.0	2662853.25	205090.125
Ae_bicornis	T_urartu	Ae_caudata	-63.86566575952133	1.0	0.6654340064027958	193388527.9375	15595303.4375	13668038.5	3164876.5	3284921.875	14715759.5625	3999593.8125	3819166.75	2339385.375	42735966.0	2942055.0	1489933.875	3081106.0	2662853.25	205090.125
Ae_caudata	Ae_bicornis	T_urartu	-31.755374256553996	1.0	90.47261531374836	193388527.9375	13668038.5	14715759.5625	2339385.375	1489933.875	15595303.4375	3164876.5	3284921.875	3999593.8125	42735966.0	3081106.0	3819166.75	2662853.25	2942055.0	205090.125
Ae_bicornis	Ae_caudata	Ta_caputMedusae	6.513793252209463	3.682021354478593e-11	0.9398083472918254	48229775.8125	3496195.25	4136846.0	688761.6875	691454.0	3516071.875	666679.6875	449752.625	1011459.1875	10758073.875	669146.625	924959.875	823392.875	627382.5	50735.125
Ae_bicornis	Ta_caputMedusae	Ae_caudata	-95.18996458676115	1.0	0.5165413939356712	48229775.8125	4136846.0	3496195.25	688761.6875	691454.0	3516071.875	1011459.1875	924959.875	666679.6875	10758073.875	823392.875	449752.625	669146.625	627382.5	50735.125
Ae_caudata	Ae_bicornis	Ta_caputMedusae	-6.096606085932787	0.9999999994562079	1.0734559595230453	48229775.8125	3496195.25	3516071.875	666679.6875	449752.625	4136846.0	688761.6875	691454.0	1011459.1875	10758073.875	669146.625	924959.875	627382.5	823392.875	50735.125
Ae_bicornis	Ae_comosa	Ae_longissima	-99999.9	1.0	-0.3364140583036168	89923118.375	9515944.3125	7735225.9375	2249855.75	3288294.125	6632904.5625	1526460.5	884151.75	1344361.0	20465002.5625	1568792.0	1154204.625	1404341.875	1242808.0	108522.625
Ae_bicornis	Ae_longissima	Ae_comosa	27.279967785269054	0.0	0.16743330520550287	89923118.375	7735225.9375	9515944.3125	2249855.75	3288294.125	6632904.5625	1344361.0	1154204.625	1526460.5	20465002.5625	1404341.875	884151.75	1568792.0	1242808.0	108522.625
Ae_comosa	Ae_bicornis	Ae_longissima	-108.37041900728249	1.0	0.5558968070280988	89923118.375	9515944.3125	6632904.5625	1526460.5	884151.75	7735225.9375	2249855.75	3288294.125	1344361.0	20465002.5625	1568792.0	1154204.625	1242808.0	1404341.875	108522.625
Ae_bicornis	Ae_comosa	Ae_mutica	52.65230133716659	0.0	0.38754832006768664	124489514.75	8362491.75	12738997.5625	2438001.5625	2759498.125	9915690.5625	1689974.9375	935299.0	2163312.625	27957833.5	1678877.125	2059945.5	2215498.25	1901076.375	137740.375
Ae_bicornis	Ae_mutica	Ae_comosa	-99999.9	1.0	2.382787143135811	124489514.75	12738997.5625	8362491.75	2438001.5625	2759498.125	9915690.5625	2163312.625	2059945.5	1689974.9375	27957833.5	2215498.25	935299.0	1678877.125	1901076.375	137740.375
Ae_comosa	Ae_bicornis	Ae_mutica	-30.55536267907277	1.0	0.2685878142193617	124489514.75	8362491.75	9915690.5625	1689974.9375	935299.0	12738997.5625	2438001.5625	2759498.125	2163312.625	27957833.5	1678877.125	2059945.5	1901076.375	2215498.25	137740.375
Ae_bicornis	Ae_comosa	Ae_searsii	40.29691500420059	0.0	0.28579448022124204	78976494.9375	18466428.5	6796483.0	2267533.5625	3559308.75	5195610.4375	1557127.75	1593849.375	1841401.75	17451130.9375	3174003.875	488535.125	1147040.625	952751.875	120297.5
Ae_bicornis	Ae_searsii	Ae_comosa	-99999.9	1.0	-2.0039361596669196	78976494.9375	6796483.0	18466428.5	2267533.5625	3559308.75	5195610.4375	1841401.75	488535.125	1557127.75	17451130.9375	1147040.625	1593849.375	3174003.875	952751.875	120297.5
Ae_comosa	Ae_bicornis	Ae_searsii	-60.405796621915584	1.0	0.374938588152768	78976494.9375	18466428.5	5195610.4375	1557127.75	1593849.375	6796483.0	2267533.5625	3559308.75	1841401.75	17451130.9375	3174003.875	488535.125	952751.875	1147040.625	120297.5
Ae_bicornis	Ae_comosa	Ae_sharonensis	-99999.9	1.0	1.273890169726821	62062727.6875	4486132.6875	6035494.6875	1216625.8125	1615467.375	4419976.75	1141062.75	580777.625	789611.5	14158363.0	794037.875	796619.125	1152445.875	827754.25	62621.0
Ae_bicornis	Ae_sharonensis	Ae_comosa	71.92095648611975	0.0	0.45146666330535334	62062727.6875	6035494.6875	4486132.6875	1216625.8125	1615467.375	4419976.75	789611.5	796619.125	1141062.75	14158363.0	1152445.875	580777.625	794037.875	827754.25	62621.0
Ae_comosa	Ae_bicornis	Ae_sharonensis	-15.463219237434625	1.0	0.8496488973464036	62062727.6875	4486132.6875	4419976.75	1141062.75	580777.625	6035494.6875	1216625.8125	1615467.375	789611.5	14158363.0	794037.875	796619.125	827754.25	1152445.875	62621.0
Ae_bicornis	Ae_comosa	Ae_speltoides	60.847905186040805	0.0	0.38290791344675273	121764440.0	10203562.0	11847463.3125	2586609.5625	3270159.375	9537315.4375	1689718.9375	1055271.375	2246242.875	27054878.625	2042612.5	1842645.125	2073114.375	1754505.625	144154.875
Ae_bicornis	Ae_speltoides	Ae_comosa	-99999.9	1.0	2.5746253595472743	121764440.0	11847463.3125	10203562.0	2586609.5625	3270159.375	9537315.4375	2246242.875	1842645.125	1689718.9375	27054878.625	2073114.375	1055271.375	2042612.5	1754505.625	144154.875
Ae_comosa	Ae_bicornis	Ae_speltoides	-37.21421224488984	1.0	0.2750977376017731	121764440.0	10203562.0	9537315.4375	1689718.9375	1055271.375	11847463.3125	2586609.5625	3270159.375	2246242.875	27054878.625	2042612.5	1842645.125	1754505.625	2073114.375	144154.875
Ae_bicornis	Ae_comosa	Ae_tauschii	15.228018013850209	0.0	0.12154603512869698	123509451.0	9630187.0625	11831817.625	2700961.4375	3318329.125	9351683.6875	1735151.375	1171312.875	1868784.3125	27961994.75	1750819.375	1739355.875	1995283.5	1809155.375	136457.625
Ae_bicornis	Ae_tauschii	Ae_comosa	-99999.9	1.0	-0.1913020534581429	123509451.0	11831817.625	9630187.0625	2700961.4375	3318329.125	9351683.6875	1868784.3125	1739355.875	1735151.375	27961994.75	1995283.5	1171312.875	1750819.375	1809155.375	136457.625
Ae_comosa	Ae_bicornis	Ae_tauschii	-94.82997595719284	1.0	0.46283818415697137	123509451.0	9630187.0625	9351683.6875	1735151.375	1171312.875	11831817.625	2700961.4375	3318329.125	1868784.3125	27961994.75	1750819.375	1739355.875	1809155.375	1995283.5	136457.625
Ae_bicornis	Ae_comosa	Ae_umbellulata	48.77636562315981	0.0	0.2685350911045859	91945501.9375	7925013.625	8822546.0625	2093053.25	2565204.125	7251923.5	1233504.8125	804651.125	1549061.875	20655680.5625	1453072.75	1443281.625	1474302.125	1391857.0	106501.625
Ae_bicornis	Ae_umbellulata	Ae_comosa	-99999.9	1.0	-1.3813908210483925	91945501.9375	8822546.0625	7925013.625	2093053.25	2565204.125	7251923.5	1549061.875	1443281.625	1233504.8125	20655680.5625	1474302.125	804651.125	1453072.75	1391857.0	106501.625
Ae_comosa	Ae_bicornis	Ae_umbellulata	-84.08597162310531	1.0	0.3875852826939314	91945501.9375	7925013.625	7251923.5	1233504.8125	804651.125	8822546.0625	2093053.25	2565204.125	1549061.875	20655680.5625	1453072.75	1443281.625	1391857.0	1474302.125	106501.625
Ae_bicornis	Ae_comosa	Ae_uniaristata	-13.880464743636868	1.0	0.869719327842509	126817893.625	6809134.875	13901492.9375	2048189.8125	1768114.75	8227598.375	2178140.5	1716961.375	1310624.0625	28850135.0625	1280184.125	1153336.0	2478892.625	1648738.875	111418.0
Ae_bicornis	Ae_uniaristata	Ae_comosa	78.78184860691196	0.0	0.5404810073004439	126817893.625	13901492.9375	6809134.875	2048189.8125	1768114.75	8227598.375	1310624.0625	1153336.0	2178140.5	28850135.0625	2478892.625	1716961.375	1280184.125	1648738.875	111418.0
Ae_comosa	Ae_bicornis	Ae_uniaristata	-99999.9	1.0	1.2138700890088616	126817893.625	6809134.875	8227598.375	2178140.5	1716961.375	13901492.9375	2048189.8125	1768114.75	1310624.0625	28850135.0625	1280184.125	1153336.0	1648738.875	2478892.625	111418.0
Ae_bicornis	Ae_comosa	Er_bonaepartis	44.691026104306545	0.0	0.7720683028662871	30912151.5625	2475332.5	3343792.0	533570.5625	626475.625	2413370.375	434649.6875	295472.125	769722.3125	6592987.375	584543.0	528088.5	552053.125	418077.375	38216.875
Ae_bicornis	Er_bonaepartis	Ae_comosa	-106.68995825024454	1.0	0.5865867068435237	30912151.5625	3343792.0	2475332.5	533570.5625	626475.625	2413370.375	769722.3125	528088.5	434649.6875	6592987.375	552053.125	295472.125	584543.0	418077.375	38216.875
Ae_comosa	Ae_bicornis	Er_bonaepartis	-31.497243392615758	1.0	1.7208354169570075	30912151.5625	2475332.5	2413370.375	434649.6875	295472.125	3343792.0	533570.5625	626475.625	769722.3125	6592987.375	584543.0	528088.5	418077.375	552053.125	38216.875
Ae_bicornis	Ae_comosa	S_vavilovii	52.696786471198735	0.0	0.6824761163151514	31200415.0	2174799.9375	3431422.3125	562018.5	609185.0	2519469.25	443715.3125	253829.0	697992.5625	6848924.875	487887.625	576017.375	603453.5	485635.875	39111.875
Ae_bicornis	S_vavilovii	Ae_comosa	-60.568073342773864	1.0	0.6515730808720854	31200415.0	3431422.3125	2174799.9375	562018.5	609185.0	2519469.25	697992.5625	576017.375	443715.3125	6848924.875	603453.5	253829.0	487887.625	485635.875	39111.875
Ae_comosa	Ae_bicornis	S_vavilovii	-28.179462131134144	1.0	7.694812084857145	31200415.0	2174799.9375	2519469.25	443715.3125	253829.0	3431422.3125	562018.5	609185.0	697992.5625	6848924.875	487887.625	576017.375	485635.875	603453.5	39111.875
Ae_bicornis	Ae_comosa	T_boeoticum	168.92697134428565	0.0	0.6618668750843533	52582351.75	77476293.875	4833491.125	4081805.75	7718820.75	4372510.625	2030249.5	3851343.25	6045996.625	11259247.5	11754082.0	446274.125	411098.625	637974.625	260520.875
Ae_bicornis	T_boeoticum	Ae_comosa	-161.7332284483218	1.0	0.6715365819846293	52582351.75	4833491.125	77476293.875	4081805.75	7718820.75	4372510.625	6045996.625	446274.125	2030249.5	11259247.5	411098.625	3851343.25	11754082.0	637974.625	260520.875
Ae_comosa	Ae_bicornis	T_boeoticum	-82.62592372666703	1.0	-22.482486625851532	52582351.75	77476293.875	4372510.625	2030249.5	3851343.25	4833491.125	4081805.75	7718820.75	6045996.625	11259247.5	11754082.0	446274.125	637974.625	411098.625	260520.875
Ae_bicornis	Ae_comosa	T_urartu	70.59733619613269	0.0	0.4740902038550912	126073708.0625	8012147.9375	12820903.1875	2496774.6875	2862230.875	10148923.75	1686331.75	977985.5	2416919.125	27923128.875	1847362.25	2336648.375	2213140.375	1893872.875	146282.375
Ae_bicornis	T_urartu	Ae_comosa	-99999.9	1.0	1.1227165492235713	126073708.0625	12820903.1875	8012147.9375	2496774.6875	2862230.875	10148923.75	2416919.125	2336648.375	1686331.75	27923128.875	2213140.375	977985.5	1847362.25	1893872.875	146282.375
Ae_comosa	Ae_bicornis	T_urartu	-7.7165171283500325	0.999999999999994	0.08969526793541718	126073708.0625	8012147.9375	10148923.75	1686331.75	977985.5	12820903.1875	2496774.6875	2862230.875	2416919.125	27923128.875	1847362.25	2336648.375	1893872.875	2213140.375	146282.375
Ae_bicornis	Ae_comosa	Ta_caputMedusae	43.18782357180604	0.0	0.5515077206823461	31414032.8125	2041446.1875	3378467.0	570098.75	641180.0	2449991.8125	465413.8125	275825.375	594144.125	7039788.125	389421.5	538155.75	615441.25	458348.5	35878.0
Ae_bicornis	Ta_caputMedusae	Ae_comosa	-9.919931539510296	1.0	0.8426099375268725	31414032.8125	3378467.0	2041446.1875	570098.75	641180.0	2449991.8125	594144.125	538155.75	465413.8125	7039788.125	615441.25	275825.375	389421.5	458348.5	35878.0
Ae_comosa	Ae_bicornis	Ta_caputMedusae	-8.066999862351103	0.9999999999999996	-0.2981833513791695	31414032.8125	2041446.1875	2449991.8125	465413.8125	275825.375	3378467.0	570098.75	641180.0	594144.125	7039788.125	389421.5	538155.75	458348.5	615441.25	35878.0
Ae_bicornis	Ae_longissima	Ae_mutica	65.15638356432967	0.0	0.4798348141255465	183805507.9375	12136620.9375	22179446.25	3812069.0	4771941.125	15022750.625	2691988.625	1637264.375	3725224.9375	41533067.5625	2651688.875	2707832.25	3811797.125	2913151.125	207906.25
Ae_bicornis	Ae_mutica	Ae_longissima	-99999.9	1.0	1.0917632857834583	183805507.9375	22179446.25	12136620.9375	3812069.0	4771941.125	15022750.625	3725224.9375	2707832.25	2691988.625	41533067.5625	3811797.125	1637264.375	2651688.875	2913151.125	207906.25
Ae_longissima	Ae_bicornis	Ae_mutica	-5.476428749240858	0.9999999782477249	0.0719548463861475	183805507.9375	12136620.9375	15022750.625	2691988.625	1637264.375	22179446.25	3812069.0	4771941.125	3725224.9375	41533067.5625	2651688.875	2707832.25	2913151.125	3811797.125	207906.25
Ae_bicornis	Ae_longissima	Ae_searsii	53.661230844201945	0.0	0.30114475818067227	116274400.0625	27036894.3125	12150309.5625	3711950.8125	6060681.5	7768166.5625	2355808.9375	2889020.875	2940186.0625	26168126.5625	4704256.5	786470.75	1883121.125	1416199.25	180261.125
Ae_bicornis	Ae_searsii	Ae_longissima	-99999.9	1.0	-3.1185470491981513	116274400.0625	12150309.5625	27036894.3125	3711950.8125	6060681.5	7768166.5625	2940186.0625	786470.75	2355808.9375	26168126.5625	1883121.125	2889020.875	4704256.5	1416199.25	180261.125
Ae_longissima	Ae_bicornis	Ae_searsii	-70.86835646957913	1.0	0.3626873195152536	116274400.0625	27036894.3125	7768166.5625	2355808.9375	2889020.875	12150309.5625	3711950.8125	6060681.5	2940186.0625	26168126.5625	4704256.5	786470.75	1416199.25	1883121.125	180261.125
Ae_bicornis	Ae_longissima	Ae_sharonensis	-99999.9	1.0	-0.3746091918442796	92772645.5625	5337616.5	9289729.6875	2488995.125	3300508.625	7237340.4375	1216456.25	860362.25	869663.3125	21849283.75	890296.125	868051.75	1591447.5	1512106.875	91026.25
Ae_bicornis	Ae_sharonensis	Ae_longissima	59.81140542396885	0.0	0.1763839947083724	92772645.5625	9289729.6875	5337616.5	2488995.125	3300508.625	7237340.4375	869663.3125	868051.75	1216456.25	21849283.75	1591447.5	860362.25	890296.125	1512106.875	91026.25
Ae_longissima	Ae_bicornis	Ae_sharonensis	-219.47488065666334	1.0	0.5599599662251495	92772645.5625	5337616.5	7237340.4375	1216456.25	860362.25	9289729.6875	2488995.125	3300508.625	869663.3125	21849283.75	890296.125	868051.75	1512106.875	1591447.5	91026.25
Ae_bicornis	Ae_longissima	Ae_speltoides	78.7947946264962	0.0	0.41336344009139825	180230823.375	14311479.875	20173392.125	4232102.125	5884075.5	14420476.8125	2579057.9375	1841918.5	3743847.3125	40374274.6875	3027824.75	2422016.875	3386714.375	2647857.75	219088.0
Ae_bicornis	Ae_speltoides	Ae_longissima	-99999.9	1.0	1.7216997320813157	180230823.375	20173392.125	14311479.875	4232102.125	5884075.5	14420476.8125	3743847.3125	2422016.875	2579057.9375	40374274.6875	3386714.375	1841918.5	3027824.75	2647857.75	219088.0
Ae_longissima	Ae_bicornis	Ae_speltoides	-33.029093930682485	1.0	0.22801804535471226	180230823.375	14311479.875	14420476.8125	2579057.9375	1841918.5	20173392.125	4232102.125	5884075.5	3743847.3125	40374274.6875	3027824.75	2422016.875	2647857.75	3386714.375	219088.0
Ae_bicornis	Ae_longissima	Ae_tauschii	37.97608677590448	0.0	0.2456200223932805	182427621.8125	13787826.3125	20581046.375	4265380.25	5851675.25	14101084.8125	2715152.6875	2092095.625	3219894.25	41688965.125	2656045.25	2309305.0	3397473.5	2734714.0	209491.75
Ae_bicornis	Ae_tauschii	Ae_longissima	-99999.9	1.0	-0.9334197959271657	182427621.8125	20581046.375	13787826.3125	4265380.25	5851675.25	14101084.8125	3219894.25	2309305.0	2715152.6875	41688965.125	3397473.5	2092095.625	2656045.25	2734714.0	209491.75
Ae_longissima	Ae_bicornis	Ae_tauschii	-78.66098219124423	1.0	0.4027740252638142	182427621.8125	13787826.3125	14101084.8125	2715152.6875	2092095.625	20581046.375	4265380.25	5851675.25	3219894.25	41688965.125	2656045.25	2309305.0	2734714.0	3397473.5	209491.75
Ae_bicornis	Ae_longissima	Ae_umbellulata	69.33597293708796	0.0	0.3437019678969326	135890500.0	11279858.75	15327907.0	3316801.75	4548245.25	10996944.0625	1939139.4375	1361963.25	2660618.4375	30751461.8125	2268202.75	1882050.25	2561881.75	2136112.375	163580.125
Ae_bicornis	Ae_umbellulata	Ae_longissima	-99999.9	1.0	11.049412719637866	135890500.0	15327907.0	11279858.75	3316801.75	4548245.25	10996944.0625	2660618.4375	1882050.25	1939139.4375	30751461.8125	2561881.75	1361963.25	2268202.75	2136112.375	163580.125
Ae_longissima	Ae_bicornis	Ae_umbellulata	-63.06089074979142	1.0	0.3226318184793401	135890500.0	11279858.75	10996944.0625	1939139.4375	1361963.25	15327907.0	3316801.75	4548245.25	2660618.4375	30751461.8125	2268202.75	1882050.25	2136112.375	2561881.75	163580.125
Ae_bicornis	Ae_longissima	Ae_uniaristata	-74.79088179138229	1.0	0.3963140331902928	185311673.875	11423113.4375	25743692.3125	2405787.0	2637881.875	11756414.875	3837543.6875	3285711.875	2897609.1875	42366190.875	2284560.125	1837429.25	4414609.5	2196724.125	177347.0
Ae_bicornis	Ae_uniaristata	Ae_longissima	-25.69138695759824	1.0	2.0975422316698786	185311673.875	25743692.3125	11423113.4375	2405787.0	2637881.875	11756414.875	2897609.1875	1837429.25	3837543.6875	42366190.875	4414609.5	3285711.875	2284560.125	2196724.125	177347.0
Ae_longissima	Ae_bicornis	Ae_uniaristata	39.13444509983574	0.0	0.2556808009757333	185311673.875	11423113.4375	11756414.875	3837543.6875	3285711.875	25743692.3125	2405787.0	2637881.875	2897609.1875	42366190.875	2284560.125	1837429.25	2196724.125	4414609.5	177347.0
Ae_bicornis	Ae_longissima	Er_bonaepartis	54.74008257747852	0.0	0.7560646165178191	45718337.4375	3515335.0	5696008.0	881233.8125	1142833.25	3653138.25	691720.6875	481223.375	1279106.4375	9788843.0	903080.625	674675.875	932853.625	648747.0	57459.625
Ae_bicornis	Er_bonaepartis	Ae_longissima	-114.92386264971434	1.0	0.5961743283836587	45718337.4375	5696008.0	3515335.0	881233.8125	1142833.25	3653138.25	1279106.4375	674675.875	691720.6875	9788843.0	932853.625	481223.375	903080.625	648747.0	57459.625
Ae_longissima	Ae_bicornis	Er_bonaepartis	-37.07883677433126	1.0	1.909548760675659	45718337.4375	3515335.0	3653138.25	691720.6875	481223.375	5696008.0	881233.8125	1142833.25	1279106.4375	9788843.0	903080.625	674675.875	648747.0	932853.625	57459.625
Ae_bicornis	Ae_longissima	S_vavilovii	46.95879865590898	0.0	0.7403816131221073	46008208.9375	3157204.0625	6007462.1875	874063.1875	1034286.125	3810505.25	712287.75	423477.25	1173640.125	10156372.375	755751.75	766931.0	1029590.75	740711.75	58591.5
Ae_bicornis	S_vavilovii	Ae_longissima	-86.95864654989003	1.0	0.6063012259105212	46008208.9375	6007462.1875	3157204.0625	874063.1875	1034286.125	3810505.25	1173640.125	766931.0	712287.75	10156372.375	1029590.75	423477.25	755751.75	740711.75	58591.5
Ae_longissima	Ae_bicornis	S_vavilovii	-30.492469210798635	1.0	2.173974430612149	46008208.9375	3157204.0625	3810505.25	712287.75	423477.25	6007462.1875	874063.1875	1034286.125	1173640.125	10156372.375	755751.75	766931.0	740711.75	1029590.75	58591.5
Ae_bicornis	Ae_longissima	T_boeoticum	198.263530709864	0.0	0.5919941435201939	78231175.375	112945749.5625	7967779.0	7260150.5625	13923097.0	6583973.625	3157819.1875	6107358.25	9110077.25	16933847.9375	17475345.125	633854.5	551459.25	938251.25	370410.125
Ae_bicornis	T_boeoticum	Ae_longissima	-89.4059896899853	1.0	0.7628963236867724	78231175.375	7967779.0	112945749.5625	7260150.5625	13923097.0	6583973.625	9110077.25	633854.5	3157819.1875	16933847.9375	551459.25	6107358.25	17475345.125	938251.25	370410.125
Ae_longissima	Ae_bicornis	T_boeoticum	-61.619135589713565	1.0	-0.8213118618365511	78231175.375	112945749.5625	6583973.625	3157819.1875	6107358.25	7967779.0	7260150.5625	13923097.0	9110077.25	16933847.9375	17475345.125	633854.5	938251.25	551459.25	370410.125
Ae_bicornis	Ae_longissima	T_urartu	87.1179305943533	0.0	0.4857548716227584	186394163.25	11259805.25	21930962.4375	4006390.0625	5028746.5	15655190.4375	2490451.1875	1443287.875	3922403.875	41730839.75	2683895.375	2876526.0	3611583.125	3054999.25	213506.625
Ae_bicornis	T_urartu	Ae_longissima	-99999.9	1.0	1.0623058417994808	186394163.25	21930962.4375	11259805.25	4006390.0625	5028746.5	15655190.4375	3922403.875	2876526.0	2490451.1875	41730839.75	3611583.125	1443287.875	2683895.375	3054999.25	213506.625
Ae_longissima	Ae_bicornis	T_urartu	-5.109598185316701	0.9999998382941706	0.0524938257850436	186394163.25	11259805.25	15655190.4375	2490451.1875	1443287.875	21930962.4375	4006390.0625	5028746.5	3922403.875	41730839.75	2683895.375	2876526.0	3054999.25	3611583.125	213506.625
Ae_bicornis	Ae_longissima	Ta_caputMedusae	50.654164862727	0.0	0.6083966000238789	46429054.875	2920665.0625	5809630.3125	912683.0	1113123.0	3743501.375	731262.8125	453765.875	1013117.9375	10483751.625	608751.5	703501.5	1031414.875	735562.125	55243.125
Ae_bicornis	Ta_caputMedusae	Ae_longissima	-28.042347173203538	1.0	0.7372808049385275	46429054.875	5809630.3125	2920665.0625	912683.0	1113123.0	3743501.375	1013117.9375	703501.5	731262.8125	10483751.625	1031414.875	453765.875	608751.5	735562.125	55243.125
Ae_longissima	Ae_bicornis	Ta_caputMedusae	-18.049868286420843	1.0	-1.24016333221173	46429054.875	2920665.0625	3743501.375	731262.8125	453765.875	5809630.3125	912683.0	1113123.0	1013117.9375	10483751.625	608751.5	703501.5	735562.125	1031414.875	55243.125
Ae_bicornis	Ae_mutica	Ae_searsii	-9.076224923734507	1.0	0.16757263700160405	160607185.0625	41588049.3125	11080072.3125	3461618.8125	4939790.5	11332022.6875	4168366.8125	5005572.625	4026094.1875	35400579.6875	7123931.75	922236.5	2168442.875	1984136.0	245819.875
Ae_bicornis	Ae_searsii	Ae_mutica	-7.24912623369204	0.9999999999997887	-0.3369770211113025	160607185.0625	11080072.3125	41588049.3125	3461618.8125	4939790.5	11332022.6875	4026094.1875	922236.5	4168366.8125	35400579.6875	2168442.875	5005572.625	7123931.75	1984136.0	245819.875
Ae_mutica	Ae_bicornis	Ae_searsii	36.01047965066629	0.0	0.4440410600536667	160607185.0625	41588049.3125	11332022.6875	4168366.8125	5005572.625	11080072.3125	3461618.8125	4939790.5	4026094.1875	35400579.6875	7123931.75	922236.5	1984136.0	2168442.875	245819.875
Ae_bicornis	Ae_mutica	Ae_sharonensis	-53.48947210928735	1.0	0.7098256509216793	127419728.625	10336039.125	9071690.375	2183567.0	2505373.375	9962886.9375	2664151.5625	1797092.25	1488543.6875	28897191.6875	1889991.875	1108741.375	2031836.75	1885829.5	123086.875
Ae_bicornis	Ae_sharonensis	Ae_mutica	77.3566880631403	0.0	0.6284551882036875	127419728.625	9071690.375	10336039.125	2183567.0	2505373.375	9962886.9375	1488543.6875	1108741.375	2664151.5625	28897191.6875	2031836.75	1797092.25	1889991.875	1885829.5	123086.875
Ae_mutica	Ae_bicornis	Ae_sharonensis	-99999.9	1.0	3.241127419834336	127419728.625	10336039.125	9962886.9375	2664151.5625	1797092.25	9071690.375	2183567.0	2505373.375	1488543.6875	28897191.6875	1889991.875	1108741.375	1885829.5	2031836.75	123086.875
Ae_bicornis	Ae_mutica	Ae_speltoides	10.721706089150958	0.0	0.09040576130390758	252048259.5625	21845686.6875	16491202.125	5260101.25	5528418.625	22319542.3125	3376214.8125	3082342.625	3563456.75	56498544.375	4076927.375	2392389.5	3018030.375	4339829.25	268617.375
Ae_bicornis	Ae_speltoides	Ae_mutica	-99999.9	1.0	-0.124050364132067	252048259.5625	16491202.125	21845686.6875	5260101.25	5528418.625	22319542.3125	3563456.75	2392389.5	3376214.8125	56498544.375	3018030.375	3082342.625	4076927.375	4339829.25	268617.375
Ae_mutica	Ae_bicornis	Ae_speltoides	-97.15197305504525	1.0	0.47385276921657654	252048259.5625	21845686.6875	22319542.3125	3376214.8125	3082342.625	16491202.125	5260101.25	5528418.625	3563456.75	56498544.375	4076927.375	2392389.5	4339829.25	3018030.375	268617.375
Ae_bicornis	Ae_mutica	Ae_tauschii	-99999.9	1.0	2.8615775473279736	253485808.875	22733635.3125	18244300.625	4687302.3125	4787990.375	21162128.4375	4222883.625	3720390.0	3508989.0625	57368004.25	4089969.0	2532656.0	3489895.125	4136663.125	263001.875
Ae_bicornis	Ae_tauschii	Ae_mutica	40.45197353272712	0.0	0.37728126783114635	253485808.875	18244300.625	22733635.3125	4687302.3125	4787990.375	21162128.4375	3508989.0625	2532656.0	4222883.625	57368004.25	3489895.125	3720390.0	4089969.0	4136663.125	263001.875
Ae_mutica	Ae_bicornis	Ae_tauschii	-26.315724256344758	1.0	0.717288818158136	253485808.875	22733635.3125	21162128.4375	4222883.625	3720390.0	18244300.625	4687302.3125	4787990.375	3508989.0625	57368004.25	4089969.0	2532656.0	4136663.125	3489895.125	263001.875
Ae_bicornis	Ae_mutica	Ae_umbellulata	-99999.9	1.0	-0.15657070952341237	188246562.4375	18894301.625	13831335.6875	3549567.0	3562080.5	16463520.9375	3037382.625	2481269.875	2968045.6875	42223429.375	3543080.875	2035264.75	2719669.625	3196575.75	201411.25
Ae_bicornis	Ae_umbellulata	Ae_mutica	4.9774480222417425	3.2263883353866873e-07	0.10653154892021419	188246562.4375	13831335.6875	18894301.625	3549567.0	3562080.5	16463520.9375	2968045.6875	2035264.75	3037382.625	42223429.375	2719669.625	2481269.875	3543080.875	3196575.75	201411.25
Ae_mutica	Ae_bicornis	Ae_umbellulata	-36.767864233502685	1.0	0.5316981699429993	188246562.4375	18894301.625	16463520.9375	3037382.625	2481269.875	13831335.6875	3549567.0	3562080.5	2968045.6875	42223429.375	3543080.875	2035264.75	3196575.75	2719669.625	201411.25
Ae_bicornis	Ae_mutica	Ae_uniaristata	-132.06759878949507	1.0	0.5632837903154647	260657718.4375	16511862.5625	21419788.875	3307511.0	2617985.625	18068698.3125	5394891.4375	5226023.25	2702553.625	58953515.625	3042595.75	1801324.0	4305134.125	3485148.875	236885.5
Ae_bicornis	Ae_uniaristata	Ae_mutica	38.27537446021797	0.0	0.816529203301729	260657718.4375	21419788.875	16511862.5625	3307511.0	2617985.625	18068698.3125	2702553.625	1801324.0	5394891.4375	58953515.625	4305134.125	5226023.25	3042595.75	3485148.875	236885.5
Ae_mutica	Ae_bicornis	Ae_uniaristata	-99999.9	1.0	-0.4080868615061768	260657718.4375	16511862.5625	18068698.3125	5394891.4375	5226023.25	21419788.875	3307511.0	2617985.625	2702553.625	58953515.625	3042595.75	1801324.0	3485148.875	4305134.125	236885.5
Ae_bicornis	Ae_mutica	Er_bonaepartis	38.00158732531591	0.0	0.7290849729601793	63896231.0	5394660.25	4914359.5625	1040021.4375	994364.0	5622199.0	875194.5	814829.25	1318775.8125	13756672.9375	1205533.25	704530.125	869309.5	1001139.625	71668.75
Ae_bicornis	Er_bonaepartis	Ae_mutica	-64.26806737142924	1.0	0.6140930320572039	63896231.0	4914359.5625	5394660.25	1040021.4375	994364.0	5622199.0	1318775.8125	704530.125	875194.5	13756672.9375	869309.5	814829.25	1205533.25	1001139.625	71668.75
Ae_mutica	Ae_bicornis	Er_bonaepartis	-23.880872402343048	1.0	2.4467712178640024	63896231.0	5394660.25	5622199.0	875194.5	814829.25	4914359.5625	1040021.4375	994364.0	1318775.8125	13756672.9375	1205533.25	704530.125	1001139.625	869309.5	71668.75
Ae_bicornis	Ae_mutica	S_vavilovii	58.796160886777635	0.0	0.4486711155240492	64757350.5	4574576.0625	4836909.875	1202615.5625	1055178.0	5985476.75	851930.9375	660960.75	1137317.875	14317468.1875	998857.125	742248.25	959567.75	1242332.75	72623.625
Ae_bicornis	S_vavilovii	Ae_mutica	-99999.9	1.0	1.2966873098072713	64757350.5	4836909.875	4574576.0625	1202615.5625	1055178.0	5985476.75	1137317.875	742248.25	851930.9375	14317468.1875	959567.75	660960.75	998857.125	1242332.75	72623.625
Ae_mutica	Ae_bicornis	S_vavilovii	-13.452799814233	1.0	0.15697226910338885	64757350.5	4574576.0625	5985476.75	851930.9375	660960.75	4836909.875	1202615.5625	1055178.0	1137317.875	14317468.1875	998857.125	742248.25	1242332.75	959567.75	72623.625
Ae_bicornis	Ae_mutica	T_boeoticum	24.388718562879518	0.0	0.9294006784006595	107234832.1875	164171563.875	7878942.5625	6063393.25	11222226.625	9975704.875	5507083.3125	10463780.75	12830593.25	23005150.0625	25042388.375	936551.375	902972.125	1291734.125	530389.25
Ae_bicornis	T_boeoticum	Ae_mutica	-296.67515378281064	1.0	0.5197403090393435	107234832.1875	7878942.5625	164171563.875	6063393.25	11222226.625	9975704.875	12830593.25	936551.375	5507083.3125	23005150.0625	902972.125	10463780.75	25042388.375	1291734.125	530389.25
Ae_mutica	Ae_bicornis	T_boeoticum	-22.53609780927784	1.0	1.0895700828547712	107234832.1875	164171563.875	9975704.875	5507083.3125	10463780.75	7878942.5625	6063393.25	11222226.625	12830593.25	23005150.0625	25042388.375	936551.375	1291734.125	902972.125	530389.25
Ae_bicornis	Ae_mutica	T_urartu	30.416788780400495	0.0	0.2569689596274416	260426084.6875	17876174.5625	18788046.0	4893778.5	4499035.25	23845221.1875	3405795.3125	2562740.5	3920397.625	58166081.75	3857660.125	3052842.5	3552994.5	4712307.125	266797.375
Ae_bicornis	T_urartu	Ae_mutica	-99999.9	1.0	-1.1216790725700048	260426084.6875	18788046.0	17876174.5625	4893778.5	4499035.25	23845221.1875	3920397.625	3052842.5	3405795.3125	58166081.75	3552994.5	2562740.5	3857660.125	4712307.125	266797.375
Ae_mutica	Ae_bicornis	T_urartu	-57.53398256980509	1.0	0.3954639989385967	260426084.6875	17876174.5625	23845221.1875	3405795.3125	2562740.5	18788046.0	4893778.5	4499035.25	3920397.625	58166081.75	3857660.125	3052842.5	4712307.125	3552994.5	266797.375
Ae_bicornis	Ae_mutica	Ta_caputMedusae	6.762561886468351	6.817435505013236e-12	0.12960590527849064	65019779.0625	4498705.875	4959654.1875	1120877.25	990492.125	5780473.4375	919391.625	736108.25	949393.8125	14678105.375	807119.875	708192.5	988760.75	1123547.125	65625.75
Ae_bicornis	Ta_caputMedusae	Ae_mutica	-99999.9	1.0	-0.2120576931572205	65019779.0625	4959654.1875	4498705.875	1120877.25	990492.125	5780473.4375	949393.8125	708192.5	919391.625	14678105.375	988760.75	736108.25	807119.875	1123547.125	65625.75
Ae_mutica	Ae_bicornis	Ta_caputMedusae	-38.65276018950543	1.0	0.4597792544790495	65019779.0625	4498705.875	5780473.4375	919391.625	736108.25	4959654.1875	1120877.25	990492.125	949393.8125	14678105.375	807119.875	708192.5	1123547.125	988760.75	65625.75
Ae_bicornis	Ae_searsii	Ae_sharonensis	-21.218542121703557	1.0	0.8186852511011611	80518110.0625	5538569.25	19674510.875	1968813.6875	3007661.125	5245831.1875	2133088.125	440007.625	1391344.5	18247053.1875	920050.5	1879190.625	3529086.75	946794.375	101706.125
Ae_bicornis	Ae_sharonensis	Ae_searsii	74.58892853585144	0.0	0.562262296099402	80518110.0625	19674510.875	5538569.25	1968813.6875	3007661.125	5245831.1875	1391344.5	1879190.625	2133088.125	18247053.1875	3529086.75	440007.625	920050.5	946794.375	101706.125
Ae_searsii	Ae_bicornis	Ae_sharonensis	-99999.9	1.0	1.3975714538967399	80518110.0625	5538569.25	5245831.1875	2133088.125	440007.625	19674510.875	1968813.6875	3007661.125	1391344.5	18247053.1875	920050.5	1879190.625	946794.375	3529086.75	101706.125
Ae_bicornis	Ae_searsii	Ae_speltoides	14.326535854754544	0.0	0.5651045309361885	157733925.0625	13076715.375	39228823.375	3977327.3125	6059491.125	11045996.25	3756971.8125	941598.0	4043302.4375	34526920.75	2432401.375	4515146.125	6572741.25	1889369.125	255564.625
Ae_bicornis	Ae_speltoides	Ae_searsii	-4.289409585122262	0.9999910362378595	0.8127333289337457	157733925.0625	39228823.375	13076715.375	3977327.3125	6059491.125	11045996.25	4043302.4375	4515146.125	3756971.8125	34526920.75	6572741.25	941598.0	2432401.375	1889369.125	255564.625
Ae_searsii	Ae_bicornis	Ae_speltoides	-3.3010614698808745	0.9995183427663035	-0.4273543512250181	157733925.0625	13076715.375	11045996.25	3756971.8125	941598.0	39228823.375	3977327.3125	6059491.125	4043302.4375	34526920.75	2432401.375	4515146.125	1889369.125	6572741.25	255564.625
Ae_bicornis	Ae_searsii	Ae_tauschii	-99999.9	1.0	16.538217897234233	160370472.125	12069437.75	39342026.4375	4134550.3125	6248280.625	10861371.3125	3808316.6875	987620.375	3461087.5	35802768.375	2016929.25	4201865.125	6584532.375	1967864.375	237849.375
Ae_bicornis	Ae_tauschii	Ae_searsii	24.19821327510659	0.0	0.3401899765061351	160370472.125	39342026.4375	12069437.75	4134550.3125	6248280.625	10861371.3125	3461087.5	4201865.125	3808316.6875	35802768.375	6584532.375	987620.375	2016929.25	1967864.375	237849.375
Ae_searsii	Ae_bicornis	Ae_tauschii	-22.735043940570677	1.0	0.6736673126335914	160370472.125	12069437.75	10861371.3125	3808316.6875	987620.375	39342026.4375	4134550.3125	6248280.625	3461087.5	35802768.375	2016929.25	4201865.125	1967864.375	6584532.375	237849.375
Ae_bicornis	Ae_searsii	Ae_umbellulata	9.24163525158413	0.0	0.43695762832339996	118436788.9375	10585729.75	29742647.625	3038429.4375	4638969.25	8284216.125	2900303.8125	764736.875	3007498.3125	26107186.875	1902748.375	3549619.0	5018247.5	1414158.375	190590.75
Ae_bicornis	Ae_umbellulata	Ae_searsii	-99999.9	1.0	1.405582955120987	118436788.9375	29742647.625	10585729.75	3038429.4375	4638969.25	8284216.125	3007498.3125	3549619.0	2900303.8125	26107186.875	5018247.5	764736.875	1902748.375	1414158.375	190590.75
Ae_searsii	Ae_bicornis	Ae_umbellulata	-2.666686958483471	0.996169805951665	0.1829629695353779	118436788.9375	10585729.75	8284216.125	2900303.8125	764736.875	29742647.625	3038429.4375	4638969.25	3007498.3125	26107186.875	1902748.375	3549619.0	1414158.375	5018247.5	190590.75
Ae_bicornis	Ae_searsii	Ae_uniaristata	-131.7093212084934	1.0	0.5109716186728469	164244149.625	8515612.0	43044947.25	2721124.5	3620745.875	9366812.0625	4514184.5625	1386197.75	2640667.9375	36722978.5625	1563696.625	2833044.875	7539056.0	1724736.75	188629.625
Ae_bicornis	Ae_uniaristata	Ae_searsii	5.909941030569198	1.7169077271006472e-09	0.9588241215310944	164244149.625	43044947.25	8515612.0	2721124.5	3620745.875	9366812.0625	2640667.9375	2833044.875	4514184.5625	36722978.5625	7539056.0	1386197.75	1563696.625	1724736.75	188629.625
Ae_searsii	Ae_bicornis	Ae_uniaristata	-99999.9	1.0	-0.046979094986084054	164244149.625	8515612.0	9366812.0625	4514184.5625	1386197.75	43044947.25	2721124.5	3620745.875	2640667.9375	36722978.5625	1563696.625	2833044.875	1724736.75	7539056.0	188629.625
Ae_bicornis	Ae_searsii	Er_bonaepartis	-31.20879113603481	1.0	1.9632989039879922	39918172.4375	3169131.6875	10522504.4375	812423.6875	1217108.75	2771132.625	982938.25	286603.75	1330463.875	8341943.375	730403.875	1278951.875	1706693.75	432140.625	69555.0
Ae_bicornis	Er_bonaepartis	Ae_searsii	-94.81540916342448	1.0	0.4015010990282151	39918172.4375	10522504.4375	3169131.6875	812423.6875	1217108.75	2771132.625	1330463.875	1278951.875	982938.25	8341943.375	1706693.75	286603.75	730403.875	432140.625	69555.0
Ae_searsii	Ae_bicornis	Er_bonaepartis	46.52148460062423	0.0	0.7523587448928354	39918172.4375	3169131.6875	2771132.625	982938.25	286603.75	10522504.4375	812423.6875	1217108.75	1330463.875	8341943.375	730403.875	1278951.875	432140.625	1706693.75	69555.0
Ae_bicornis	Ae_searsii	S_vavilovii	-27.825992089630642	1.0	4.928338489729256	40302863.4375	2738587.625	10677890.8125	831311.125	1180225.0	2900151.0	1016215.5625	240528.375	1248189.375	8657751.9375	603773.875	1364034.375	1814315.25	502847.75	71850.5
Ae_bicornis	S_vavilovii	Ae_searsii	-62.73538398362702	1.0	0.357514179127696	40302863.4375	10677890.8125	2738587.625	831311.125	1180225.0	2900151.0	1248189.375	1364034.375	1016215.5625	8657751.9375	1814315.25	240528.375	603773.875	502847.75	71850.5
Ae_searsii	Ae_bicornis	S_vavilovii	50.005863859477955	0.0	0.6927388551702063	40302863.4375	2738587.625	2900151.0	1016215.5625	240528.375	10677890.8125	831311.125	1180225.0	1248189.375	8657751.9375	603773.875	1364034.375	502847.75	1814315.25	71850.5
Ae_bicornis	Ae_searsii	T_boeoticum	259.4604783985528	0.0	0.3679871920939486	70542082.8125	96656023.25	13657212.6875	11062317.875	21597967.625	5117087.5625	2035961.0	3505957.125	7291524.9375	14486855.75	13854787.0	852120.0	973260.0	933823.25	460629.125
Ae_bicornis	T_boeoticum	Ae_searsii	-99999.9	1.0	3.5396461390342355	70542082.8125	13657212.6875	96656023.25	11062317.875	21597967.625	5117087.5625	7291524.9375	852120.0	2035961.0	14486855.75	973260.0	3505957.125	13854787.0	933823.25	460629.125
Ae_searsii	Ae_bicornis	T_boeoticum	-186.15923070113638	1.0	0.2946588101841838	70542082.8125	96656023.25	5117087.5625	2035961.0	3505957.125	13657212.6875	11062317.875	21597967.625	7291524.9375	14486855.75	13854787.0	852120.0	933823.25	973260.0	460629.125
Ae_bicornis	Ae_searsii	T_urartu	-17.57603190811125	1.0	-192.18663081772718	162548500.375	10520670.0625	42016824.8125	3524398.25	5130844.5	11632088.6875	4045326.0	980343.875	4563557.25	35320375.0625	2328490.5	5508868.875	7132272.0	1935692.875	263721.875
Ae_bicornis	T_urartu	Ae_searsii	-35.06108427051732	1.0	0.3327561926113253	162548500.375	42016824.8125	10520670.0625	3524398.25	5130844.5	11632088.6875	4563557.25	5508868.875	4045326.0	35320375.0625	7132272.0	980343.875	2328490.5	1935692.875	263721.875
Ae_searsii	Ae_bicornis	T_urartu	35.24351675357474	0.0	0.6660905234917225	162548500.375	10520670.0625	11632088.6875	4045326.0	980343.875	42016824.8125	3524398.25	5130844.5	4563557.25	35320375.0625	2328490.5	5508868.875	1935692.875	7132272.0	263721.875
Ae_bicornis	Ae_searsii	Ta_caputMedusae	-10.386908802078702	1.0	-0.22004606179236974	40491721.875	2705097.125	10812041.125	801457.0	1140208.625	2797800.875	1083810.125	283027.25	1134735.0	8914083.625	514810.875	1319793.625	1897745.5	473191.875	65935.5
Ae_bicornis	Ta_caputMedusae	Ae_searsii	-12.260279363790238	1.0	0.13254683479398743	40491721.875	10812041.125	2705097.125	801457.0	1140208.625	2797800.875	1134735.0	1319793.625	1083810.125	8914083.625	1897745.5	283027.25	514810.875	473191.875	65935.5
Ae_searsii	Ae_bicornis	Ta_caputMedusae	67.97715638456026	0.0	0.5413598930690842	40491721.875	2705097.125	2797800.875	1083810.125	283027.25	10812041.125	801457.0	1140208.625	1134735.0	8914083.625	514810.875	1319793.625	473191.875	1897745.5	65935.5
Ae_bicornis	Ae_sharonensis	Ae_speltoides	96.0438936765274	0.0	0.5747959322772783	124748220.125	10887417.8125	9383362.1875	2359824.5	2992279.625	9637153.625	1427371.9375	1216353.25	2687872.4375	28116516.625	2348479.25	1574118.375	1662526.375	1748423.125	126204.75
Ae_bicornis	Ae_speltoides	Ae_sharonensis	-33.78938778995969	1.0	0.7934920146242	124748220.125	9383362.1875	10887417.8125	2359824.5	2992279.625	9637153.625	2687872.4375	1574118.375	1427371.9375	28116516.625	1662526.375	1216353.25	2348479.25	1748423.125	126204.75
Ae_sharonensis	Ae_bicornis	Ae_speltoides	-24.995627713002982	1.0	-0.5427621231389484	124748220.125	10887417.8125	9637153.625	1427371.9375	1216353.25	9383362.1875	2359824.5	2992279.625	2687872.4375	28116516.625	2348479.25	1574118.375	1748423.125	1662526.375	126204.75
Ae_bicornis	Ae_sharonensis	Ae_tauschii	78.4566767460801	0.0	0.4997483576217955	126245360.625	10545310.9375	9634450.25	2370822.8125	2978687.625	9382986.9375	1533524.5	1410655.25	2369980.4375	28955009.5	2131328.25	1551596.0	1674963.125	1776064.375	123277.375
Ae_bicornis	Ae_tauschii	Ae_sharonensis	-99999.9	1.0	1.0010080915842003	126245360.625	9634450.25	10545310.9375	2370822.8125	2978687.625	9382986.9375	2369980.4375	1551596.0	1533524.5	28955009.5	1674963.125	1410655.25	2131328.25	1776064.375	123277.375
Ae_sharonensis	Ae_bicornis	Ae_tauschii	-0.07901186435654133	0.5314884740942595	0.0010050520307188881	126245360.625	10545310.9375	9382986.9375	1533524.5	1410655.25	9634450.25	2370822.8125	2978687.625	2369980.4375	28955009.5	2131328.25	1551596.0	1776064.375	1674963.125	123277.375
Ae_bicornis	Ae_sharonensis	Ae_umbellulata	91.52660418154565	0.0	0.5542611972207941	93718680.5625	8818053.375	7328674.8125	1792837.25	2200860.5	7301770.375	1108857.6875	947203.0	1959363.25	21328433.3125	1809489.75	1267919.25	1284733.875	1398757.5	94177.5
Ae_bicornis	Ae_umbellulata	Ae_sharonensis	-22.28364723680772	1.0	0.8362627020240584	93718680.5625	7328674.8125	8818053.375	1792837.25	2200860.5	7301770.375	1959363.25	1267919.25	1108857.6875	21328433.3125	1284733.875	947203.0	1809489.75	1398757.5	94177.5
Ae_sharonensis	Ae_bicornis	Ae_umbellulata	-17.92058742465435	1.0	-0.32181825011592224	93718680.5625	8818053.375	7301770.375	1108857.6875	947203.0	7328674.8125	1792837.25	2200860.5	1959363.25	21328433.3125	1809489.75	1267919.25	1398757.5	1284733.875	94177.5
Ae_bicornis	Ae_sharonensis	Ae_uniaristata	-15.666401697281252	1.0	0.15639705186574324	129017416.1875	8225899.3125	12029082.4375	1409497.1875	1373096.125	7840265.5	2189014.625	2199360.625	2044498.5	29593432.625	1709090.875	1174715.625	2178471.125	1445591.75	108010.5
Ae_bicornis	Ae_uniaristata	Ae_sharonensis	-12.761979606037777	1.0	-0.2946391220020278	129017416.1875	12029082.4375	8225899.3125	1409497.1875	1373096.125	7840265.5	2044498.5	1174715.625	2189014.625	29593432.625	2178471.125	2199360.625	1709090.875	1445591.75	108010.5
Ae_sharonensis	Ae_bicornis	Ae_uniaristata	68.83789362554425	0.0	0.4489168577652293	129017416.1875	8225899.3125	7840265.5	2189014.625	2199360.625	12029082.4375	1409497.1875	1373096.125	2044498.5	29593432.625	1709090.875	1174715.625	1445591.75	2178471.125	108010.5
Ae_bicornis	Ae_sharonensis	Er_bonaepartis	33.535354041434196	0.0	0.8768205600329493	31627504.1875	2655454.1875	2754899.8125	475856.5625	553970.75	2404106.4375	402769.8125	343089.125	923018.6875	6804523.1875	681886.5	467003.125	476675.75	412847.625	34003.25
Ae_bicornis	Er_bonaepartis	Ae_sharonensis	-205.17727461947698	1.0	0.537774405087393	31627504.1875	2754899.8125	2655454.1875	475856.5625	553970.75	2404106.4375	923018.6875	467003.125	402769.8125	6804523.1875	476675.75	343089.125	681886.5	412847.625	34003.25
Ae_sharonensis	Ae_bicornis	Er_bonaepartis	-28.824166464165938	1.0	1.1953797413155036	31627504.1875	2655454.1875	2404106.4375	402769.8125	343089.125	2754899.8125	475856.5625	553970.75	923018.6875	6804523.1875	681886.5	467003.125	412847.625	476675.75	34003.25
Ae_bicornis	Ae_sharonensis	S_vavilovii	44.45257427570261	0.0	0.8219658382527053	31905877.4375	2379624.5625	2862859.75	488524.0	503441.5	2530289.0	393047.25	295696.25	833853.8125	7088448.0625	558684.375	518508.0	503115.0	486125.25	34203.75
Ae_bicornis	S_vavilovii	Ae_sharonensis	-160.78049514432266	1.0	0.5607253099056763	31905877.4375	2862859.75	2379624.5625	488524.0	503441.5	2530289.0	833853.8125	518508.0	393047.25	7088448.0625	503115.0	295696.25	558684.375	486125.25	34203.75
Ae_sharonensis	Ae_bicornis	S_vavilovii	-34.82434347780543	1.0	1.3821315978466344	31905877.4375	2379624.5625	2530289.0	393047.25	295696.25	2862859.75	488524.0	503441.5	833853.8125	7088448.0625	558684.375	518508.0	486125.25	503115.0	34203.75
Ae_bicornis	Ae_sharonensis	T_boeoticum	119.4863147743214	0.0	0.7746362602306097	53753189.5	80138773.3125	3910771.25	3406706.3125	6433316.375	4363675.0	2095307.0625	4074176.625	6602941.75	11817568.0625	12694639.375	394443.75	303373.125	565894.875	204152.625
Ae_bicornis	T_boeoticum	Ae_sharonensis	-291.220536825811	1.0	0.5851130164918246	53753189.5	3910771.25	80138773.3125	3406706.3125	6433316.375	4363675.0	6602941.75	394443.75	2095307.0625	11817568.0625	303373.125	4074176.625	12694639.375	565894.875	204152.625
Ae_sharonensis	Ae_bicornis	T_boeoticum	-84.72434437444991	1.0	1.6957629839118311	53753189.5	80138773.3125	4363675.0	2095307.0625	4074176.625	3910771.25	3406706.3125	6433316.375	6602941.75	11817568.0625	12694639.375	394443.75	565894.875	303373.125	204152.625
Ae_bicornis	Ae_sharonensis	T_urartu	85.17355503869595	0.0	0.6566606633078168	128910599.5625	8806481.3125	10491785.875	2192841.625	2487493.125	10322705.8125	1433914.3125	1025408.25	2885416.25	28923301.875	2175066.25	1963370.75	1872073.875	1924690.625	126890.5
Ae_bicornis	T_urartu	Ae_sharonensis	-77.7268678689723	1.0	0.6769823255786838	128910599.5625	10491785.875	8806481.3125	2192841.625	2487493.125	10322705.8125	2885416.25	1963370.75	1433914.3125	28923301.875	1872073.875	1025408.25	2175066.25	1924690.625	126890.5
Ae_sharonensis	Ae_bicornis	T_urartu	-40.64000289413443	1.0	-10.437778047799497	128910599.5625	8806481.3125	10322705.8125	1433914.3125	1025408.25	10491785.875	2192841.625	2487493.125	2885416.25	28923301.875	2175066.25	1963370.75	1924690.625	1872073.875	126890.5
Ae_bicornis	Ae_sharonensis	Ta_caputMedusae	49.32349946946569	0.0	0.7466367452263943	32218483.375	2205013.1875	2737766.25	525656.8125	574515.125	2479907.125	418082.8125	322691.25	735092.875	7312642.0625	475859.75	483727.625	523713.0	487719.125	33477.625
Ae_bicornis	Ta_caputMedusae	Ae_sharonensis	-96.0280320300976	1.0	0.602169998876903	32218483.375	2737766.25	2205013.1875	525656.8125	574515.125	2479907.125	735092.875	483727.625	418082.8125	7312642.0625	523713.0	322691.25	475859.75	487719.125	33477.625
Ae_sharonensis	Ae_bicornis	Ta_caputMedusae	-32.586093438613574	1.0	2.056075219368349	32218483.375	2205013.1875	2479907.125	418082.8125	322691.25	2737766.25	525656.8125	574515.125	735092.875	7312642.0625	475859.75	483727.625	487719.125	523713.0	33477.625
Ae_bicornis	Ae_speltoides	Ae_tauschii	-99999.9	1.0	2.278165803178806	247695247.0625	21175861.3125	22193780.875	4853759.5	5619849.25	20322294.8125	4357047.8125	3334710.0	3471723.25	55660377.75	3620958.125	2836088.0	4088725.25	3805729.375	275067.625
Ae_bicornis	Ae_tauschii	Ae_speltoides	49.013295543015474	0.0	0.39046478955585284	247695247.0625	22193780.875	21175861.3125	4853759.5	5619849.25	20322294.8125	3471723.25	2836088.0	4357047.8125	55660377.75	4088725.25	3334710.0	3620958.125	3805729.375	275067.625
Ae_speltoides	Ae_bicornis	Ae_tauschii	-27.498928382106694	1.0	0.7356155780210936	247695247.0625	21175861.3125	20322294.8125	4357047.8125	3334710.0	22193780.875	4853759.5	5619849.25	3471723.25	55660377.75	3620958.125	2836088.0	3805729.375	4088725.25	275067.625
Ae_bicornis	Ae_speltoides	Ae_umbellulata	-99999.9	1.0	-0.4908561790424494	184019821.0625	17516841.75	16713344.0	3748338.1875	4310314.25	15809970.5	3170597.6875	2231315.5	2980379.8125	40917190.625	3233642.25	2335803.625	3209390.125	2963880.375	215973.25
Ae_bicornis	Ae_umbellulata	Ae_speltoides	14.055746260070821	0.0	0.19852075753286513	184019821.0625	16713344.0	17516841.75	3748338.1875	4310314.25	15809970.5	2980379.8125	2335803.625	3170597.6875	40917190.625	3209390.125	2231315.5	3233642.25	2963880.375	215973.25
Ae_speltoides	Ae_bicornis	Ae_umbellulata	-42.69090837107945	1.0	0.5706762406262694	184019821.0625	17516841.75	15809970.5	3170597.6875	2231315.5	16713344.0	3748338.1875	4310314.25	2980379.8125	40917190.625	3233642.25	2335803.625	2963880.375	3209390.125	215973.25
Ae_bicornis	Ae_speltoides	Ae_uniaristata	-146.02029120261523	1.0	0.5514467960164962	254112972.0625	15617442.75	26110710.8125	3323928.375	3100174.75	17272824.1875	5667142.25	4868817.25	2786418.6875	56961100.75	2858006.25	2102762.0	5173779.125	3176101.875	248607.875
Ae_bicornis	Ae_uniaristata	Ae_speltoides	33.49558566990675	0.0	0.8427521915012675	254112972.0625	26110710.8125	15617442.75	3323928.375	3100174.75	17272824.1875	2786418.6875	2102762.0	5667142.25	56961100.75	5173779.125	4868817.25	2858006.25	3176101.875	248607.875
Ae_speltoides	Ae_bicornis	Ae_uniaristata	-99999.9	1.0	-0.29767316885064266	254112972.0625	15617442.75	17272824.1875	5667142.25	4868817.25	26110710.8125	3323928.375	3100174.75	2786418.6875	56961100.75	2858006.25	2102762.0	3176101.875	5173779.125	248607.875
Ae_bicornis	Ae_speltoides	Er_bonaepartis	32.69052089161019	0.0	0.7338503308700437	62357298.1875	5066664.0625	5959835.75	1091161.125	1184257.875	5391732.5625	945591.0625	769696.625	1346969.125	13301785.5	1143063.125	848805.375	1060692.75	935396.625	77232.25
Ae_bicornis	Er_bonaepartis	Ae_speltoides	-57.44654240456219	1.0	0.6107525484839387	62357298.1875	5959835.75	5066664.0625	1091161.125	1184257.875	5391732.5625	1346969.125	848805.375	945591.0625	13301785.5	1060692.75	769696.625	1143063.125	935396.625	77232.25
Ae_speltoides	Ae_bicornis	Er_bonaepartis	-20.834463936954744	1.0	2.3205078560182604	62357298.1875	5066664.0625	5391732.5625	945591.0625	769696.625	5959835.75	1091161.125	1184257.875	1346969.125	13301785.5	1143063.125	848805.375	935396.625	1060692.75	77232.25
Ae_bicornis	Ae_speltoides	S_vavilovii	46.63056615752763	0.0	0.4932715384937223	63063333.9375	4388306.1875	6054988.75	1166605.5	1133804.625	5706873.6875	916807.6875	620823.0	1159971.75	13851649.125	909523.0	894931.875	1128372.75	1114980.75	76205.375
Ae_bicornis	S_vavilovii	Ae_speltoides	-99999.9	1.0	1.0280460881731597	63063333.9375	6054988.75	4388306.1875	1166605.5	1133804.625	5706873.6875	1159971.75	894931.875	916807.6875	13851649.125	1128372.75	620823.0	909523.0	1114980.75	76205.375
Ae_speltoides	Ae_bicornis	S_vavilovii	-1.2721267899013522	0.8983358942260724	0.025869475408277793	63063333.9375	4388306.1875	5706873.6875	916807.6875	620823.0	6054988.75	1166605.5	1133804.625	1159971.75	13851649.125	909523.0	894931.875	1114980.75	1128372.75	76205.375
Ae_bicornis	Ae_speltoides	T_boeoticum	97.7717298431264	0.0	0.7579735698110809	105502379.75	157942494.25	8966445.9375	7376596.3125	13888253.0	9730415.8125	5130577.5625	9670352.625	12164614.5	22296451.625	23777708.625	889392.0	964134.125	1302920.25	562207.625
Ae_bicornis	T_boeoticum	Ae_speltoides	-208.427832898646	1.0	0.594992737144761	105502379.75	8966445.9375	157942494.25	7376596.3125	13888253.0	9730415.8125	12164614.5	889392.0	5130577.5625	22296451.625	964134.125	9670352.625	23777708.625	1302920.25	562207.625
Ae_speltoides	Ae_bicornis	T_boeoticum	-66.55251100779789	1.0	1.8835638265163859	105502379.75	157942494.25	9730415.8125	5130577.5625	9670352.625	8966445.9375	7376596.3125	13888253.0	12164614.5	22296451.625	23777708.625	889392.0	1302920.25	964134.125	562207.625
Ae_bicornis	Ae_speltoides	T_urartu	19.99027484505952	0.0	0.21452910416249057	253890835.5625	16815250.4375	23091268.25	4867431.25	5110421.25	22696350.5625	3603228.3125	2396200.375	3948509.5	56318952.5	3358820.5	3596688.125	4084589.875	4195765.875	279113.625
Ae_bicornis	T_urartu	Ae_speltoides	-99999.9	1.0	-0.6019120858455681	253890835.5625	23091268.25	16815250.4375	4867431.25	5110421.25	22696350.5625	3948509.5	3596688.125	3603228.3125	56318952.5	4084589.875	2396200.375	3358820.5	4195765.875	279113.625
Ae_speltoides	Ae_bicornis	T_urartu	-53.20156153483766	1.0	0.4209204152476976	253890835.5625	16815250.4375	22696350.5625	3603228.3125	2396200.375	23091268.25	4867431.25	5110421.25	3948509.5	56318952.5	3358820.5	3596688.125	4195765.875	4084589.875	279113.625
Ae_bicornis	Ae_speltoides	Ta_caputMedusae	-99999.9	1.0	-0.07876269137027052	63526039.8125	4135837.875	5956842.875	1183364.1875	1209908.75	5523752.5625	973873.125	690982.375	958577.75	14247260.1875	708194.875	841771.0	1151078.25	1042268.0	71298.375
Ae_bicornis	Ta_caputMedusae	Ae_speltoides	3.280200103320286	0.0005187270837452296	0.06370901169367005	63526039.8125	5956842.875	4135837.875	1183364.1875	1209908.75	5523752.5625	958577.75	841771.0	973873.125	14247260.1875	1151078.25	690982.375	708194.875	1042268.0	71298.375
Ae_speltoides	Ae_bicornis	Ta_caputMedusae	-44.926822968196326	1.0	0.5176101398299475	63526039.8125	4135837.875	5523752.5625	973873.125	690982.375	5956842.875	1183364.1875	1209908.75	958577.75	14247260.1875	708194.875	841771.0	1042268.0	1151078.25	71298.375
Ae_bicornis	Ae_tauschii	Ae_umbellulata	36.11548612106874	0.0	0.2642757487595979	186660613.5625	17453371.0625	15867882.375	3873391.375	4349733.875	15626419.0	2579145.875	1958502.0	3044045.1875	42213682.6875	3170664.75	2428433.375	2814763.5	2987161.625	198489.75
Ae_bicornis	Ae_umbellulata	Ae_tauschii	-99999.9	1.0	-1.2756298500295826	186660613.5625	15867882.375	17453371.0625	3873391.375	4349733.875	15626419.0	3044045.1875	2428433.375	2579145.875	42213682.6875	2814763.5	1958502.0	3170664.75	2987161.625	198489.75
Ae_tauschii	Ae_bicornis	Ae_umbellulata	-64.42737151653142	1.0	0.39053938305642383	186660613.5625	17453371.0625	15626419.0	2579145.875	1958502.0	15867882.375	3873391.375	4349733.875	3044045.1875	42213682.6875	3170664.75	2428433.375	2987161.625	2814763.5	198489.75
Ae_bicornis	Ae_tauschii	Ae_uniaristata	-83.47097235889045	1.0	0.5985368195224782	257877700.125	15404951.4375	24990521.0	3571802.0625	3193924.625	17007038.4375	4917481.0	4537811.5	2911223.8125	58733251.375	2852499.75	2241280.625	4742215.25	3334444.25	235316.75
Ae_bicornis	Ae_uniaristata	Ae_tauschii	40.97493637603601	0.0	0.7522988330246381	257877700.125	24990521.0	15404951.4375	3571802.0625	3193924.625	17007038.4375	2911223.8125	2241280.625	4917481.0	58733251.375	4742215.25	4537811.5	2852499.75	3334444.25	235316.75
Ae_tauschii	Ae_bicornis	Ae_uniaristata	-99999.9	1.0	-0.9642060824818542	257877700.125	15404951.4375	17007038.4375	4917481.0	4537811.5	24990521.0	3571802.0625	3193924.625	2911223.8125	58733251.375	2852499.75	2241280.625	3334444.25	4742215.25	235316.75
Ae_bicornis	Ae_tauschii	Er_bonaepartis	37.762133285841706	0.0	0.7918941912829228	63056584.6875	5220867.6875	5865575.9375	1047762.6875	1141174.75	5216661.0625	880695.8125	687542.25	1516426.6875	13510874.5625	1243756.625	891936.625	1035469.25	908033.5	72984.875
Ae_bicornis	Er_bonaepartis	Ae_tauschii	-105.93214504237129	1.0	0.575637291869903	63056584.6875	5865575.9375	5220867.6875	1047762.6875	1141174.75	5216661.0625	1516426.6875	891936.625	880695.8125	13510874.5625	1035469.25	687542.25	1243756.625	908033.5	72984.875
Ae_tauschii	Ae_bicornis	Er_bonaepartis	-27.8384346745401	1.0	1.5539405423708863	63056584.6875	5220867.6875	5216661.0625	880695.8125	687542.25	5865575.9375	1047762.6875	1141174.75	1516426.6875	13510874.5625	1243756.625	891936.625	908033.5	1035469.25	72984.875
Ae_bicornis	Ae_tauschii	S_vavilovii	44.61995731406632	0.0	0.7012884740033559	63529581.375	4670820.125	6126701.375	1088835.875	1038849.0	5440889.75	891591.875	620757.125	1354663.875	14051236.5	996847.625	1013418.875	1109320.375	1082232.5	74409.75
Ae_bicornis	S_vavilovii	Ae_tauschii	-60.134827994177904	1.0	0.6353025106324598	63529581.375	6126701.375	4670820.125	1088835.875	1038849.0	5440889.75	1354663.875	1013418.875	891591.875	14051236.5	1109320.375	620757.125	996847.625	1082232.5	74409.75
Ae_tauschii	Ae_bicornis	S_vavilovii	-25.614232803718696	1.0	3.8759477429138003	63529581.375	4670820.125	5440889.75	891591.875	620757.125	6126701.375	1088835.875	1038849.0	1354663.875	14051236.5	996847.625	1013418.875	1082232.5	1109320.375	74409.75
Ae_bicornis	Ae_tauschii	T_boeoticum	110.507349704414	0.0	0.7583000096143158	106906273.6875	160088127.625	8669247.625	7258883.0625	13596226.5	9349763.5625	4749166.0	9053455.375	12623053.25	22981779.5625	24531332.375	911874.625	839985.125	1296033.125	507818.5
Ae_bicornis	T_boeoticum	Ae_tauschii	-236.1940473853931	1.0	0.5947917424572664	106906273.6875	8669247.625	160088127.625	7258883.0625	13596226.5	9349763.5625	12623053.25	911874.625	4749166.0	22981779.5625	839985.125	9053455.375	24531332.375	1296033.125	507818.5
Ae_tauschii	Ae_bicornis	T_boeoticum	-75.28431789317972	1.0	1.8792286832525933	106906273.6875	160088127.625	9349763.5625	4749166.0	9053455.375	8669247.625	7258883.0625	13596226.5	12623053.25	22981779.5625	24531332.375	911874.625	1296033.125	839985.125	507818.5
Ae_bicornis	Ae_tauschii	T_urartu	67.23517327665363	0.0	0.4114834847126062	257111167.75	17075855.5625	22346889.25	4942067.5625	5124719.625	22216338.25	3165581.0625	2049572.125	4407678.5	57595246.3125	3637420.125	3744572.25	3929847.375	4289493.875	267704.375
Ae_bicornis	T_urartu	Ae_tauschii	-99999.9	1.0	1.7550978360260328	257111167.75	22346889.25	17075855.5625	4942067.5625	5124719.625	22216338.25	4407678.5	3744572.25	3165581.0625	57595246.3125	3929847.375	2049572.125	3637420.125	4289493.875	267704.375
Ae_tauschii	Ae_bicornis	T_urartu	-28.926668818070095	1.0	0.23124960563513686	257111167.75	17075855.5625	22216338.25	3165581.0625	2049572.125	22346889.25	4942067.5625	5124719.625	4407678.5	57595246.3125	3637420.125	3744572.25	4289493.875	3929847.375	267704.375
Ae_bicornis	Ae_tauschii	Ta_caputMedusae	44.624255124182326	0.0	0.4279726019189607	64223942.1875	4241254.1875	5830513.0625	1160029.1875	1196012.125	5382153.0625	883161.0625	600053.25	1090304.9375	14540081.4375	750842.75	879312.5	1091348.25	1046868.625	67951.375
Ae_bicornis	Ta_caputMedusae	Ae_tauschii	-99999.9	1.0	1.5073820424120645	64223942.1875	5830513.0625	4241254.1875	1160029.1875	1196012.125	5382153.0625	1090304.9375	879312.5	883161.0625	14540081.4375	1091348.25	600053.25	750842.75	1046868.625	67951.375
Ae_tauschii	Ae_bicornis	Ta_caputMedusae	-15.020442773614569	1.0	0.20117075570401682	64223942.1875	4241254.1875	5382153.0625	883161.0625	600053.25	5830513.0625	1160029.1875	1196012.125	1090304.9375	14540081.4375	750842.75	879312.5	1046868.625	1091348.25	67951.375
Ae_bicornis	Ae_umbellulata	Ae_uniaristata	-127.72854514031691	1.0	0.5602424142877028	191136836.625	12029751.75	21000003.75	2571144.0	2184281.125	13101012.125	4119973.625	3756578.375	2146795.5	43167376.375	2218870.0	1589523.25	4023581.125	2454825.125	182366.25
Ae_bicornis	Ae_uniaristata	Ae_umbellulata	34.995079938166704	0.0	0.8230057194880995	191136836.625	21000003.75	12029751.75	2571144.0	2184281.125	13101012.125	2146795.5	1589523.25	4119973.625	43167376.375	4023581.125	3756578.375	2218870.0	2454825.125	182366.25
Ae_umbellulata	Ae_bicornis	Ae_uniaristata	-99999.9	1.0	-0.3773727193508918	191136836.625	12029751.75	13101012.125	4119973.625	3756578.375	21000003.75	2571144.0	2184281.125	2146795.5	43167376.375	2218870.0	1589523.25	2454825.125	4023581.125	182366.25
Ae_bicornis	Ae_umbellulata	Er_bonaepartis	29.20897389119593	0.0	0.7810462014707141	46930133.125	3903448.4375	4780707.375	809691.3125	864809.75	4065604.3125	711269.5	552629.125	1062357.1875	10024716.25	885759.25	591993.0	832962.75	718425.75	56293.875
Ae_bicornis	Er_bonaepartis	Ae_umbellulata	-74.98450555430658	1.0	0.5815082664626099	46930133.125	4780707.375	3903448.4375	809691.3125	864809.75	4065604.3125	1062357.1875	591993.0	711269.5	10024716.25	832962.75	552629.125	885759.25	718425.75	56293.875
Ae_umbellulata	Ae_bicornis	Er_bonaepartis	-21.02070567789756	1.0	1.638091417619398	46930133.125	3903448.4375	4065604.3125	711269.5	552629.125	4780707.375	809691.3125	864809.75	1062357.1875	10024716.25	885759.25	591993.0	718425.75	832962.75	56293.875
Ae_bicornis	Ae_umbellulata	S_vavilovii	35.10713098877203	0.0	0.6614890818280481	47315068.5625	3471023.25	4952445.25	852154.1875	816013.75	4253937.875	733004.4375	486657.625	965836.6875	10369377.625	760763.375	670408.375	931225.625	841112.0	57059.375
Ae_bicornis	S_vavilovii	Ae_umbellulata	-33.496221508069254	1.0	0.6719259425464573	47315068.5625	4952445.25	3471023.25	852154.1875	816013.75	4253937.875	965836.6875	670408.375	733004.4375	10369377.625	931225.625	486657.625	760763.375	841112.0	57059.375
Ae_umbellulata	Ae_bicornis	S_vavilovii	-17.141381482294978	1.0	-20.79336046458456	47315068.5625	3471023.25	4253937.875	733004.4375	486657.625	4952445.25	852154.1875	816013.75	965836.6875	10369377.625	760763.375	670408.375	841112.0	931225.625	57059.375
Ae_bicornis	Ae_umbellulata	T_boeoticum	118.43791930190856	0.0	0.7195118788381573	79777374.375	118706307.75	6859171.625	5918825.5	11139914.25	7320150.25	3818025.5	7308811.875	9207025.75	16989866.25	17937533.625	668816.75	654237.0	997014.625	409727.875
Ae_bicornis	T_boeoticum	Ae_umbellulata	-185.38061493622214	1.0	0.6210528672237089	79777374.375	6859171.625	118706307.75	5918825.5	11139914.25	7320150.25	9207025.75	668816.75	3818025.5	16989866.25	654237.0	7308811.875	17937533.625	997014.625	409727.875
Ae_umbellulata	Ae_bicornis	T_boeoticum	-72.26713263893717	1.0	2.769243353283781	79777374.375	118706307.75	7320150.25	3818025.5	7308811.875	6859171.625	5918825.5	11139914.25	9207025.75	16989866.25	17937533.625	668816.75	997014.625	654237.0	409727.875
Ae_bicornis	Ae_umbellulata	T_urartu	35.245620320145996	0.0	0.2809484869678155	191207900.375	12820576.875	18490645.1875	3811785.0625	3781779.5	17411938.375	2643060.125	1619981.5	3099705.4375	42528903.3125	2792765.75	2437708.375	3396870.0	3411862.875	202056.25
Ae_bicornis	T_urartu	Ae_umbellulata	-99999.9	1.0	-1.78772110931651	191207900.375	18490645.1875	12820576.875	3811785.0625	3781779.5	17411938.375	3099705.4375	2437708.375	2643060.125	42528903.3125	3396870.0	1619981.5	2792765.75	3411862.875	202056.25
Ae_umbellulata	Ae_bicornis	T_urartu	-54.96101112493509	1.0	0.3786037311891091	191207900.375	12820576.875	17411938.375	2643060.125	1619981.5	18490645.1875	3811785.0625	3781779.5	3099705.4375	42528903.3125	2792765.75	2437708.375	3411862.875	3396870.0	202056.25
Ae_bicornis	Ae_umbellulata	Ta_caputMedusae	11.833271999993489	0.0	0.19938993868792346	47765272.0	3198339.375	4802004.75	890130.75	890740.875	4197271.3125	731484.8125	480280.25	770995.1875	10733621.3125	573447.625	573631.25	916234.875	824470.125	51616.5
Ae_bicornis	Ta_caputMedusae	Ae_umbellulata	-99999.9	1.0	-0.4962044830349693	47765272.0	4802004.75	3198339.375	890130.75	890740.875	4197271.3125	770995.1875	573631.25	731484.8125	10733621.3125	916234.875	480280.25	573447.625	824470.125	51616.5
Ae_umbellulata	Ae_bicornis	Ta_caputMedusae	-35.6808437261029	1.0	0.42888227797747513	47765272.0	3198339.375	4197271.3125	731484.8125	480280.25	4802004.75	890130.75	890740.875	770995.1875	10733621.3125	573447.625	573631.25	824470.125	916234.875	51616.5
Ae_bicornis	Ae_uniaristata	Er_bonaepartis	39.54362229479619	0.0	0.8792924200252745	65140584.0	5782705.625	4053056.6875	779230.5625	714762.125	4456778.625	624433.125	505225.875	1752052.5625	14028709.3125	1324576.25	1257589.125	678506.625	774793.25	64901.25
Ae_bicornis	Er_bonaepartis	Ae_uniaristata	-248.51125670648273	1.0	0.5368487868160333	65140584.0	4053056.6875	5782705.625	779230.5625	714762.125	4456778.625	1752052.5625	1257589.125	624433.125	14028709.3125	678506.625	505225.875	1324576.25	774793.25	64901.25
Ae_uniaristata	Ae_bicornis	Er_bonaepartis	-34.115149534275574	1.0	1.1892332389469051	65140584.0	5782705.625	4456778.625	624433.125	505225.875	4053056.6875	779230.5625	714762.125	1752052.5625	14028709.3125	1324576.25	1257589.125	774793.25	678506.625	64901.25
Ae_bicornis	Ae_uniaristata	S_vavilovii	56.853443168462704	0.0	0.8096337435837386	65798848.8125	5117018.6875	4173092.8125	859926.8125	686179.875	4709197.0	633746.75	408377.0	1595697.75	14573517.25	1117503.25	1358827.375	775750.625	950595.875	67413.125
Ae_bicornis	S_vavilovii	Ae_uniaristata	-184.94605898414582	1.0	0.566612811410408	65798848.8125	4173092.8125	5117018.6875	859926.8125	686179.875	4709197.0	1595697.75	1358827.375	633746.75	14573517.25	775750.625	408377.0	1117503.25	950595.875	67413.125
Ae_uniaristata	Ae_bicornis	S_vavilovii	-43.48569852327486	1.0	1.4438463748001766	65798848.8125	5117018.6875	4709197.0	633746.75	408377.0	4173092.8125	859926.8125	686179.875	1595697.75	14573517.25	1117503.25	1358827.375	950595.875	775750.625	67413.125
Ae_bicornis	Ae_uniaristata	T_boeoticum	43.635725472251636	0.0	0.9228140935241506	109535529.0625	168817170.5625	6087986.0	4502268.125	8181345.75	7736450.9375	3664720.1875	6918485.5	13678219.75	23888325.75	26365081.625	1108468.75	707103.75	1102711.375	415145.875
Ae_bicornis	T_boeoticum	Ae_uniaristata	-478.06135998652786	1.0	0.5218231342135928	109535529.0625	6087986.0	168817170.5625	4502268.125	8181345.75	7736450.9375	13678219.75	1108468.75	3664720.1875	23888325.75	707103.75	6918485.5	26365081.625	1102711.375	415145.875
Ae_uniaristata	Ae_bicornis	T_boeoticum	-39.98595132061867	1.0	1.100444637713518	109535529.0625	168817170.5625	7736450.9375	3664720.1875	6918485.5	6087986.0	4502268.125	8181345.75	13678219.75	23888325.75	26365081.625	1108468.75	1102711.375	707103.75	415145.875
Ae_bicornis	Ae_uniaristata	T_urartu	43.050349903836015	0.0	0.8236868643714986	263606227.6875	21058004.5625	16980881.625	3376214.25	2598842.125	18618121.5625	2689073.5625	1854941.375	5899207.375	58991848.5	4607481.375	5791891.75	3060053.125	3576864.75	253809.375
Ae_bicornis	T_urartu	Ae_uniaristata	-158.06913898723633	1.0	0.5599272172926661	263606227.6875	16980881.625	21058004.5625	3376214.25	2598842.125	18618121.5625	5899207.375	5791891.75	2689073.5625	58991848.5	3060053.125	1854941.375	4607481.375	3576864.75	253809.375
Ae_uniaristata	Ae_bicornis	T_urartu	-33.83526768051905	1.0	1.3742897160273537	263606227.6875	21058004.5625	18618121.5625	2689073.5625	1854941.375	16980881.625	3376214.25	2598842.125	5899207.375	58991848.5	4607481.375	5791891.75	3576864.75	3060053.125	253809.375
Ae_bicornis	Ae_uniaristata	Ta_caputMedusae	23.9377436246003	0.0	0.8796519712255212	66083448.5625	5071082.25	4270602.875	812847.6875	654558.625	4548939.1875	715690.25	472034.75	1425836.75	14928329.0625	992319.125	1302306.375	856438.75	869175.75	61972.0
Ae_bicornis	Ta_caputMedusae	Ae_uniaristata	-151.02883938050647	1.0	0.5367148462537072	66083448.5625	4270602.875	5071082.25	812847.6875	654558.625	4548939.1875	1425836.75	1302306.375	715690.25	14928329.0625	856438.75	472034.75	992319.125	869175.75	61972.0
Ae_uniaristata	Ae_bicornis	Ta_caputMedusae	-20.662743564615315	1.0	1.1883510680447327	66083448.5625	5071082.25	4548939.1875	715690.25	472034.75	4270602.875	812847.6875	654558.625	1425836.75	14928329.0625	992319.125	1302306.375	869175.75	856438.75	61972.0
Ae_bicornis	Er_bonaepartis	S_vavilovii	-99999.9	1.0	1.8899224461537483	16169618.9375	1156268.0	1337273.5625	289555.875	243638.375	1523832.375	272042.3125	148261.125	234848.875	3442531.9375	237225.0	196516.25	306226.0	279693.875	19146.5
Ae_bicornis	S_vavilovii	Er_bonaepartis	32.74893903795049	0.0	0.40471447701214697	16169618.9375	1337273.5625	1156268.0	289555.875	243638.375	1523832.375	234848.875	196516.25	272042.3125	3442531.9375	306226.0	148261.125	237225.0	279693.875	19146.5
Er_bonaepartis	Ae_bicornis	S_vavilovii	-15.42074702425224	1.0	0.7574989463700175	16169618.9375	1156268.0	1523832.375	272042.3125	148261.125	1337273.5625	289555.875	243638.375	234848.875	3442531.9375	237225.0	196516.25	279693.875	306226.0	19146.5
Ae_bicornis	Er_bonaepartis	T_boeoticum	12.20193761712647	0.0	0.954639488861171	26778642.8125	41061541.5	2149047.0625	1575377.375	2952076.0	2538538.0625	1502832.25	2731705.625	3029588.4375	5446858.875	5899894.625	287785.625	288064.25	328435.125	157045.375
Ae_bicornis	T_boeoticum	Er_bonaepartis	-244.59524560416912	1.0	0.5121680513262935	26778642.8125	2149047.0625	41061541.5	1575377.375	2952076.0	2538538.0625	3029588.4375	287785.625	1502832.25	5446858.875	288064.25	2731705.625	5899894.625	328435.125	157045.375
Er_bonaepartis	Ae_bicornis	T_boeoticum	-11.622152123591901	1.0	1.0525055464067268	26778642.8125	41061541.5	2538538.0625	1502832.25	2731705.625	2149047.0625	1575377.375	2952076.0	3029588.4375	5446858.875	5899894.625	287785.625	328435.125	288064.25	157045.375
Ae_bicornis	Er_bonaepartis	T_urartu	-21.726404027003994	1.0	0.7663105181988341	64876683.4375	4579754.6875	5291437.6875	1130427.6875	1079880.25	5940831.75	1231657.75	581877.625	899705.875	13854574.5	888193.0	813776.0	1173836.125	1088008.375	73142.25
Ae_bicornis	T_urartu	Er_bonaepartis	49.51844533552129	0.0	0.5899545018266027	64876683.4375	5291437.6875	4579754.6875	1130427.6875	1079880.25	5940831.75	899705.875	813776.0	1231657.75	13854574.5	1173836.125	581877.625	888193.0	1088008.375	73142.25
Er_bonaepartis	Ae_bicornis	T_urartu	-99999.9	1.0	1.781749126874878	64876683.4375	4579754.6875	5940831.75	1231657.75	581877.625	5291437.6875	1130427.6875	1079880.25	899705.875	13854574.5	888193.0	813776.0	1088008.375	1173836.125	73142.25
Ae_bicornis	Er_bonaepartis	Ta_caputMedusae	-99999.9	1.0	1.1344286660636285	16360654.8125	1020478.625	1253814.3125	309301.375	312001.625	1493313.8125	296808.625	138923.875	191383.6875	3536292.375	191156.25	161588.125	322315.375	274701.125	18507.0
Ae_bicornis	Ta_caputMedusae	Er_bonaepartis	82.35878979739499	0.0	0.47203232029712194	16360654.8125	1253814.3125	1020478.625	309301.375	312001.625	1493313.8125	191383.6875	161588.125	296808.625	3536292.375	322315.375	138923.875	191156.25	274701.125	18507.0
Er_bonaepartis	Ae_bicornis	Ta_caputMedusae	-9.7594344909278	1.0	0.904204370144836	16360654.8125	1020478.625	1493313.8125	296808.625	138923.875	1253814.3125	309301.375	312001.625	191383.6875	3536292.375	191156.25	161588.125	274701.125	322315.375	18507.0
Ae_bicornis	S_vavilovii	T_boeoticum	-8.130825646529539	0.9999999999999998	1.03119435499614	27027622.625	41582142.875	1911722.875	1470604.0	2717135.125	2647112.9375	1520090.8125	2832166.0	3155980.4375	5675097.4375	6191277.375	244249.375	255985.5	348426.75	157491.875
Ae_bicornis	T_boeoticum	S_vavilovii	-276.91219680155285	1.0	0.49255000780293556	27027622.625	1911722.875	41582142.875	1470604.0	2717135.125	2647112.9375	3155980.4375	244249.375	1520090.8125	5675097.4375	255985.5	2832166.0	6191277.375	348426.75	157491.875
S_vavilovii	Ae_bicornis	T_boeoticum	8.37678884483517	0.0	0.9714750932097962	27027622.625	41582142.875	2647112.9375	1520090.8125	2832166.0	1911722.875	1470604.0	2717135.125	3155980.4375	5675097.4375	6191277.375	244249.375	348426.75	255985.5	157491.875
Ae_bicornis	S_vavilovii	T_urartu	-99999.9	1.0	2.517482124825959	65434377.5625	4780182.8125	4729830.375	1206453.75	1010618.25	6230762.625	1106797.0	668780.75	941467.8125	14320012.4375	1057534.875	707314.125	1032678.625	1287011.625	75644.375
Ae_bicornis	T_urartu	S_vavilovii	36.501623562905394	0.0	0.3842049184304177	65434377.5625	4729830.375	4780182.8125	1206453.75	1010618.25	6230762.625	941467.8125	707314.125	1106797.0	14320012.4375	1032678.625	668780.75	1057534.875	1287011.625	75644.375
S_vavilovii	Ae_bicornis	T_urartu	-22.002365275052114	1.0	0.7267002646254904	65434377.5625	4780182.8125	6230762.625	1106797.0	668780.75	4729830.375	1206453.75	1010618.25	941467.8125	14320012.4375	1057534.875	707314.125	1287011.625	1032678.625	75644.375
Ae_bicornis	S_vavilovii	Ta_caputMedusae	-7.024486505642767	0.9999999999989186	0.8814938224509339	16349925.5	1197411.1875	1250690.75	277176.9375	223343.375	1526713.5	285739.3125	185853.0	222049.125	3613743.4375	244268.75	159311.375	299691.5	295816.375	18341.875
Ae_bicornis	Ta_caputMedusae	S_vavilovii	45.226304032684396	0.0	0.5360314725041662	16349925.5	1250690.75	1197411.1875	277176.9375	223343.375	1526713.5	222049.125	159311.375	285739.3125	3613743.4375	299691.5	185853.0	244268.75	295816.375	18341.875
S_vavilovii	Ae_bicornis	Ta_caputMedusae	-99999.9	1.0	1.183878332507882	16349925.5	1197411.1875	1526713.5	285739.3125	185853.0	1250690.75	277176.9375	223343.375	222049.125	3613743.4375	244268.75	159311.375	295816.375	299691.5	18341.875
Ae_bicornis	T_boeoticum	T_urartu	-271.07756980680705	1.0	0.5246703625727807	109119843.6875	7173586.625	165552369.75	6370852.8125	11259360.875	10628101.125	12649581.8125	893184.5	5719100.8125	23186966.0	892854.625	11051492.875	24912593.0	1429120.625	552846.875
Ae_bicornis	T_urartu	T_boeoticum	28.138712194255582	0.0	0.9140422089376573	109119843.6875	165552369.75	7173586.625	6370852.8125	11259360.875	10628101.125	5719100.8125	11051492.875	12649581.8125	23186966.0	24912593.0	893184.5	892854.625	1429120.625	552846.875
T_boeoticum	Ae_bicornis	T_urartu	-99999.9	1.0	-0.11582631313403272	109119843.6875	7173586.625	10628101.125	12649581.8125	893184.5	165552369.75	6370852.8125	11259360.875	5719100.8125	23186966.0	892854.625	11051492.875	1429120.625	24912593.0	552846.875
Ae_bicornis	T_boeoticum	Ta_caputMedusae	-312.9260435138176	1.0	0.5076413524055366	27242921.4375	1828012.3125	41769911.4375	1472319.8125	2719052.0	2545747.6875	3288565.6875	253902.875	1415943.9375	5886386.3125	210436.5	2683916.5	6427414.625	337737.75	144861.125
Ae_bicornis	Ta_caputMedusae	T_boeoticum	9.71315599732856	0.0	0.9707745233745427	27242921.4375	41769911.4375	1828012.3125	1472319.8125	2719052.0	2545747.6875	1415943.9375	2683916.5	3288565.6875	5886386.3125	6427414.625	253902.875	210436.5	337737.75	144861.125
T_boeoticum	Ae_bicornis	Ta_caputMedusae	-99999.9	1.0	-0.03203411331518806	27242921.4375	1828012.3125	2545747.6875	3288565.6875	253902.875	41769911.4375	1472319.8125	2719052.0	1415943.9375	5886386.3125	210436.5	2683916.5	337737.75	6427414.625	144861.125
Ae_bicornis	T_urartu	Ta_caputMedusae	-99999.9	1.0	-0.43528986857771673	66052254.0625	4360523.125	4574178.0625	1218219.0	1086551.0	6151623.25	915947.3125	659964.5	824275.375	14810581.4375	758961.25	512166.0	1007442.625	1218105.5	65400.5
Ae_bicornis	Ta_caputMedusae	T_urartu	21.847450909737194	0.0	0.1887747110658135	66052254.0625	4574178.0625	4360523.125	1218219.0	1086551.0	6151623.25	824275.375	512166.0	915947.3125	14810581.4375	1007442.625	659964.5	758961.25	1218105.5	65400.5
T_urartu	Ae_bicornis	Ta_caputMedusae	-72.03803076660913	1.0	0.5658359101373542	66052254.0625	4360523.125	6151623.25	915947.3125	659964.5	4574178.0625	1218219.0	1086551.0	824275.375	14810581.4375	758961.25	512166.0	1218105.5	1007442.625	65400.5
Ae_caudata	Ae_comosa	Ae_longissima	59.42685182668335	0.0	0.46659399230440307	91473199.5625	8632845.5625	6248964.1875	1740988.4375	2183881.75	5523878.625	1239291.25	1182512.0	1678148.125	20569867.125	1547697.125	1575013.25	1081741.625	1141468.25	104314.125
Ae_caudata	Ae_longissima	Ae_comosa	-99999.9	1.0	1.1671211291390922	91473199.5625	6248964.1875	8632845.5625	1740988.4375	2183881.75	5523878.625	1678148.125	1575013.25	1239291.25	20569867.125	1081741.625	1182512.0	1547697.125	1141468.25	104314.125
Ae_comosa	Ae_caudata	Ae_longissima	-8.509384613559913	1.0	0.11131291101122599	91473199.5625	8632845.5625	5523878.625	1239291.25	1182512.0	6248964.1875	1740988.4375	2183881.75	1678148.125	20569867.125	1547697.125	1575013.25	1141468.25	1081741.625	104314.125
Ae_caudata	Ae_comosa	Ae_mutica	13.742781950451889	0.0	0.8861189822249343	126487990.875	7298218.5625	10628324.0625	1765049.875	1684614.125	8391092.75	1647307.1875	1197382.625	2563474.1875	28334976.5	1546503.125	2890593.125	1869484.625	1656503.5	129480.875
Ae_caudata	Ae_mutica	Ae_comosa	-93.19110565254381	1.0	0.5343354963487836	126487990.875	10628324.0625	7298218.5625	1765049.875	1684614.125	8391092.75	2563474.1875	2890593.125	1647307.1875	28334976.5	1869484.625	1197382.625	1546503.125	1656503.5	129480.875
Ae_comosa	Ae_caudata	Ae_mutica	-11.976606045215508	1.0	1.1729776200437319	126487990.875	7298218.5625	8391092.75	1647307.1875	1197382.625	10628324.0625	1765049.875	1684614.125	2563474.1875	28334976.5	1546503.125	2890593.125	1656503.5	1869484.625	129480.875
Ae_caudata	Ae_comosa	Ae_searsii	12.911922314588436	0.0	0.8415635728226517	80886375.5	17314772.4375	5538357.8125	1597219.5	2348522.5	3872277.25	1507857.5625	1894640.75	1982519.5625	17820877.625	3017234.875	775920.125	961420.25	735307.375	108206.875
Ae_caudata	Ae_searsii	Ae_comosa	-55.67207486751351	1.0	0.5519569068199447	80886375.5	5538357.8125	17314772.4375	1597219.5	2348522.5	3872277.25	1982519.5625	775920.125	1507857.5625	17820877.625	961420.25	1894640.75	3017234.875	735307.375	108206.875
Ae_comosa	Ae_caudata	Ae_searsii	-10.481067527642972	1.0	1.30196155868731	80886375.5	17314772.4375	3872277.25	1507857.5625	1894640.75	5538357.8125	1597219.5	2348522.5	1982519.5625	17820877.625	3017234.875	775920.125	735307.375	961420.25	108206.875
Ae_caudata	Ae_comosa	Ae_sharonensis	23.205266519386225	0.0	0.6841716803334529	62937801.9375	4108374.1875	4860929.625	969920.875	1041129.875	3825516.875	872999.5	742294.0	1082958.0625	14159096.5625	808921.25	1187690.25	846628.375	783068.25	64923.375
Ae_caudata	Ae_sharonensis	Ae_comosa	-27.063772697605003	1.0	0.6500350623808517	62937801.9375	4860929.625	4108374.1875	969920.875	1041129.875	3825516.875	1082958.0625	1187690.25	872999.5	14159096.5625	846628.375	742294.0	808921.25	783068.25	64923.375
Ae_comosa	Ae_caudata	Ae_sharonensis	-12.493217858354	1.0	7.014054519435491	62937801.9375	4108374.1875	3825516.875	872999.5	742294.0	4860929.625	969920.875	1041129.875	1082958.0625	14159096.5625	808921.25	1187690.25	783068.25	846628.375	64923.375
Ae_caudata	Ae_comosa	Ae_speltoides	29.928948134671852	0.0	0.7958877237231559	123991296.6875	8989325.5	9819786.625	1885611.3125	2077199.375	7871894.4375	1633323.5	1372057.375	2617060.375	27420333.6875	1906206.0	2580025.125	1715926.0	1527539.625	136357.375
Ae_caudata	Ae_speltoides	Ae_comosa	-86.77193257092769	1.0	0.5735453244409543	123991296.6875	9819786.625	8989325.5	1885611.3125	2077199.375	7871894.4375	2617060.375	2580025.125	1633323.5	27420333.6875	1715926.0	1372057.375	1906206.0	1527539.625	136357.375
Ae_comosa	Ae_caudata	Ae_speltoides	-22.253411060469652	1.0	1.5265196476134077	123991296.6875	8989325.5	7871894.4375	1633323.5	1372057.375	9819786.625	1885611.3125	2077199.375	2617060.375	27420333.6875	1906206.0	2580025.125	1527539.625	1715926.0	136357.375
Ae_caudata	Ae_comosa	Ae_tauschii	30.589820749353716	0.0	0.6693995455084504	125635599.0625	8464345.125	9758079.5	1974895.1875	2150394.125	7778418.875	1717029.3125	1469229.125	2239155.9375	28391700.125	1598185.0	2544707.125	1678759.75	1550971.5	129511.25
Ae_caudata	Ae_tauschii	Ae_comosa	-31.348424732779247	1.0	0.6639560115013291	125635599.0625	9758079.5	8464345.125	1974895.1875	2150394.125	7778418.875	2239155.9375	2544707.125	1717029.3125	28391700.125	1678759.75	1469229.125	1598185.0	1550971.5	129511.25
Ae_comosa	Ae_caudata	Ae_tauschii	-15.482238573046851	1.0	41.32383353857582	125635599.0625	8464345.125	7778418.875	1717029.3125	1469229.125	9758079.5	1974895.1875	2150394.125	2239155.9375	28391700.125	1598185.0	2544707.125	1550971.5	1678759.75	129511.25
Ae_caudata	Ae_comosa	Ae_umbellulata	38.366099341313394	0.0	0.678871568296206	93525422.875	7052354.4375	7301536.1875	1519844.875	1702818.375	6030319.875	1274331.8125	991693.25	1793351.0625	21065657.875	1327480.5	2060552.0	1261767.75	1191604.75	100783.375
Ae_caudata	Ae_umbellulata	Ae_comosa	-42.740559110124266	1.0	0.6548928595115284	93525422.875	7301536.1875	7052354.4375	1519844.875	1702818.375	6030319.875	1793351.0625	2060552.0	1274331.8125	21065657.875	1261767.75	991693.25	1327480.5	1191604.75	100783.375
Ae_comosa	Ae_caudata	Ae_umbellulata	-20.217680866536035	1.0	9.770477126080074	93525422.875	7052354.4375	6030319.875	1274331.8125	991693.25	7301536.1875	1519844.875	1702818.375	1793351.0625	21065657.875	1327480.5	2060552.0	1191604.75	1261767.75	100783.375
Ae_caudata	Ae_comosa	Ae_uniaristata	19.249238421624433	0.0	0.7478081075150742	127289821.9375	7305591.625	10875388.8125	1846957.0	1484887.125	8138147.625	1688203.9375	1333730.375	2158944.0	28884616.6875	1379249.5	2733578.125	1888701.125	1623624.5	120217.625
Ae_caudata	Ae_uniaristata	Ae_comosa	-37.829268001978456	1.0	0.6014102297632005	127289821.9375	10875388.8125	7305591.625	1846957.0	1484887.125	8138147.625	2158944.0	2733578.125	1688203.9375	28884616.6875	1888701.125	1333730.375	1379249.5	1623624.5	120217.625
Ae_comosa	Ae_caudata	Ae_uniaristata	-12.757597293829946	1.0	2.036017641327007	127289821.9375	7305591.625	8138147.625	1688203.9375	1333730.375	10875388.8125	1846957.0	1484887.125	2158944.0	28884616.6875	1379249.5	2733578.125	1623624.5	1888701.125	120217.625
Ae_caudata	Ae_comosa	Er_bonaepartis	41.62829512551884	0.0	0.8724013091093359	31226580.5	2390575.375	2654970.75	452813.625	472111.25	2191054.4375	365122.4375	313300.75	964673.3125	6601716.3125	601843.0	866492.75	399610.25	415895.125	39442.125
Ae_caudata	Er_bonaepartis	Ae_comosa	-242.98731425099982	1.0	0.53945040224503	31226580.5	2654970.75	2390575.375	452813.625	472111.25	2191054.4375	964673.3125	866492.75	365122.4375	6601716.3125	399610.25	313300.75	601843.0	415895.125	39442.125
Ae_comosa	Ae_caudata	Er_bonaepartis	-35.53967982134267	1.0	1.2067366801165103	31226580.5	2390575.375	2191054.4375	365122.4375	313300.75	2654970.75	452813.625	472111.25	964673.3125	6601716.3125	601843.0	866492.75	415895.125	399610.25	39442.125
Ae_caudata	Ae_comosa	S_vavilovii	5.012757518339617	2.687071467555313e-07	0.9739860600565686	31627242.0625	1966305.4375	2814246.625	431218.875	404696.75	2199639.25	420034.375	305131.375	838792.4375	6937884.5625	453570.25	858592.875	507049.625	433123.25	39166.25
Ae_caudata	S_vavilovii	Ae_comosa	-182.66953727912275	1.0	0.5067675613891699	31627242.0625	2814246.625	1966305.4375	431218.875	404696.75	2199639.25	838792.4375	858592.875	420034.375	6937884.5625	507049.625	305131.375	453570.25	433123.25	39166.25
Ae_comosa	Ae_caudata	S_vavilovii	-4.878873083663522	0.9999994657837714	1.0282159652172542	31627242.0625	1966305.4375	2199639.25	420034.375	305131.375	2814246.625	431218.875	404696.75	838792.4375	6937884.5625	453570.25	858592.875	433123.25	507049.625	39166.25
Ae_caudata	Ae_comosa	T_boeoticum	81.21950477318136	0.0	0.8263850825881804	54379155.8125	76011084.0625	3687345.25	2879441.375	5487992.75	2939200.5	2042915.125	3882142.25	6024674.4375	11655106.5625	11658797.625	428087.0	352399.75	425683.75	218673.75
Ae_caudata	T_boeoticum	Ae_comosa	-305.37508145439153	1.0	0.5586871857008265	54379155.8125	3687345.25	76011084.0625	2879441.375	5487992.75	2939200.5	6024674.4375	428087.0	2042915.125	11655106.5625	352399.75	3882142.25	11658797.625	425683.75	218673.75
Ae_comosa	Ae_caudata	T_boeoticum	-64.15613091693788	1.0	1.3623354188894004	54379155.8125	76011084.0625	2939200.5	2042915.125	3882142.25	3687345.25	2879441.375	5487992.75	6024674.4375	11655106.5625	11658797.625	428087.0	425683.75	352399.75	218673.75
Ae_caudata	Ae_comosa	T_urartu	29.994440909737282	0.0	0.8302036241859408	127954009.9375	7083819.9375	10613381.3125	1856314.9375	1860103.375	8645937.5	1602263.0	1185168.375	2844426.375	28266015.375	1721286.625	3237282.125	1807418.625	1670475.5	142283.0
Ae_caudata	T_urartu	Ae_comosa	-116.66059474287356	1.0	0.5569552989784303	127954009.9375	10613381.3125	7083819.9375	1856314.9375	1860103.375	8645937.5	2844426.375	3237282.125	1602263.0	28266015.375	1807418.625	1185168.375	1721286.625	1670475.5	142283.0
Ae_comosa	Ae_caudata	T_urartu	-23.859864749537735	1.0	1.3460917507368273	127954009.9375	7083819.9375	8645937.5	1602263.0	1185168.375	10613381.3125	1856314.9375	1860103.375	2844426.375	28266015.375	1721286.625	3237282.125	1670475.5	1807418.625	142283.0
Ae_caudata	Ae_comosa	Ta_caputMedusae	39.77495689840439	0.0	0.8177505597062128	31714485.5625	1954874.25	2706105.375	478449.1875	476276.375	2224563.125	393809.3125	284600.25	773587.1875	7057045.625	400806.875	857682.25	468950.125	445275.75	36690.75
Ae_caudata	Ta_caputMedusae	Ae_comosa	-138.6946900510107	1.0	0.5627040184823033	31714485.5625	2706105.375	1954874.25	478449.1875	476276.375	2224563.125	773587.1875	857682.25	393809.3125	7057045.625	468950.125	284600.25	400806.875	445275.75	36690.75
Ae_comosa	Ae_caudata	Ta_caputMedusae	-30.910440027822258	1.0	1.4020932490491305	31714485.5625	1954874.25	2224563.125	393809.3125	284600.25	2706105.375	478449.1875	476276.375	773587.1875	7057045.625	400806.875	857682.25	445275.75	468950.125	36690.75
Ae_caudata	Ae_longissima	Ae_mutica	13.141931420442697	0.0	0.7259361322484611	185514324.6875	10127737.0625	19818705.3125	3130795.9375	3176901.75	13759343.5625	2958692.1875	2108246.75	3414557.9375	41445373.1875	2094522.625	3799154.25	3500685.625	2811413.125	207626.0
Ae_caudata	Ae_mutica	Ae_longissima	-21.668213177967726	1.0	0.616344843740652	185514324.6875	19818705.3125	10127737.0625	3130795.9375	3176901.75	13759343.5625	3414557.9375	3799154.25	2958692.1875	41445373.1875	3500685.625	2108246.75	2094522.625	2811413.125	207626.0
Ae_longissima	Ae_caudata	Ae_mutica	-8.180436331809664	0.9999999999999998	2.5413437878526666	185514324.6875	10127737.0625	13759343.5625	2958692.1875	2108246.75	19818705.3125	3130795.9375	3176901.75	3414557.9375	41445373.1875	2094522.625	3799154.25	2811413.125	3500685.625	207626.0
Ae_caudata	Ae_longissima	Ae_searsii	0.6219551532900465	0.2669856235192549	0.018085345427096562	118704812.875	24667009.75	10616128.6875	3083091.5625	4409961.375	6282918.8125	2680244.8125	3594739.75	2687664.625	26191728.375	4122993.625	1223284.5	1734469.75	1258447.625	187699.875
Ae_caudata	Ae_searsii	Ae_longissima	-99999.9	1.0	-0.019122876931705824	118704812.875	10616128.6875	24667009.75	3083091.5625	4409961.375	6282918.8125	2687664.625	1223284.5	2680244.8125	26191728.375	1734469.75	3594739.75	4122993.625	1258447.625	187699.875
Ae_longissima	Ae_caudata	Ae_searsii	-33.14609655268624	1.0	0.49535258858197057	118704812.875	24667009.75	6282918.8125	2680244.8125	3594739.75	10616128.6875	3083091.5625	4409961.375	2687664.625	26191728.375	4122993.625	1223284.5	1258447.625	1734469.75	187699.875
Ae_caudata	Ae_longissima	Ae_sharonensis	-99999.9	1.0	-0.11481828931728527	93644566.125	4435250.875	7818397.75	2474117.0	2389330.75	6745738.0625	1180810.9375	1115187.75	1047609.6875	21304386.3125	782044.75	1362284.625	1295477.125	1635274.25	95459.0
Ae_caudata	Ae_sharonensis	Ae_longissima	21.856040813519737	0.0	0.08540137125777945	93644566.125	7818397.75	4435250.875	2474117.0	2389330.75	6745738.0625	1047609.6875	1362284.625	1180810.9375	21304386.3125	1295477.125	1115187.75	782044.75	1635274.25	95459.0
Ae_longissima	Ae_caudata	Ae_sharonensis	-212.20934553071007	1.0	0.5244872040163417	93644566.125	4435250.875	6745738.0625	1180810.9375	1115187.75	7818397.75	2474117.0	2389330.75	1047609.6875	21304386.3125	782044.75	1362284.625	1635274.25	1295477.125	95459.0
Ae_caudata	Ae_longissima	Ae_speltoides	37.79977098645964	0.0	0.45807635951127956	182312758.0	12101124.6875	18003623.3125	3518542.125	4076818.125	12995862.125	2861349.9375	2400719.5	3416860.3125	40234236.25	2504928.5	3337031.0	3126334.25	2623286.0	219260.875
Ae_caudata	Ae_speltoides	Ae_longissima	-99999.9	1.0	1.224053356051163	182312758.0	18003623.3125	12101124.6875	3518542.125	4076818.125	12995862.125	3416860.3125	3337031.0	2861349.9375	40234236.25	3126334.25	2400719.5	2504928.5	2623286.0	219260.875
Ae_longissima	Ae_caudata	Ae_speltoides	-6.918951290492343	0.9999999999977108	0.1339903758726745	182312758.0	12101124.6875	12995862.125	2861349.9375	2400719.5	18003623.3125	3518542.125	4076818.125	3416860.3125	40234236.25	2504928.5	3337031.0	2623286.0	3126334.25	219260.875
Ae_caudata	Ae_longissima	Ae_tauschii	-99999.9	1.0	-0.4748527647111806	184361562.1875	11629657.9375	18309676.875	3536736.375	4044531.375	12802118.75	3060851.625	2574683.25	2907632.8125	41614436.8125	2112079.25	3297547.625	3170009.25	2662268.625	209771.25
Ae_caudata	Ae_tauschii	Ae_longissima	11.495881015547488	0.0	0.19585124674466842	184361562.1875	18309676.875	11629657.9375	3536736.375	4044531.375	12802118.75	2907632.8125	3297547.625	3060851.625	41614436.8125	3170009.25	2574683.25	2112079.25	2662268.625	209771.25
Ae_longissima	Ae_caudata	Ae_tauschii	-35.705239936600904	1.0	0.5693305127152645	184361562.1875	11629657.9375	12802118.75	3060851.625	2574683.25	18309676.875	3536736.375	4044531.375	2907632.8125	41614436.8125	2112079.25	3297547.625	2662268.625	3170009.25	209771.25
Ae_caudata	Ae_longissima	Ae_umbellulata	8.25323144189731	0.0	0.15670138397502723	137318659.5625	9627449.375	13640263.3125	2715576.125	3236811.375	9950506.6875	2257858.25	1669925.375	2342911.1875	30809390.875	1782380.25	2624519.5	2391540.5	2020549.25	161023.375
Ae_caudata	Ae_umbellulata	Ae_longissima	-99999.9	1.0	-0.295721101692558	137318659.5625	13640263.3125	9627449.375	2715576.125	3236811.375	9950506.6875	2342911.1875	2624519.5	2257858.25	30809390.875	2391540.5	1669925.375	1782380.25	2020549.25	161023.375
Ae_longissima	Ae_caudata	Ae_umbellulata	-36.16206647145707	1.0	0.4487869111573164	137318659.5625	9627449.375	9950506.6875	2257858.25	1669925.375	13640263.3125	2715576.125	3236811.375	2342911.1875	30809390.875	1782380.25	2624519.5	2020549.25	2391540.5	161023.375
Ae_caudata	Ae_longissima	Ae_uniaristata	-10.708715855174447	1.0	0.13687847917823384	185017455.5625	11602495.375	21817001.1875	2563198.625	2359861.5	12556671.8125	3553733.875	2885119.625	3396649.4375	41693599.25	2130193.125	4192966.0	3788685.375	2460358.0	209510.25
Ae_caudata	Ae_uniaristata	Ae_longissima	-9.010469774121393	1.0	-0.23224755591967444	185017455.5625	21817001.1875	11602495.375	2563198.625	2359861.5	12556671.8125	3396649.4375	4192966.0	3553733.875	41693599.25	3788685.375	2885119.625	2130193.125	2460358.0	209510.25
Ae_longissima	Ae_caudata	Ae_uniaristata	56.81777311852922	0.0	0.4569392440190315	185017455.5625	11602495.375	12556671.8125	3553733.875	2885119.625	21817001.1875	2563198.625	2359861.5	3396649.4375	41693599.25	2130193.125	4192966.0	2460358.0	3788685.375	209510.25
Ae_caudata	Ae_longissima	Er_bonaepartis	53.99150213392211	0.0	0.7865407912794	45815425.5	3321756.8125	4903435.4375	812440.75	893541.25	3638662.375	631825.5625	487276.25	1297344.8125	9653588.0	838971.375	1103493.875	756204.5	711386.875	61986.625
Ae_caudata	Er_bonaepartis	Ae_longissima	-144.95291945045452	1.0	0.5784994469155457	45815425.5	4903435.4375	3321756.8125	812440.75	893541.25	3638662.375	1297344.8125	1103493.875	631825.5625	9653588.0	756204.5	487276.25	838971.375	711386.875	61986.625
Ae_longissima	Ae_caudata	Er_bonaepartis	-39.338755002528096	1.0	1.593564873181775	45815425.5	3321756.8125	3638662.375	631825.5625	487276.25	4903435.4375	812440.75	893541.25	1297344.8125	9653588.0	838971.375	1103493.875	711386.875	756204.5	61986.625
Ae_caudata	Ae_longissima	S_vavilovii	1.3560261660555506	0.08754548359515035	0.9876723485061154	46267393.625	2779458.25	5312021.3125	749005.4375	721889.375	3634401.375	744065.125	501458.125	1139875.3125	10128079.8125	634517.0	1135808.375	952785.875	744898.25	61738.75
Ae_caudata	S_vavilovii	Ae_longissima	-107.2866904720854	1.0	0.5031399756619611	46267393.625	5312021.3125	2779458.25	749005.4375	721889.375	3634401.375	1139875.3125	1135808.375	744065.125	10128079.8125	952785.875	501458.125	634517.0	744898.25	61738.75
Ae_longissima	Ae_caudata	S_vavilovii	-1.3391008992734994	0.9097310217249763	1.012801072993728	46267393.625	2779458.25	3634401.375	744065.125	501458.125	5312021.3125	749005.4375	721889.375	1139875.3125	10128079.8125	634517.0	1135808.375	744898.25	952785.875	61738.75
Ae_caudata	Ae_longissima	T_boeoticum	125.28428333558436	0.0	0.695234868469534	80341210.0	109691336.1875	6665257.3125	5715007.375	10957241.875	4972659.875	3528006.5625	6730718.375	8517026.1875	17005138.75	16522998.375	627325.125	600798.875	767443.0	384968.125
Ae_caudata	T_boeoticum	Ae_longissima	-160.51613552699018	1.0	0.6403536146076163	80341210.0	6665257.3125	109691336.1875	5715007.375	10957241.875	4972659.875	8517026.1875	627325.125	3528006.5625	17005138.75	600798.875	6730718.375	16522998.375	767443.0	384968.125
Ae_longissima	Ae_caudata	T_boeoticum	-70.36430906340395	1.0	4.555994804217114	80341210.0	109691336.1875	4972659.875	3528006.5625	6730718.375	6665257.3125	5715007.375	10957241.875	8517026.1875	17005138.75	16522998.375	627325.125	767443.0	600798.875	384968.125
Ae_caudata	Ae_longissima	T_urartu	48.6391462273634	0.0	0.5795869593570213	187773660.625	9565236.125	19588967.75	3332907.125	3419383.125	14588108.5625	2653361.8125	1723841.875	3590191.9375	41567212.3125	2217910.75	3927281.625	3249744.25	3027739.625	215390.5
Ae_caudata	T_urartu	Ae_longissima	-18.41542188147646	1.0	0.7845393232927379	187773660.625	19588967.75	9565236.125	3332907.125	3419383.125	14588108.5625	3590191.9375	3927281.625	2653361.8125	41567212.3125	3249744.25	1723841.875	2217910.75	3027739.625	215390.5
Ae_longissima	Ae_caudata	T_urartu	-13.3579325464873	1.0	-0.6093035282722397	187773660.625	9565236.125	14588108.5625	2653361.8125	1723841.875	19588967.75	3332907.125	3419383.125	3590191.9375	41567212.3125	2217910.75	3927281.625	3027739.625	3249744.25	215390.5
Ae_caudata	Ae_longissima	Ta_caputMedusae	46.8882725939542	0.0	0.6838217556292843	46513072.0	2706237.0	5039717.5	837864.125	849150.125	3712998.125	680420.125	454584.5	1020935.75	10345578.375	536166.375	1102604.125	860826.75	780971.125	57961.0
Ae_caudata	Ta_caputMedusae	Ae_longissima	-54.520415241089914	1.0	0.6503512547335711	46513072.0	5039717.5	2706237.0	837864.125	849150.125	3712998.125	1020935.75	1102604.125	680420.125	10345578.375	860826.75	454584.5	536166.375	780971.125	57961.0
Ae_longissima	Ae_caudata	Ta_caputMedusae	-25.208570846692158	1.0	7.1435267606733035	46513072.0	2706237.0	3712998.125	680420.125	454584.5	5039717.5	837864.125	849150.125	1020935.75	10345578.375	536166.375	1102604.125	780971.125	860826.75	57961.0
Ae_caudata	Ae_mutica	Ae_searsii	-27.131358038007825	1.0	0.183335717782663	163463462.5625	38358159.375	9375587.4375	2556606.625	3318533.0	9493555.1875	4452107.75	6315837.625	4026580.3125	35840691.375	6534847.125	1324362.75	1865991.125	1637335.5	239944.25
Ae_caudata	Ae_searsii	Ae_mutica	-21.040548009177858	1.0	-0.4074191826530086	163463462.5625	9375587.4375	38358159.375	2556606.625	3318533.0	9493555.1875	4026580.3125	1324362.75	4452107.75	35840691.375	1865991.125	6315837.625	6534847.125	1637335.5	239944.25
Ae_mutica	Ae_caudata	Ae_searsii	93.72458485009714	0.0	0.436780475087867	163463462.5625	38358159.375	9493555.1875	4452107.75	6315837.625	9375587.4375	2556606.625	3318533.0	4026580.3125	35840691.375	6534847.125	1324362.75	1637335.5	1865991.125	239944.25
Ae_caudata	Ae_mutica	Ae_sharonensis	-46.884163301038804	1.0	0.5380796474187214	128156120.0	9324961.5	7522319.375	1907192.0	1666241.375	9498320.4375	2324973.0625	2406697.0	1838310.1875	28635109.9375	1843260.125	1601713.0	1574808.875	1945483.375	130569.75
Ae_caudata	Ae_sharonensis	Ae_mutica	7.7300443595897725	5.440092820663267e-15	0.8760103119517276	128156120.0	7522319.375	9324961.5	1907192.0	1666241.375	9498320.4375	1838310.1875	1601713.0	2324973.0625	28635109.9375	1574808.875	2406697.0	1843260.125	1945483.375	130569.75
Ae_mutica	Ae_caudata	Ae_sharonensis	-99999.9	1.0	-0.19742608360436428	128156120.0	9324961.5	9498320.4375	2324973.0625	2406697.0	7522319.375	1907192.0	1666241.375	1838310.1875	28635109.9375	1843260.125	1601713.0	1945483.375	1574808.875	130569.75
Ae_caudata	Ae_mutica	Ae_speltoides	9.039115849127148	0.0	0.20121073351080457	254270802.0625	18974840.4375	14081032.75	4216673.0	3563196.25	20483982.0	3605425.125	4089412.875	3759395.1875	56627728.3125	3635689.5	3084896.5	2573380.0	4133456.375	251822.625
Ae_caudata	Ae_speltoides	Ae_mutica	-99999.9	1.0	-0.5076364270283237	254270802.0625	14081032.75	18974840.4375	4216673.0	3563196.25	20483982.0	3759395.1875	3084896.5	3605425.125	56627728.3125	2573380.0	4089412.875	3635689.5	4133456.375	251822.625
Ae_mutica	Ae_caudata	Ae_speltoides	-26.84539484695563	1.0	0.427952100590001	254270802.0625	18974840.4375	20483982.0	3605425.125	4089412.875	14081032.75	4216673.0	3563196.25	3759395.1875	56627728.3125	3635689.5	3084896.5	4133456.375	2573380.0	251822.625
Ae_caudata	Ae_mutica	Ae_tauschii	-46.760876835958854	1.0	0.4827050767944001	255704872.9375	19737129.4375	15611419.125	3665162.375	3062430.625	19403916.3125	4579659.8125	4848850.5	3726311.875	57661661.0	3544821.75	3471829.0	3054839.125	3844519.125	255657.0
Ae_caudata	Ae_tauschii	Ae_mutica	-3.1267493169771545	0.9991161799076269	1.0771896246008437	255704872.9375	15611419.125	19737129.4375	3665162.375	3062430.625	19403916.3125	3726311.875	3471829.0	4579659.8125	57661661.0	3054839.125	4848850.5	3544821.75	3844519.125	255657.0
Ae_mutica	Ae_caudata	Ae_tauschii	3.350806994925776	0.0004029372329990011	0.06267584886464117	255704872.9375	19737129.4375	19403916.3125	4579659.8125	4848850.5	15611419.125	3665162.375	3062430.625	3726311.875	57661661.0	3544821.75	3471829.0	3844519.125	3054839.125	255657.0
Ae_caudata	Ae_mutica	Ae_umbellulata	-26.608228801048288	1.0	0.33847567125538236	189889497.375	16566301.5	11867416.6875	2749747.4375	2336402.0	15008240.8125	3419863.4375	3242180.875	3076991.75	42562575.75	3076872.625	2787421.875	2424585.0	2935841.875	193357.0
Ae_caudata	Ae_umbellulata	Ae_mutica	-12.993857094654865	1.0	21.940453051136252	189889497.375	11867416.6875	16566301.5	2749747.4375	2336402.0	15008240.8125	3076991.75	2787421.875	3419863.4375	42562575.75	2424585.0	3242180.875	3076872.625	2935841.875	193357.0
Ae_mutica	Ae_caudata	Ae_umbellulata	25.395481336853546	0.0	0.3281104214781957	189889497.375	16566301.5	15008240.8125	3419863.4375	3242180.875	11867416.6875	2749747.4375	2336402.0	3076991.75	42562575.75	3076872.625	2787421.875	2935841.875	2424585.0	193357.0
Ae_caudata	Ae_mutica	Ae_uniaristata	-54.86462557393584	1.0	0.3721369396038453	259107134.8125	17250110.375	17387828.5	3197711.8125	2213407.25	19618276.8125	4733079.625	4601940.875	3823061.0	58289926.1875	3193161.625	3930183.875	3506841.875	3781049.875	250604.5
Ae_caudata	Ae_uniaristata	Ae_mutica	-22.346143214561152	1.0	3.1967556229143845	259107134.8125	17387828.5	17250110.375	3197711.8125	2213407.25	19618276.8125	3823061.0	3930183.875	4733079.625	58289926.1875	3506841.875	4601940.875	3193161.625	3781049.875	250604.5
Ae_mutica	Ae_caudata	Ae_uniaristata	37.702029477860926	0.0	0.2894174422194114	259107134.8125	17250110.375	19618276.8125	4733079.625	4601940.875	17387828.5	3197711.8125	2213407.25	3823061.0	58289926.1875	3193161.625	3930183.875	3781049.875	3506841.875	250604.5
Ae_caudata	Ae_mutica	Er_bonaepartis	37.64075761675481	0.0	0.8232335636831813	63856254.5	5174253.375	4029846.75	955443.625	742860.25	5649894.375	794859.25	865918.25	1542730.0	13617937.875	1231009.0	1117151.125	658915.375	1088101.125	72620.125
Ae_caudata	Er_bonaepartis	Ae_mutica	-137.65912214683138	1.0	0.5601368827657643	63856254.5	4029846.75	5174253.375	955443.625	742860.25	5649894.375	1542730.0	1117151.125	794859.25	13617937.875	658915.375	865918.25	1231009.0	1088101.125	72620.125
Ae_mutica	Ae_caudata	Er_bonaepartis	-29.558455245104284	1.0	1.3763384633772515	63856254.5	5174253.375	5649894.375	794859.25	865918.25	4029846.75	955443.625	742860.25	1542730.0	13617937.875	1231009.0	1117151.125	1088101.125	658915.375	72620.125
Ae_caudata	Ae_mutica	S_vavilovii	34.62147945157666	0.0	0.7255168947081921	64950978.375	4097314.4375	4094506.125	996090.4375	689549.125	5775471.125	849135.5625	787366.5	1237568.375	14347408.8125	888745.25	1037132.0	823413.125	1196452.25	70008.5
Ae_caudata	S_vavilovii	Ae_mutica	-56.89041245596889	1.0	0.616647378219851	64950978.375	4094506.125	4097314.4375	996090.4375	689549.125	5775471.125	1237568.375	1037132.0	849135.5625	14347408.8125	823413.125	787366.5	888745.25	1196452.25	70008.5
Ae_mutica	Ae_caudata	S_vavilovii	-21.523216324999215	1.0	2.5546986218310477	64950978.375	4097314.4375	5775471.125	849135.5625	787366.5	4094506.125	996090.4375	689549.125	1237568.375	14347408.8125	888745.25	1037132.0	1196452.25	823413.125	70008.5
Ae_caudata	Ae_mutica	T_boeoticum	-64.75957523861221	1.0	1.3868880957948644	109878121.375	159291610.5625	6456282.375	4378076.4375	8131385.0	7957341.1875	6138027.0	11680143.875	12446968.8125	23437891.25	24306808.5	837288.5	861780.5	963875.25	481990.375
Ae_caudata	T_boeoticum	Ae_mutica	-296.904955164658	1.0	0.43879639521680913	109878121.375	6456282.375	159291610.5625	4378076.4375	8131385.0	7957341.1875	12446968.8125	837288.5	6138027.0	23437891.25	861780.5	11680143.875	24306808.5	963875.25	481990.375
Ae_mutica	Ae_caudata	T_boeoticum	82.82499005075059	0.0	0.8209402089654666	109878121.375	159291610.5625	7957341.1875	6138027.0	11680143.875	6456282.375	4378076.4375	8131385.0	12446968.8125	23437891.25	24306808.5	837288.5	963875.25	861780.5	481990.375
Ae_caudata	Ae_mutica	T_urartu	24.006196691629015	0.0	0.615382047156939	261759971.3125	15604073.8125	16098187.875	3937285.5	2827238.25	22387193.6875	3527605.3125	3247639.875	4183086.5	58179752.875	3451743.75	3988905.875	2992237.375	4534723.375	252533.625
Ae_caudata	T_urartu	Ae_mutica	-14.403301240920024	1.0	0.7272763143341274	261759971.3125	16098187.875	15604073.8125	3937285.5	2827238.25	22387193.6875	4183086.5	3988905.875	3527605.3125	58179752.875	2992237.375	3247639.875	3451743.75	4534723.375	252533.625
Ae_mutica	Ae_caudata	T_urartu	-9.002160955228177	1.0	-1.4998914978145108	261759971.3125	15604073.8125	22387193.6875	3527605.3125	3247639.875	16098187.875	3937285.5	2827238.25	4183086.5	58179752.875	3451743.75	3988905.875	4534723.375	2992237.375	252533.625
Ae_caudata	Ae_mutica	Ta_caputMedusae	40.670639495343735	0.0	0.6423757225404039	64967471.75	4252244.1875	4086167.1875	1021391.375	730034.25	5762685.8125	846131.25	794787.75	1160938.875	14535655.5625	818220.375	1103402.375	786284.75	1185099.5	66784.0
Ae_caudata	Ta_caputMedusae	Ae_mutica	-32.383213608779954	1.0	0.6928668956908982	64967471.75	4086167.1875	4252244.1875	1021391.375	730034.25	5762685.8125	1160938.875	1103402.375	846131.25	14535655.5625	786284.75	794787.75	818220.375	1185099.5	66784.0
Ae_mutica	Ae_caudata	Ta_caputMedusae	-18.028426296778793	1.0	-3.9075116992940155	64967471.75	4252244.1875	5762685.8125	846131.25	794787.75	4086167.1875	1021391.375	730034.25	1160938.875	14535655.5625	818220.375	1103402.375	1185099.5	786284.75	66784.0
Ae_caudata	Ae_searsii	Ae_sharonensis	-19.47417224918998	1.0	0.4759066999356261	81822877.1875	4833145.0	17845764.4375	1706774.625	2147957.75	4496140.1875	1868127.0	667631.375	1721609.8125	18111880.375	896317.125	2506888.625	3029674.75	903708.625	113215.125
Ae_caudata	Ae_sharonensis	Ae_searsii	-1.7905097258346971	0.9633140479405169	1.1126591903221397	81822877.1875	17845764.4375	4833145.0	1706774.625	2147957.75	4496140.1875	1721609.8125	2506888.625	1868127.0	18111880.375	3029674.75	667631.375	896317.125	903708.625	113215.125
Ae_searsii	Ae_caudata	Ae_sharonensis	1.9718027738146897	0.02431599357709957	0.08420110528517016	81822877.1875	4833145.0	4496140.1875	1868127.0	667631.375	17845764.4375	1706774.625	2147957.75	1721609.8125	18111880.375	896317.125	2506888.625	903708.625	3029674.75	113215.125
Ae_caudata	Ae_searsii	Ae_speltoides	-21.39447934787025	1.0	-2.5189454677167484	160794236.9375	11227429.4375	36272490.0	3003953.875	4173233.75	9080392.375	3739272.5	1349264.0	4265631.1875	34880049.5625	2173920.125	5582431.0	6031852.75	1615774.75	245945.75
Ae_caudata	Ae_speltoides	Ae_searsii	-36.70916020379286	1.0	0.29437812633526395	160794236.9375	36272490.0	11227429.4375	3003953.875	4173233.75	9080392.375	4265631.1875	5582431.0	3739272.5	34880049.5625	6031852.75	1349264.0	2173920.125	1615774.75	245945.75
Ae_searsii	Ae_caudata	Ae_speltoides	51.2823856563737	0.0	0.6317876210001053	160794236.9375	11227429.4375	9080392.375	3739272.5	1349264.0	36272490.0	3003953.875	4173233.75	4265631.1875	34880049.5625	2173920.125	5582431.0	1615774.75	6031852.75	245945.75
Ae_caudata	Ae_searsii	Ae_tauschii	-9.068554931201108	1.0	0.16389642147854264	163353716.625	10252485.0	36213588.5	3178286.125	4425293.75	8964100.0625	3878904.1875	1392069.625	3741566.1875	36235378.8125	1760778.875	5428416.125	6105950.375	1666191.125	231523.625
Ae_caudata	Ae_tauschii	Ae_searsii	-7.290899937983889	0.9999999999998449	-0.3224335234560216	163353716.625	36213588.5	10252485.0	3178286.125	4425293.75	8964100.0625	3741566.1875	5428416.125	3878904.1875	36235378.8125	6105950.375	1392069.625	1760778.875	1666191.125	231523.625
Ae_searsii	Ae_caudata	Ae_tauschii	37.19390255014371	0.0	0.4456688805515872	163353716.625	10252485.0	8964100.0625	3878904.1875	1392069.625	36213588.5	3178286.125	4425293.75	3741566.1875	36235378.8125	1760778.875	5428416.125	1666191.125	6105950.375	231523.625
Ae_caudata	Ae_searsii	Ae_umbellulata	-9.785290749551763	1.0	-0.23786757712836895	120836570.375	9070655.6875	27328313.375	2305900.8125	3386634.5	6733798.5625	3033968.875	1103005.75	3173873.8125	26570949.0	1605378.375	4555619.375	4639392.125	1122894.25	184851.125
Ae_caudata	Ae_umbellulata	Ae_searsii	-11.665623868456247	1.0	0.13881139004493787	120836570.375	27328313.375	9070655.6875	2305900.8125	3386634.5	6733798.5625	3173873.8125	4555619.375	3033968.875	26570949.0	4639392.125	1103005.75	1605378.375	1122894.25	184851.125
Ae_searsii	Ae_caudata	Ae_umbellulata	60.70813739336887	0.0	0.5438287399952155	120836570.375	9070655.6875	6733798.5625	3033968.875	1103005.75	27328313.375	2305900.8125	3386634.5	3173873.8125	26570949.0	1605378.375	4555619.375	1122894.25	4639392.125	184851.125
Ae_caudata	Ae_searsii	Ae_uniaristata	-18.140263695924748	1.0	0.17063462283690475	165131743.375	8857419.375	38231499.5625	2656395.0625	3395017.875	9463395.3125	3988798.6875	1063496.75	3714668.375	36626608.0	1594810.625	5469450.125	6581111.625	1703766.25	220330.0
Ae_caudata	Ae_uniaristata	Ae_searsii	-14.408064186338263	1.0	-0.3495922459296327	165131743.375	38231499.5625	8857419.375	2656395.0625	3395017.875	9463395.3125	3714668.375	5469450.125	3988798.6875	36626608.0	6581111.625	1063496.75	1594810.625	1703766.25	220330.0
Ae_searsii	Ae_caudata	Ae_uniaristata	70.03004073513317	0.0	0.44266680114740514	165131743.375	8857419.375	9463395.3125	3988798.6875	1063496.75	38231499.5625	2656395.0625	3395017.875	3714668.375	36626608.0	1594810.625	5469450.125	1703766.25	6581111.625	220330.0
Ae_caudata	Ae_searsii	Er_bonaepartis	-39.22669052058953	1.0	1.3682602782772626	40406375.9375	2986538.9375	9436901.9375	704336.6875	1002178.25	2536859.125	880196.0	329700.5	1533596.125	8343907.625	710491.625	1827327.125	1435175.0	408985.625	73628.5
Ae_caudata	Er_bonaepartis	Ae_searsii	-184.97231027268253	1.0	0.44069464192998115	40406375.9375	9436901.9375	2986538.9375	704336.6875	1002178.25	2536859.125	1533596.125	1827327.125	880196.0	8343907.625	1435175.0	329700.5	710491.625	408985.625	73628.5
Ae_searsii	Ae_caudata	Er_bonaepartis	49.78435428993935	0.0	0.8250362830262593	40406375.9375	2986538.9375	2536859.125	880196.0	329700.5	9436901.9375	704336.6875	1002178.25	1533596.125	8343907.625	710491.625	1827327.125	408985.625	1435175.0	73628.5
Ae_caudata	Ae_searsii	S_vavilovii	-49.78223206685763	1.0	9.232604968719931	40896570.25	2432366.5	9769846.3125	641468.4375	844584.25	2560636.375	983615.5	299961.375	1367322.5625	8767023.0625	536681.375	1787043.25	1660419.125	431455.125	72274.5
Ae_caudata	S_vavilovii	Ae_searsii	-105.61142402745571	1.0	0.34581874963069575	40896570.25	9769846.3125	2432366.5	641468.4375	844584.25	2560636.375	1367322.5625	1787043.25	983615.5	8767023.0625	1660419.125	299961.375	536681.375	431455.125	72274.5
Ae_searsii	Ae_caudata	S_vavilovii	94.17246130942894	0.0	0.6796379381366559	40896570.25	2432366.5	2560636.375	983615.5	299961.375	9769846.3125	641468.4375	844584.25	1367322.5625	8767023.0625	536681.375	1787043.25	431455.125	1660419.125	72274.5
Ae_caudata	Ae_searsii	T_boeoticum	240.31771031387615	0.0	0.4111725940739507	72976709.625	94572849.0625	12106421.6875	9194909.0	18037214.125	3286823.25	2120644.0625	3605851.5	7060536.1875	14926350.125	13561786.75	730288.75	958225.75	696247.0	424546.125
Ae_caudata	T_boeoticum	Ae_searsii	-99999.9	1.0	1.760776374979953	72976709.625	12106421.6875	94572849.0625	9194909.0	18037214.125	3286823.25	7060536.1875	730288.75	2120644.0625	14926350.125	958225.75	3605851.5	13561786.75	696247.0	424546.125
Ae_searsii	Ae_caudata	T_boeoticum	-103.83376281849242	1.0	0.2317794304048935	72976709.625	94572849.0625	3286823.25	2120644.0625	3605851.5	12106421.6875	9194909.0	18037214.125	7060536.1875	14926350.125	13561786.75	730288.75	696247.0	958225.75	424546.125
Ae_caudata	Ae_searsii	T_urartu	-36.28619902155674	1.0	-2.2807616861672684	165347232.0625	8991102.5	38606084.5	2684228.1875	3616412.5	9817647.3125	4002468.375	1334730.5	4918899.375	35692013.8125	2098011.5	6939827.5	6473321.5	1646944.125	264745.25
Ae_caudata	T_urartu	Ae_searsii	-61.51210092535854	1.0	0.2908287149922839	165347232.0625	38606084.5	8991102.5	2684228.1875	3616412.5	9817647.3125	4918899.375	6939827.5	4002468.375	35692013.8125	6473321.5	1334730.5	2098011.5	1646944.125	264745.25
Ae_searsii	Ae_caudata	T_urartu	88.48208261981921	0.0	0.6289690205120864	165347232.0625	8991102.5	9817647.3125	4002468.375	1334730.5	38606084.5	2684228.1875	3616412.5	4918899.375	35692013.8125	2098011.5	6939827.5	1646944.125	6473321.5	264745.25
Ae_caudata	Ae_searsii	Ta_caputMedusae	-43.38839156423299	1.0	8.036853682917515	40958865.3125	2511095.5	9742318.5	690120.5625	922020.125	2553310.1875	986221.25	319032.75	1324400.5	8921965.0625	491718.875	1838787.0	1638879.625	439673.875	69547.875
Ae_caudata	Ta_caputMedusae	Ae_searsii	-92.9426625852979	1.0	0.34775675354499125	40958865.3125	9742318.5	2511095.5	690120.5625	922020.125	2553310.1875	1324400.5	1838787.0	986221.25	8921965.0625	1638879.625	319032.75	491718.875	439673.875	69547.875
Ae_searsii	Ae_caudata	Ta_caputMedusae	81.37810433250186	0.0	0.6817424185934654	40958865.3125	2511095.5	2553310.1875	986221.25	319032.75	9742318.5	690120.5625	922020.125	1324400.5	8921965.0625	491718.875	1838787.0	439673.875	1638879.625	69547.875
Ae_caudata	Ae_sharonensis	Ae_speltoides	34.38548286776091	0.0	0.6525590645719097	125766462.9375	9144260.4375	8428224.5625	2083311.8125	2057001.75	9033894.5625	1784887.0625	1787013.25	2345384.5625	27808814.6875	1897607.125	2087212.375	1631062.25	1856650.25	136064.375
Ae_caudata	Ae_speltoides	Ae_sharonensis	-30.196885664583725	1.0	0.6813977286438453	125766462.9375	8428224.5625	9144260.4375	2083311.8125	2057001.75	9033894.5625	2345384.5625	2087212.375	1784887.0625	27808814.6875	1631062.25	1787013.25	1897607.125	1856650.25	136064.375
Ae_sharonensis	Ae_caudata	Ae_speltoides	-16.07767751904689	1.0	-7.209307603433097	125766462.9375	9144260.4375	9033894.5625	1784887.0625	1787013.25	8428224.5625	2083311.8125	2057001.75	2345384.5625	27808814.6875	1897607.125	2087212.375	1856650.25	1631062.25	136064.375
Ae_caudata	Ae_sharonensis	Ae_tauschii	9.861955404698426	0.0	0.3793765437189596	127147703.125	8839294.0	8643786.75	2070262.375	2029473.0	8871701.9375	1931514.4375	1930389.25	2016328.6875	28703590.1875	1644356.5	2090516.0	1653599.75	1836005.875	130498.125
Ae_caudata	Ae_tauschii	Ae_sharonensis	-99999.9	1.0	2.7465254235572942	127147703.125	8643786.75	8839294.0	2070262.375	2029473.0	8871701.9375	2016328.6875	2090516.0	1931514.4375	28703590.1875	1653599.75	1930389.25	1644356.5	1836005.875	130498.125
Ae_sharonensis	Ae_caudata	Ae_tauschii	-6.271253013920897	0.9999999998201557	0.2799109022461275	127147703.125	8839294.0	8871701.9375	1931514.4375	1930389.25	8643786.75	2070262.375	2029473.0	2016328.6875	28703590.1875	1644356.5	2090516.0	1836005.875	1653599.75	130498.125
Ae_caudata	Ae_sharonensis	Ae_umbellulata	14.099822633914648	0.0	0.6863582069825657	94456384.8125	7470622.6875	6566128.5	1543995.625	1547901.125	6840184.75	1452929.75	1310455.75	1652213.8125	21218556.6875	1391014.5	1705515.125	1267414.75	1405128.125	99917.0
Ae_caudata	Ae_umbellulata	Ae_sharonensis	-16.75553273400954	1.0	0.6480735100312274	94456384.8125	6566128.5	7470622.6875	1543995.625	1547901.125	6840184.75	1652213.8125	1705515.125	1452929.75	21218556.6875	1267414.75	1310455.75	1391014.5	1405128.125	99917.0
Ae_sharonensis	Ae_caudata	Ae_umbellulata	-7.656694822315358	0.9999999999999905	6.30924765975433	94456384.8125	7470622.6875	6840184.75	1452929.75	1310455.75	6566128.5	1543995.625	1547901.125	1652213.8125	21218556.6875	1391014.5	1705515.125	1405128.125	1267414.75	99917.0
Ae_caudata	Ae_sharonensis	Ae_uniaristata	-4.154284465773396	0.9999836750758151	-0.0962862254436773	128164971.125	8304288.125	10220334.0625	1607746.4375	1213104.5	8922253.9375	2107885.4375	1928066.125	2151812.375	28914843.5	1541572.375	2413951.25	1959813.625	1765902.25	127137.875
Ae_caudata	Ae_uniaristata	Ae_sharonensis	-4.519153020485685	0.9999968926982965	0.07470658126597199	128164971.125	10220334.0625	8304288.125	1607746.4375	1213104.5	8922253.9375	2151812.375	2413951.25	2107885.4375	28914843.5	1959813.625	1928066.125	1541572.375	1765902.25	127137.875
Ae_sharonensis	Ae_caudata	Ae_uniaristata	51.45372751088516	0.0	0.5210336763993706	128164971.125	8304288.125	8922253.9375	2107885.4375	1928066.125	10220334.0625	1607746.4375	1213104.5	2151812.375	28914843.5	1541572.375	2413951.25	1765902.25	1959813.625	127137.875
Ae_caudata	Ae_sharonensis	Er_bonaepartis	30.651446679240326	0.0	0.8821499297480887	31595676.25	2479384.6875	2371077.625	468523.9375	438002.5	2488168.8125	401946.75	388806.25	900300.8125	6667182.125	618293.125	722255.75	395479.5	480673.625	38768.25
Ae_caudata	Er_bonaepartis	Ae_sharonensis	-198.78559546228232	1.0	0.5357891479660626	31595676.25	2371077.625	2479384.6875	468523.9375	438002.5	2488168.8125	900300.8125	722255.75	401946.75	6667182.125	395479.5	388806.25	618293.125	480673.625	38768.25
Ae_sharonensis	Ae_caudata	Er_bonaepartis	-26.55659270639841	1.0	1.1823035171682614	31595676.25	2479384.6875	2488168.8125	401946.75	388806.25	2371077.625	468523.9375	438002.5	900300.8125	6667182.125	618293.125	722255.75	480673.625	395479.5	38768.25
Ae_caudata	Ae_sharonensis	S_vavilovii	-4.093068966368312	0.9999787035143117	1.0311909739904925	31979302.625	2080334.1875	2559032.0625	444478.25	340884.125	2517371.9375	454132.375	381899.375	773303.125	7019644.4375	459466.625	724748.0	496824.75	521383.75	38227.375
Ae_caudata	S_vavilovii	Ae_sharonensis	-139.41220889852212	1.0	0.4925507791815724	31979302.625	2559032.0625	2080334.1875	444478.25	340884.125	2517371.9375	773303.125	724748.0	454132.375	7019644.4375	496824.75	381899.375	459466.625	521383.75	38227.375
Ae_sharonensis	Ae_caudata	S_vavilovii	4.216874169178846	1.2393536235055791e-05	0.971477920343655	31979302.625	2080334.1875	2517371.9375	454132.375	381899.375	2559032.0625	444478.25	340884.125	773303.125	7019644.4375	459466.625	724748.0	521383.75	496824.75	38227.375
Ae_caudata	Ae_sharonensis	T_boeoticum	10.658102185691565	0.0	0.9681385849037546	54949849.9375	77443716.375	3332059.75	2643643.6875	4972303.75	3502950.125	2526733.8125	4843983.25	6079148.5625	11726302.625	11814933.75	395494.875	368030.875	486009.125	230906.5
Ae_caudata	T_boeoticum	Ae_sharonensis	-313.198196621043	1.0	0.5083651416497224	54949849.9375	3332059.75	77443716.375	2643643.6875	4972303.75	3502950.125	6079148.5625	395494.875	2526733.8125	11726302.625	368030.875	4843983.25	11814933.75	486009.125	230906.5
Ae_sharonensis	Ae_caudata	T_boeoticum	-10.30734432605076	1.0	1.0352287263133946	54949849.9375	77443716.375	3502950.125	2526733.8125	4843983.25	3332059.75	2643643.6875	4972303.75	6079148.5625	11726302.625	11814933.75	395494.875	486009.125	368030.875	230906.5
Ae_caudata	Ae_sharonensis	T_urartu	25.353387611909202	0.0	0.7902527649212344	129508546.875	7395491.25	9424488.875	1941991.25	1702142.75	9934740.0625	1725006.4375	1436597.625	2542527.8125	28616691.9375	1747959.875	2597248.875	1765089.375	2017195.875	136225.125
Ae_caudata	T_urartu	Ae_sharonensis	-70.1691333543726	1.0	0.576507738774954	129508546.875	9424488.875	7395491.25	1941991.25	1702142.75	9934740.0625	2542527.8125	2597248.875	1725006.4375	28616691.9375	1765089.375	1436597.625	1747959.875	2017195.875	136225.125
Ae_sharonensis	Ae_caudata	T_urartu	-18.624144529781912	1.0	1.565724996692102	129508546.875	7395491.25	9934740.0625	1725006.4375	1436597.625	9424488.875	1941991.25	1702142.75	2542527.8125	28616691.9375	1747959.875	2597248.875	2017195.875	1765089.375	136225.125
Ae_caudata	Ae_sharonensis	Ta_caputMedusae	41.66279399065742	0.0	0.7561593588672579	32148300.25	2024650.75	2392747.0	507277.125	429149.125	2566545.8125	417649.0625	349459.375	695589.1875	7167609.5625	405268.75	699121.0	449071.125	548734.5	36122.375
Ae_caudata	Ta_caputMedusae	Ae_sharonensis	-87.53515859938739	1.0	0.5961154337747745	32148300.25	2392747.0	2024650.75	507277.125	429149.125	2566545.8125	695589.1875	699121.0	417649.0625	7167609.5625	449071.125	349459.375	405268.75	548734.5	36122.375
Ae_sharonensis	Ae_caudata	Ta_caputMedusae	-28.2276863259427	1.0	1.9082329708970045	32148300.25	2024650.75	2566545.8125	417649.0625	349459.375	2392747.0	507277.125	429149.125	695589.1875	7167609.5625	405268.75	699121.0	548734.5	449071.125	36122.375
Ae_caudata	Ae_speltoides	Ae_tauschii	-48.81605083716887	1.0	0.5306251294539293	250427258.75	18354958.9375	19254416.3125	3841359.875	3698973.125	18312154.5625	4724583.625	4305497.375	3726105.125	55883622.0625	3147502.625	3951971.0	3744486.25	3635374.0	269690.375
Ae_caudata	Ae_tauschii	Ae_speltoides	6.370165810447461	9.484213414623355e-11	0.8965149419755584	250427258.75	19254416.3125	18354958.9375	3841359.875	3698973.125	18312154.5625	3726105.125	3951971.0	4724583.625	55883622.0625	3744486.25	4305497.375	3147502.625	3635374.0	269690.375
Ae_speltoides	Ae_caudata	Ae_tauschii	-99999.9	1.0	-0.15007734687207425	250427258.75	18354958.9375	18312154.5625	4724583.625	4305497.375	19254416.3125	3841359.875	3698973.125	3726105.125	55883622.0625	3147502.625	3951971.0	3635374.0	3744486.25	269690.375
Ae_caudata	Ae_speltoides	Ae_umbellulata	-32.181065991728126	1.0	0.4193544013316747	186113067.6875	15302111.25	14452879.1875	2930514.625	2934440.25	14160416.5	3522028.3125	2877863.0	3094824.75	41223992.8125	2762023.0	3210044.625	2906192.75	2734852.125	207141.125
Ae_caudata	Ae_umbellulata	Ae_speltoides	-8.93922674567712	1.0	1.6250065675374648	186113067.6875	14452879.1875	15302111.25	2930514.625	2934440.25	14160416.5	3094824.75	3210044.625	3522028.3125	41223992.8125	2906192.75	2877863.0	2762023.0	2734852.125	207141.125
Ae_speltoides	Ae_caudata	Ae_umbellulata	12.37741311142296	0.0	0.21739209890267913	186113067.6875	15302111.25	14160416.5	3522028.3125	2877863.0	14452879.1875	2930514.625	2934440.25	3094824.75	41223992.8125	2762023.0	3210044.625	2734852.125	2906192.75	207141.125
Ae_caudata	Ae_speltoides	Ae_uniaristata	-63.81893424892721	1.0	0.3773698837234761	253288180.8125	16350158.6875	21553116.25	3193611.25	2593980.25	18429004.25	4954961.375	4161666.875	3887424.6875	56341833.5625	2887951.0	4477222.0	4279393.5	3429785.875	263945.625
Ae_caudata	Ae_uniaristata	Ae_speltoides	-25.138916743673924	1.0	2.856489895932351	253288180.8125	21553116.25	16350158.6875	3193611.25	2593980.25	18429004.25	3887424.6875	4477222.0	4954961.375	56341833.5625	4279393.5	4161666.875	2887951.0	3429785.875	263945.625
Ae_speltoides	Ae_caudata	Ae_uniaristata	41.477201362069955	0.0	0.2825935705861959	253288180.8125	16350158.6875	18429004.25	4954961.375	4161666.875	21553116.25	3193611.25	2593980.25	3887424.6875	56341833.5625	2887951.0	4477222.0	3429785.875	4279393.5	263945.625
Ae_caudata	Ae_speltoides	Er_bonaepartis	34.00879248125044	0.0	0.8288447352566647	62495006.125	4857594.5	4960494.4375	984407.0625	897410.875	5322518.3125	836449.1875	789912.875	1552957.125	13174695.5	1128281.75	1312691.5	811231.5	999972.25	78557.0
Ae_caudata	Er_bonaepartis	Ae_speltoides	-130.68382531693194	1.0	0.5575685591623102	62495006.125	4960494.4375	4857594.5	984407.0625	897410.875	5322518.3125	1552957.125	1312691.5	836449.1875	13174695.5	811231.5	789912.875	1128281.75	999972.25	78557.0
Ae_speltoides	Ae_caudata	Er_bonaepartis	-26.986024967468644	1.0	1.3517846488767697	62495006.125	4857594.5	5322518.3125	836449.1875	789912.875	4960494.4375	984407.0625	897410.875	1552957.125	13174695.5	1128281.75	1312691.5	999972.25	811231.5	78557.0
Ae_caudata	Ae_speltoides	S_vavilovii	10.193341457475706	0.0	0.8847205024287578	63455982.0625	3905886.1875	5186456.8125	984295.3125	778133.375	5387320.5	938042.75	768406.25	1293011.25	13885414.0	810076.0	1290758.875	1005185.625	1095417.625	77032.375
Ae_caudata	S_vavilovii	Ae_speltoides	-68.03616479199897	1.0	0.5348452968659522	63455982.0625	5186456.8125	3905886.1875	984295.3125	778133.375	5387320.5	1293011.25	1290758.875	938042.75	13885414.0	1005185.625	768406.25	810076.0	1095417.625	77032.375
Ae_speltoides	Ae_caudata	S_vavilovii	-8.865144271399375	1.0	1.176224825654246	63455982.0625	3905886.1875	5387320.5	938042.75	768406.25	5186456.8125	984295.3125	778133.375	1293011.25	13885414.0	810076.0	1290758.875	1095417.625	1005185.625	77032.375
Ae_caudata	Ae_speltoides	T_boeoticum	-4.898056483394712	0.999999515362173	1.0189997067725476	108384240.75	153601134.0625	7328598.875	5519530.5625	10423313.5	7508094.0	5633954.6875	10599035.25	11770794.125	22687973.6875	23028691.625	817744.25	940670.75	993071.25	514276.625
Ae_caudata	T_boeoticum	Ae_speltoides	-267.59253803961593	1.0	0.49538169302434765	108384240.75	7328598.875	153601134.0625	5519530.5625	10423313.5	7508094.0	11770794.125	817744.25	5633954.6875	22687973.6875	940670.75	10599035.25	23028691.625	993071.25	514276.625
Ae_speltoides	Ae_caudata	T_boeoticum	4.989382944355753	3.0333646861002705e-07	0.9820248603737364	108384240.75	153601134.0625	7508094.0	5633954.6875	10599035.25	7328598.875	5519530.5625	10423313.5	11770794.125	22687973.6875	23028691.625	817744.25	993071.25	940670.75	514276.625
Ae_caudata	Ae_speltoides	T_urartu	11.05310522926592	0.0	0.726167840057681	255935422.625	14603373.0625	19995737.5625	3983292.75	3373934.5	20919583.125	3794680.1875	3042294.25	4294856.5625	56290367.625	3025404.125	4805607.625	3626292.75	4146283.625	274950.625
Ae_caudata	T_urartu	Ae_speltoides	-18.258315138440334	1.0	0.6161779134533732	255935422.625	19995737.5625	14603373.0625	3983292.75	3373934.5	20919583.125	4294856.5625	4805607.625	3794680.1875	56290367.625	3626292.75	3042294.25	3025404.125	4146283.625	274950.625
Ae_speltoides	Ae_caudata	T_urartu	-6.885066503178554	0.9999999999970943	2.534043472514513	255935422.625	14603373.0625	20919583.125	3794680.1875	3042294.25	19995737.5625	3983292.75	3373934.5	4294856.5625	56290367.625	3025404.125	4805607.625	4146283.625	3626292.75	274950.625
Ae_caudata	Ae_speltoides	Ta_caputMedusae	40.46806023440434	0.0	0.6004560148951879	63615963.1875	3923377.3125	5001687.1875	1071328.5625	897129.0	5447668.25	889316.375	709531.375	1162854.0	14104488.75	715815.0	1275469.125	950640.5	1118098.25	72065.125
Ae_caudata	Ta_caputMedusae	Ae_speltoides	-20.34949949563247	1.0	0.7492886931007982	63615963.1875	5001687.1875	3923377.3125	1071328.5625	897129.0	5447668.25	1162854.0	1275469.125	889316.375	14104488.75	950640.5	709531.375	715815.0	1118098.25	72065.125
Ae_speltoides	Ae_caudata	Ta_caputMedusae	-13.540575698608965	1.0	-1.0114788905557996	63615963.1875	3923377.3125	5447668.25	889316.375	709531.375	5001687.1875	1071328.5625	897129.0	1162854.0	14104488.75	715815.0	1275469.125	1118098.25	950640.5	72065.125
Ae_caudata	Ae_tauschii	Ae_umbellulata	6.72478806441609	8.841705145812284e-12	0.7672536884843348	188611697.4375	15201054.5625	13714691.625	3049244.5	3032920.875	14120145.8125	2960978.3125	2736197.625	3251949.875	42627812.0	2809773.375	3311687.75	2535020.375	2780562.5	195939.375
Ae_caudata	Ae_umbellulata	Ae_tauschii	-15.443633910131105	1.0	0.5893967094624508	188611697.4375	13714691.625	15201054.5625	3049244.5	3032920.875	14120145.8125	3251949.875	3311687.75	2960978.3125	42627812.0	2535020.375	2736197.625	2809773.375	2780562.5	195939.375
Ae_tauschii	Ae_caudata	Ae_umbellulata	-4.684824436728206	0.9999985974025511	1.771293377978588	188611697.4375	15201054.5625	14120145.8125	2960978.3125	2736197.625	13714691.625	3049244.5	3032920.875	3251949.875	42627812.0	2809773.375	3311687.75	2780562.5	2535020.375	195939.375
Ae_caudata	Ae_tauschii	Ae_uniaristata	-4.2208294413068606	0.9999878219119085	0.09281623400299849	256863796.625	15969330.625	20404098.6875	3383685.3125	2829436.25	18310490.125	4165241.25	4001683.375	4085278.3125	58294020.3125	2850671.125	4668649.5	3685673.125	3433933.375	250579.0
Ae_caudata	Ae_uniaristata	Ae_tauschii	-3.7889858526150633	0.9999243432178753	-0.1286342831915405	256863796.625	20404098.6875	15969330.625	3383685.3125	2829436.25	18310490.125	4085278.3125	4668649.5	4165241.25	58294020.3125	3685673.125	4001683.375	2850671.125	3433933.375	250579.0
Ae_tauschii	Ae_caudata	Ae_uniaristata	37.033461786152955	0.0	0.47304284975088684	256863796.625	15969330.625	18310490.125	4165241.25	4001683.375	20404098.6875	3383685.3125	2829436.25	4085278.3125	58294020.3125	2850671.125	4668649.5	3433933.375	3685673.125	250579.0
Ae_caudata	Ae_tauschii	Er_bonaepartis	37.68794239834437	0.0	0.8571122868096587	63191028.6875	4952617.0	4833423.3125	954464.875	912121.875	5151040.3125	791749.0	780951.5	1767800.5625	13421223.875	1243402.375	1386311.125	768964.875	958127.25	75757.375
Ae_caudata	Er_bonaepartis	Ae_tauschii	-188.38326955509305	1.0	0.5454669258987958	63191028.6875	4833423.3125	4952617.0	954464.875	912121.875	5151040.3125	1767800.5625	1386311.125	791749.0	13421223.875	768964.875	780951.5	1243402.375	958127.25	75757.375
Ae_tauschii	Ae_caudata	Er_bonaepartis	-31.405050428386378	1.0	1.250093636673568	63191028.6875	4952617.0	5151040.3125	791749.0	780951.5	4833423.3125	954464.875	912121.875	1767800.5625	13421223.875	1243402.375	1386311.125	958127.25	768964.875	75757.375
Ae_caudata	Ae_tauschii	S_vavilovii	-0.5875449781379876	0.7215811673764116	1.0045698060907982	63902483.5625	4150044.25	5238685.4375	897292.5	710823.75	5165076.9375	900027.375	791662.375	1501228.5625	14128859.5	888383.375	1403197.5	952192.125	1030567.0	75289.75
Ae_caudata	S_vavilovii	Ae_tauschii	-129.74618607369842	1.0	0.4988653263352369	63902483.5625	5238685.4375	4150044.25	897292.5	710823.75	5165076.9375	1501228.5625	1403197.5	900027.375	14128859.5	952192.125	791662.375	888383.375	1030567.0	75289.75
Ae_tauschii	Ae_caudata	S_vavilovii	0.5902177307963231	0.27752229883585544	0.9954919960213192	63902483.5625	4150044.25	5165076.9375	900027.375	791662.375	5238685.4375	897292.5	710823.75	1501228.5625	14128859.5	888383.375	1403197.5	1030567.0	952192.125	75289.75
Ae_caudata	Ae_tauschii	T_boeoticum	3.50174702265969	0.0002311533126309051	0.9887593392091797	109750780.125	155444180.9375	7058963.375	5417974.5625	10211743.5	7218420.875	5338846.6875	10210316.125	12299151.5	23490183.9375	23905471.5	817044.125	788036.875	959874.25	462752.625
Ae_caudata	T_boeoticum	Ae_tauschii	-304.5215210605003	1.0	0.5028583599801372	109750780.125	7058963.375	155444180.9375	5417974.5625	10211743.5	7218420.875	12299151.5	817044.125	5338846.6875	23490183.9375	788036.875	10210316.125	23905471.5	959874.25	462752.625
Ae_tauschii	Ae_caudata	T_boeoticum	-3.4619375878497345	0.9997318021619264	1.0116329468183691	109750780.125	155444180.9375	7218420.875	5338846.6875	10210316.125	7058963.375	5417974.5625	10211743.5	12299151.5	23490183.9375	23905471.5	817044.125	959874.25	788036.875	462752.625
Ae_caudata	Ae_tauschii	T_urartu	38.73748240226638	0.0	0.6932808406208438	259039408.1875	14667733.875	19228532.4375	4007492.875	3523228.875	20521448.25	3350336.1875	2926062.75	4835715.0	57763778.0625	3290993.125	4983599.875	3321181.625	4104006.875	264958.0
Ae_caudata	T_urartu	Ae_tauschii	-48.82129422498672	1.0	0.6420203192453106	259039408.1875	19228532.4375	14667733.875	4007492.875	3523228.875	20521448.25	4835715.0	4983599.875	3350336.1875	57763778.0625	3321181.625	2926062.75	3290993.125	4104006.875	264958.0
Ae_tauschii	Ae_caudata	T_urartu	-21.599365577563844	1.0	4.84155149692351	259039408.1875	14667733.875	20521448.25	3350336.1875	2926062.75	19228532.4375	4007492.875	3523228.875	4835715.0	57763778.0625	3290993.125	4983599.875	4104006.875	3321181.625	264958.0
Ae_caudata	Ae_tauschii	Ta_caputMedusae	55.803560000738116	0.0	0.6842046277619811	64322614.0	3972342.0	4845172.9375	1046169.6875	930696.125	5307033.3125	804545.3125	685630.125	1328050.5	14439899.25	756616.75	1342590.5	854816.75	1089065.5	70037.25
Ae_caudata	Ta_caputMedusae	Ae_tauschii	-65.10085264949183	1.0	0.6500053235343053	64322614.0	4845172.9375	3972342.0	1046169.6875	930696.125	5307033.3125	1328050.5	1342590.5	804545.3125	14439899.25	854816.75	685630.125	756616.75	1089065.5	70037.25
Ae_tauschii	Ae_caudata	Ta_caputMedusae	-30.0473676459998	1.0	7.002130094099854	64322614.0	3972342.0	5307033.3125	804545.3125	685630.125	4845172.9375	1046169.6875	930696.125	1328050.5	14439899.25	756616.75	1342590.5	1089065.5	854816.75	70037.25
Ae_caudata	Ae_umbellulata	Ae_uniaristata	-26.200436501175478	1.0	0.2418756921202241	190355137.75	12550188.5625	17534271.1875	2404402.375	1948908.875	13978237.8125	3509351.875	3391654.0	3156823.375	42953799.3125	2322645.0	3330238.375	3240712.375	2566746.5	194006.625
Ae_caudata	Ae_uniaristata	Ae_umbellulata	-17.84132092249551	1.0	-0.8815581687578536	190355137.75	17534271.1875	12550188.5625	2404402.375	1948908.875	13978237.8125	3156823.375	3330238.375	3509351.875	42953799.3125	3240712.375	3391654.0	2322645.0	2566746.5	194006.625
Ae_umbellulata	Ae_caudata	Ae_uniaristata	55.921035129502826	0.0	0.4051001133053421	190355137.75	12550188.5625	13978237.8125	3509351.875	3391654.0	17534271.1875	2404402.375	1948908.875	3156823.375	42953799.3125	2322645.0	3330238.375	2566746.5	3240712.375	194006.625
Ae_caudata	Ae_umbellulata	Er_bonaepartis	30.43255569689535	0.0	0.8658966436533615	46984183.4375	3728236.25	4013234.9375	724752.0	676699.375	4023748.0	624681.8125	598724.75	1270828.5	9966899.4375	899664.375	906344.375	626928.625	751486.375	55591.75
Ae_caudata	Er_bonaepartis	Ae_umbellulata	-166.0684756987756	1.0	0.541967891813042	46984183.4375	4013234.9375	3728236.25	724752.0	676699.375	4023748.0	1270828.5	906344.375	624681.8125	9966899.4375	626928.625	598724.75	899664.375	751486.375	55591.75
Ae_umbellulata	Ae_caudata	Er_bonaepartis	-25.719397502932605	1.0	1.2243694420804863	46984183.4375	3728236.25	4023748.0	624681.8125	598724.75	4013234.9375	724752.0	676699.375	1270828.5	9966899.4375	899664.375	906344.375	751486.375	626928.625	55591.75
Ae_caudata	Ae_umbellulata	S_vavilovii	-8.937821939806916	1.0	1.097535664997251	47578218.1875	3094735.375	4280967.375	695521.9375	563661.125	4016457.6875	729105.375	611056.875	1107008.375	10441515.8125	695864.0	930991.125	811767.25	797078.125	56653.375
Ae_caudata	S_vavilovii	Ae_umbellulata	-109.51209235268104	1.0	0.4787282196184694	47578218.1875	4280967.375	3094735.375	695521.9375	563661.125	4016457.6875	1107008.375	930991.125	729105.375	10441515.8125	811767.25	611056.875	695864.0	797078.125	56653.375
Ae_umbellulata	Ae_caudata	S_vavilovii	9.732107204813108	0.0	0.9245434494976772	47578218.1875	3094735.375	4016457.6875	729105.375	611056.875	4280967.375	695521.9375	563661.125	1107008.375	10441515.8125	695864.0	930991.125	797078.125	811767.25	56653.375
Ae_caudata	Ae_umbellulata	T_boeoticum	17.225623491547026	0.0	0.9417119172720362	81968225.6875	115191596.375	5613941.4375	4554208.625	8648288.625	5676971.625	4255835.0625	8173766.0	9076407.75	17450210.0625	17613862.375	608689.25	613813.25	730756.75	364855.125
Ae_caudata	T_boeoticum	Ae_umbellulata	-261.0744022639522	1.0	0.5159681499499322	81968225.6875	5613941.4375	115191596.375	4554208.625	8648288.625	5676971.625	9076407.75	608689.25	4255835.0625	17450210.0625	613813.25	8173766.0	17613862.375	730756.75	364855.125
Ae_umbellulata	Ae_caudata	T_boeoticum	-16.15942846024214	1.0	1.0706405977436717	81968225.6875	115191596.375	5676971.625	4255835.0625	8173766.0	5613941.4375	4554208.625	8648288.625	9076407.75	17450210.0625	17613862.375	608689.25	730756.75	613813.25	364855.125
Ae_caudata	Ae_umbellulata	T_urartu	29.279033148412857	0.0	0.6886715526181008	192614373.875	11072487.5	16063687.0	3095504.25	2662725.875	16061415.125	2717188.0	2283065.5	3554039.375	42734262.625	2596846.625	3285683.625	2902076.0	3250300.125	198917.5
Ae_caudata	T_urartu	Ae_umbellulata	-35.4874133072176	1.0	0.6460244683729528	192614373.875	16063687.0	11072487.5	3095504.25	2662725.875	16061415.125	3554039.375	3285683.625	2717188.0	42734262.625	2902076.0	2283065.5	2596846.625	3250300.125	198917.5
Ae_umbellulata	Ae_caudata	T_urartu	-16.04283093229864	1.0	5.716050306115609	192614373.875	11072487.5	16061415.125	2717188.0	2283065.5	16063687.0	3095504.25	2662725.875	3554039.375	42734262.625	2596846.625	3285683.625	3250300.125	2902076.0	198917.5
Ae_caudata	Ae_umbellulata	Ta_caputMedusae	42.50938347360486	0.0	0.6947931878921318	47803043.9375	3017423.0	4059581.3125	804317.5	703327.75	4132258.875	664449.6875	543686.25	982854.125	10672352.9375	600324.0	890879.25	742144.125	861717.25	52604.0
Ae_caudata	Ta_caputMedusae	Ae_umbellulata	-54.26181850243911	1.0	0.6407287735454543	47803043.9375	4059581.3125	3017423.0	804317.5	703327.75	4132258.875	982854.125	890879.25	664449.6875	10672352.9375	742144.125	543686.25	600324.0	861717.25	52604.0
Ae_umbellulata	Ae_caudata	Ta_caputMedusae	-23.835980163461723	1.0	4.6170702811212525	47803043.9375	3017423.0	4132258.875	664449.6875	543686.25	4059581.3125	804317.5	703327.75	982854.125	10672352.9375	600324.0	890879.25	861717.25	742144.125	52604.0
Ae_caudata	Ae_uniaristata	Er_bonaepartis	34.63393796916793	0.0	0.8705412076801018	64222027.6875	5253533.4375	4056438.0	896580.25	740753.875	5293565.5	750678.5	830868.375	1731789.8125	13680446.6875	1276790.125	1252997.25	621025.375	1002527.375	72508.75
Ae_caudata	Er_bonaepartis	Ae_uniaristata	-198.2607897361127	1.0	0.5401640899491396	64222027.6875	4056438.0	5253533.4375	896580.25	740753.875	5293565.5	1731789.8125	1252997.25	750678.5	13680446.6875	621025.375	830868.375	1276790.125	1002527.375	72508.75
Ae_uniaristata	Ae_caudata	Er_bonaepartis	-29.48350081212715	1.0	1.2116641467776779	64222027.6875	5253533.4375	5293565.5	750678.5	830868.375	4056438.0	896580.25	740753.875	1731789.8125	13680446.6875	1276790.125	1252997.25	1002527.375	621025.375	72508.75
Ae_caudata	Ae_uniaristata	S_vavilovii	3.807315604052745	7.026569159573892e-05	0.9725098806283254	65120593.6875	4309413.125	4303809.5625	867265.0	633302.375	5321034.0625	850214.75	838723.875	1453396.4375	14406508.5	912844.75	1253935.5	789770.0	1038169.0	71467.375
Ae_caudata	S_vavilovii	Ae_uniaristata	-130.8829705147798	1.0	0.5071681080623742	65120593.6875	4303809.5625	4309413.125	867265.0	633302.375	5321034.0625	1453396.4375	1253935.5	850214.75	14406508.5	789770.0	838723.875	912844.75	1038169.0	71467.375
Ae_uniaristata	Ae_caudata	S_vavilovii	-3.699693499099501	0.9998920395607216	1.0299610150089524	65120593.6875	4309413.125	5321034.0625	850214.75	838723.875	4303809.5625	867265.0	633302.375	1453396.4375	14406508.5	912844.75	1253935.5	1038169.0	789770.0	71467.375
Ae_caudata	Ae_uniaristata	T_boeoticum	-56.34268986183823	1.0	1.2452901437812924	110586640.0	160565537.0	6503711.125	4235580.875	7923498.75	7467058.8125	5632070.9375	10802796.75	12721778.1875	23861071.0625	24732673.0	827411.125	774675.875	876047.75	455413.75
Ae_caudata	T_boeoticum	Ae_uniaristata	-342.3835200292036	1.0	0.4551714618917818	110586640.0	6503711.125	160565537.0	4235580.875	7923498.75	7467058.8125	12721778.1875	827411.125	5632070.9375	23861071.0625	774675.875	10802796.75	24732673.0	876047.75	455413.75
Ae_uniaristata	Ae_caudata	T_boeoticum	67.44075127848932	0.0	0.8586932876139877	110586640.0	160565537.0	7467058.8125	5632070.9375	10802796.75	6503711.125	4235580.875	7923498.75	12721778.1875	23861071.0625	24732673.0	827411.125	876047.75	774675.875	455413.75
Ae_caudata	Ae_uniaristata	T_urartu	-18.329478837911882	1.0	1.3383808979817817	261839217.0	17198557.0	17478861.625	3335998.875	2376477.0	20181563.5625	3727916.8125	3935014.625	5278050.0625	58262121.5625	3801753.375	5318881.25	3033823.5	3887437.25	270457.5
Ae_caudata	T_urartu	Ae_uniaristata	-90.82714195346809	1.0	0.4438864205894337	261839217.0	17478861.625	17198557.0	3335998.875	2376477.0	20181563.5625	5278050.0625	5318881.25	3727916.8125	58262121.5625	3033823.5	3935014.625	3801753.375	3887437.25	270457.5
Ae_uniaristata	Ae_caudata	T_urartu	22.96369434267853	0.0	0.8320809245923508	261839217.0	17198557.0	20181563.5625	3727916.8125	3935014.625	17478861.625	3335998.875	2376477.0	5278050.0625	58262121.5625	3801753.375	5318881.25	3887437.25	3033823.5	270457.5
Ae_caudata	Ae_uniaristata	Ta_caputMedusae	15.44228049458103	0.0	0.8905637215061553	65172336.1875	4485887.5	4237699.875	901410.3125	685038.875	5319057.875	834505.9375	818570.25	1378956.1875	14586152.75	883867.125	1295573.375	766737.75	1034023.875	67265.125
Ae_caudata	Ta_caputMedusae	Ae_uniaristata	-110.22294656784591	1.0	0.5327322058094888	65172336.1875	4237699.875	4485887.5	901410.3125	685038.875	5319057.875	1378956.1875	1295573.375	834505.9375	14586152.75	766737.75	818570.25	883867.125	1034023.875	67265.125
Ae_uniaristata	Ae_caudata	Ta_caputMedusae	-13.544667030238541	1.0	1.1629264821017846	65172336.1875	4485887.5	5319057.875	834505.9375	818570.25	4237699.875	901410.3125	685038.875	1378956.1875	14586152.75	883867.125	1295573.375	1034023.875	766737.75	67265.125
Ae_caudata	Er_bonaepartis	S_vavilovii	-29.74730671854902	1.0	0.7272219625864262	16092093.375	982082.875	1265860.0	282120.5	197889.0	1590296.25	316192.625	227459.875	225356.875	3403094.0	191966.125	224338.5	316885.25	313765.875	20264.875
Ae_caudata	S_vavilovii	Er_bonaepartis	49.55854568306788	0.0	0.6154209663828183	16092093.375	1265860.0	982082.875	282120.5	197889.0	1590296.25	225356.875	224338.5	316192.625	3403094.0	316885.25	227459.875	191966.125	313765.875	20264.875
Er_bonaepartis	Ae_caudata	S_vavilovii	-99999.9	1.0	2.5015369191106807	16092093.375	982082.875	1590296.25	316192.625	227459.875	1265860.0	282120.5	197889.0	225356.875	3403094.0	191966.125	224338.5	313765.875	316885.25	20264.875
Ae_caudata	Er_bonaepartis	T_boeoticum	-58.39560767585485	1.0	2.1958957425924215	27218788.25	39279891.875	2020095.1875	1330590.5625	2519282.125	2263133.1875	1849231.1875	3393484.0	2801555.625	5430019.875	5485483.875	243084.75	295964.75	268898.375	154845.375
Ae_caudata	T_boeoticum	Er_bonaepartis	-165.6212308756941	1.0	0.3929883068036238	27218788.25	2020095.1875	39279891.875	1330590.5625	2519282.125	2263133.1875	2801555.625	243084.75	1849231.1875	5430019.875	295964.75	3393484.0	5485483.875	268898.375	154845.375
Er_bonaepartis	Ae_caudata	T_boeoticum	90.19814604373137	0.0	0.7393249183702889	27218788.25	39279891.875	2263133.1875	1849231.1875	3393484.0	2020095.1875	1330590.5625	2519282.125	2801555.625	5430019.875	5485483.875	243084.75	268898.375	295964.75	154845.375
Ae_caudata	Er_bonaepartis	T_urartu	-84.55193324024526	1.0	0.6193964283048893	64711494.0625	3792134.125	5072589.0	1060032.0625	828280.25	6021177.6875	1428811.875	931271.5	828657.5	13665119.8125	711095.5	863750.75	1188186.5	1212396.125	75695.25
Ae_caudata	T_urartu	Er_bonaepartis	53.04836625782207	0.0	0.7217480329720937	64711494.0625	5072589.0	3792134.125	1060032.0625	828280.25	6021177.6875	828657.5	863750.75	1428811.875	13665119.8125	1188186.5	931271.5	711095.5	1212396.125	75695.25
Er_bonaepartis	Ae_caudata	T_urartu	-99999.9	1.0	-1.6838844403689093	64711494.0625	3792134.125	6021177.6875	1428811.875	931271.5	5072589.0	1060032.0625	828280.25	828657.5	13665119.8125	711095.5	863750.75	1212396.125	1188186.5	75695.25
Ae_caudata	Er_bonaepartis	Ta_caputMedusae	-99999.9	1.0	1.0943124775400273	16199816.25	914694.25	1157122.125	312475.0	271748.625	1612379.375	303059.75	181654.875	193814.125	3454331.875	158811.25	198975.625	295319.25	322193.0	18878.625
Ae_caudata	Ta_caputMedusae	Er_bonaepartis	83.60567025649434	0.0	0.47934405117888257	16199816.25	1157122.125	914694.25	312475.0	271748.625	1612379.375	193814.125	198975.625	303059.75	3454331.875	295319.25	181654.875	158811.25	322193.0	18878.625
Er_bonaepartis	Ae_caudata	Ta_caputMedusae	-7.205490259975689	0.9999999999997087	0.9264870794615312	16199816.25	914694.25	1612379.375	303059.75	181654.875	1157122.125	312475.0	271748.625	193814.125	3454331.875	158811.25	198975.625	322193.0	295319.25	18878.625
Ae_caudata	S_vavilovii	T_boeoticum	-75.86956486646147	1.0	2.0255431308199707	27607160.375	40086124.375	1634581.0	1143955.5	2129540.75	2236294.3125	1786733.4375	3345768.25	3056279.6875	5776932.0625	5994113.25	237252.375	254964.875	278143.5	154121.25
Ae_caudata	T_boeoticum	S_vavilovii	-225.71901666932126	1.0	0.3989936972410116	27607160.375	1634581.0	40086124.375	1143955.5	2129540.75	2236294.3125	3056279.6875	237252.375	1786733.4375	5776932.0625	254964.875	3345768.25	5994113.25	278143.5	154121.25
S_vavilovii	Ae_caudata	T_boeoticum	114.28272423256301	0.0	0.7484335631007313	27607160.375	40086124.375	2236294.3125	1786733.4375	3345768.25	1634581.0	1143955.5	2129540.75	3056279.6875	5776932.0625	5994113.25	237252.375	278143.5	254964.875	154121.25
Ae_caudata	S_vavilovii	T_urartu	-36.39016681405015	1.0	0.5884061577768273	65546580.5625	4092697.0	4193767.6875	1011067.75	674980.25	6022868.8125	1169426.5	925269.375	943040.0625	14335364.5	913871.125	860533.125	867371.75	1243514.375	73209.125
Ae_caudata	T_urartu	S_vavilovii	15.632473078368411	0.0	0.7689387779883182	65546580.5625	4193767.6875	4092697.0	1011067.75	674980.25	6022868.8125	943040.0625	860533.125	1169426.5	14335364.5	867371.75	925269.375	913871.125	1243514.375	73209.125
S_vavilovii	Ae_caudata	T_urartu	-99999.9	1.0	-0.753092962899667	65546580.5625	4092697.0	6022868.8125	1169426.5	925269.375	4193767.6875	1011067.75	674980.25	943040.0625	14335364.5	913871.125	860533.125	1243514.375	867371.75	73209.125
Ae_caudata	S_vavilovii	Ta_caputMedusae	-10.791432064201953	1.0	0.555749089965924	16277829.3125	1110438.9375	1066217.75	263730.875	178583.125	1563936.6875	276148.6875	222204.625	260614.25	3578125.375	239101.875	240749.0	245869.125	314786.0	19048.375
Ae_caudata	Ta_caputMedusae	S_vavilovii	2.708435721435945	0.00338011078486411	0.8328982598176378	16277829.3125	1066217.75	1110438.9375	263730.875	178583.125	1563936.6875	260614.25	240749.0	276148.6875	3578125.375	245869.125	222204.625	239101.875	314786.0	19048.375
S_vavilovii	Ae_caudata	Ta_caputMedusae	-99999.9	1.0	-0.33507818222135616	16277829.3125	1110438.9375	1563936.6875	276148.6875	222204.625	1066217.75	263730.875	178583.125	260614.25	3578125.375	239101.875	240749.0	314786.0	245869.125	19048.375
Ae_caudata	T_boeoticum	T_urartu	-263.8147005977474	1.0	0.4381599715402043	111718903.0	5827253.1875	160211986.3125	4788127.25	8389488.25	8590866.6875	12167710.125	821492.5	6412623.875	23573085.0625	846296.125	12445871.625	23981291.75	1076008.25	520722.0
Ae_caudata	T_urartu	T_boeoticum	-58.074568441841095	1.0	1.3932844393855754	111718903.0	160211986.3125	5827253.1875	4788127.25	8389488.25	8590866.6875	6412623.875	12445871.625	12167710.125	23573085.0625	23981291.75	821492.5	846296.125	1076008.25	520722.0
T_boeoticum	Ae_caudata	T_urartu	74.46736193509278	0.0	0.18041784559987503	111718903.0	5827253.1875	8590866.6875	12167710.125	821492.5	160211986.3125	4788127.25	8389488.25	6412623.875	23573085.0625	846296.125	12445871.625	1076008.25	23981291.75	520722.0
Ae_caudata	T_boeoticum	Ta_caputMedusae	-234.07495950086226	1.0	0.4169226620315662	27694274.5625	1676347.0	39995694.625	1238127.0625	2297002.75	2238393.125	3083219.6875	226734.625	1763907.6875	5872956.375	233114.125	3341119.0	6042304.5	288903.125	143615.75
Ae_caudata	Ta_caputMedusae	T_boeoticum	-66.70238492943572	1.0	1.662583284750398	27694274.5625	39995694.625	1676347.0	1238127.0625	2297002.75	2238393.125	1763907.6875	3341119.0	3083219.6875	5872956.375	6042304.5	226734.625	233114.125	288903.125	143615.75
T_boeoticum	Ae_caudata	Ta_caputMedusae	93.28504440436608	0.0	0.22176665285670588	27694274.5625	1676347.0	2238393.125	3083219.6875	226734.625	39995694.625	1238127.0625	2297002.75	1763907.6875	5872956.375	233114.125	3341119.0	288903.125	6042304.5	143615.75
Ae_caudata	T_urartu	Ta_caputMedusae	34.931731930631436	0.0	0.3490168869125156	65910227.4375	4051416.1875	3758377.875	1149441.625	878619.375	6149158.375	869612.75	771495.5	1019639.6875	14622898.9375	740659.5	889805.875	820803.0	1302557.875	68210.0
Ae_caudata	Ta_caputMedusae	T_urartu	-99999.9	1.0	7.4178955500618065	65910227.4375	3758377.875	4051416.1875	1149441.625	878619.375	6149158.375	1019639.6875	889805.875	869612.75	14622898.9375	820803.0	771495.5	740659.5	1302557.875	68210.0
T_urartu	Ae_caudata	Ta_caputMedusae	-30.222615754097944	1.0	0.31687542425778825	65910227.4375	4051416.1875	6149158.375	869612.75	771495.5	3758377.875	1149441.625	878619.375	1019639.6875	14622898.9375	740659.5	889805.875	1302557.875	820803.0	68210.0
Ae_comosa	Ae_longissima	Ae_mutica	-0.04637223223120468	0.5184932815987321	1.000530273854308	123008759.875	6500622.9375	11562416.75	1851061.3125	1668119.125	9766119.125	1851498.5625	1430463.5	2676509.75	27679660.4375	1422887.25	3346410.0	2068877.375	1812347.25	142923.75
Ae_comosa	Ae_mutica	Ae_longissima	-87.542336509197	1.0	0.4998675368990017	123008759.875	11562416.75	6500622.9375	1851061.3125	1668119.125	9766119.125	2676509.75	3346410.0	1851498.5625	27679660.4375	2068877.375	1430463.5	1422887.25	1812347.25	142923.75
Ae_longissima	Ae_comosa	Ae_mutica	0.04639680918100888	0.4814969241469873	0.9994705683769342	123008759.875	6500622.9375	9766119.125	1851498.5625	1430463.5	11562416.75	1851061.3125	1668119.125	2676509.75	27679660.4375	1422887.25	3346410.0	1812347.25	2068877.375	142923.75
Ae_comosa	Ae_longissima	Ae_searsii	26.037145446958995	0.0	0.7019520805581992	78302387.1875	16313552.75	6037092.9375	1798569.5	2343870.875	4815062.75	1616969.3125	2237955.75	2044667.75	17345642.6875	2839842.375	1233020.375	977688.125	880135.375	120053.25
Ae_comosa	Ae_searsii	Ae_longissima	-35.28463278426994	1.0	0.6347588900843327	78302387.1875	6037092.9375	16313552.75	1798569.5	2343870.875	4815062.75	2044667.75	1233020.375	1616969.3125	17345642.6875	977688.125	2237955.75	2839842.375	880135.375	120053.25
Ae_longissima	Ae_comosa	Ae_searsii	-14.981808133194487	1.0	3.815591359817979	78302387.1875	16313552.75	4815062.75	1616969.3125	2237955.75	6037092.9375	1798569.5	2343870.875	2044667.75	17345642.6875	2839842.375	1233020.375	880135.375	977688.125	120053.25
Ae_comosa	Ae_longissima	Ae_sharonensis	33.30069893463909	0.0	0.1522154627538237	62062229.9375	2847875.625	4525429.8125	1472650.25	1239288.125	4822652.625	717088.5625	698650.75	852745.875	14246243.4375	526904.125	1210320.5	767132.25	1048675.25	62250.875
Ae_comosa	Ae_sharonensis	Ae_longissima	-99999.9	1.0	-0.2801407029701909	62062229.9375	4525429.8125	2847875.625	1472650.25	1239288.125	4822652.625	852745.875	1210320.5	717088.5625	14246243.4375	767132.25	698650.75	526904.125	1048675.25	62250.875
Ae_longissima	Ae_comosa	Ae_sharonensis	-152.17203245229126	1.0	0.4506867831208304	62062229.9375	2847875.625	4822652.625	717088.5625	698650.75	4525429.8125	1472650.25	1239288.125	852745.875	14246243.4375	526904.125	1210320.5	1048675.25	767132.25	62250.875
Ae_comosa	Ae_longissima	Ae_speltoides	20.216614754253897	0.0	0.8086389908409652	120878304.3125	7689351.375	10565010.0	1993439.1875	2044140.375	9158680.0625	1816394.625	1623708.875	2564536.25	26879948.5625	1689662.25	2828942.125	1862392.25	1694503.875	144013.875
Ae_comosa	Ae_speltoides	Ae_longissima	-65.21323861526977	1.0	0.5671010349292838	120878304.3125	10565010.0	7689351.375	1993439.1875	2044140.375	9158680.0625	2564536.25	2828942.125	1816394.625	26879948.5625	1862392.25	1623708.875	1689662.25	1694503.875	144013.875
Ae_longissima	Ae_comosa	Ae_speltoides	-15.432438075943917	1.0	1.4492918139080453	120878304.3125	7689351.375	9158680.0625	1816394.625	1623708.875	10565010.0	1993439.1875	2044140.375	2564536.25	26879948.5625	1689662.25	2828942.125	1694503.875	1862392.25	144013.875
Ae_comosa	Ae_longissima	Ae_tauschii	5.817239382663002	3.0007872853232698e-09	0.8555662851230926	122260313.625	7408929.1875	10745456.375	2001855.1875	2004574.375	9047097.3125	1949206.625	1706813.0	2261075.1875	27801614.0	1430637.25	2850367.25	1928097.375	1704353.125	137789.125
Ae_comosa	Ae_tauschii	Ae_longissima	-28.641708741314496	1.0	0.546094919384767	122260313.625	10745456.375	7408929.1875	2001855.1875	2004574.375	9047097.3125	2261075.1875	2850367.25	1949206.625	27801614.0	1928097.375	1706813.0	1430637.25	1704353.125	137789.125
Ae_longissima	Ae_comosa	Ae_tauschii	-4.835193328516084	0.9999993340273204	1.2548685488040912	122260313.625	7408929.1875	9047097.3125	1949206.625	1706813.0	10745456.375	2001855.1875	2004574.375	2261075.1875	27801614.0	1430637.25	2850367.25	1704353.125	1928097.375	137789.125
Ae_comosa	Ae_longissima	Ae_umbellulata	7.511430727821211	2.9531932455029164e-14	0.8586651529680235	91334328.8125	5927029.25	8089705.5625	1497376.25	1537489.625	6866661.0625	1446442.625	1212958.5	1755884.5625	20606174.0	1168774.875	2140193.0	1450323.5	1267727.625	104622.75
Ae_comosa	Ae_umbellulata	Ae_longissima	-38.12348486701474	1.0	0.5448398649353531	91334328.8125	8089705.5625	5927029.25	1497376.25	1537489.625	6866661.0625	1755884.5625	2140193.0	1446442.625	20606174.0	1450323.5	1212958.5	1168774.875	1267727.625	104622.75
Ae_longissima	Ae_comosa	Ae_umbellulata	-6.275061801892019	0.9999999998245018	1.2453749328178563	91334328.8125	5927029.25	6866661.0625	1446442.625	1212958.5	8089705.5625	1497376.25	1537489.625	1755884.5625	20606174.0	1168774.875	2140193.0	1267727.625	1450323.5	104622.75
Ae_comosa	Ae_longissima	Ae_uniaristata	-29.238236721392685	1.0	-1.0446748078550276	122434082.5625	7617129.75	12676042.4375	1497575.75	1304754.25	9232215.25	2309507.9375	1795085.75	2724344.125	27892113.0625	1423073.25	3883817.375	2221926.5	1582074.625	144594.375
Ae_comosa	Ae_uniaristata	Ae_longissima	-44.17677326108992	1.0	0.2527016535993576	122434082.5625	12676042.4375	7617129.75	1497575.75	1304754.25	9232215.25	2724344.125	3883817.375	2309507.9375	27892113.0625	2221926.5	1795085.75	1423073.25	1582074.625	144594.375
Ae_longissima	Ae_comosa	Ae_uniaristata	86.4643568506622	0.0	0.601740342630626	122434082.5625	7617129.75	9232215.25	2309507.9375	1795085.75	12676042.4375	1497575.75	1304754.25	2724344.125	27892113.0625	1423073.25	3883817.375	1582074.625	2221926.5	144594.375
Ae_comosa	Ae_longissima	Er_bonaepartis	13.894920455302364	0.0	0.9434109515917724	30450908.625	2089707.6875	2899625.6875	449978.5	464933.25	2506010.9375	419089.375	355704.125	934050.125	6492429.5625	529850.25	920573.375	465479.0	417856.125	41543.375
Ae_comosa	Er_bonaepartis	Ae_longissima	-217.75096329352027	1.0	0.5154595215195104	30450908.625	2899625.6875	2089707.6875	449978.5	464933.25	2506010.9375	934050.125	920573.375	419089.375	6492429.5625	465479.0	355704.125	529850.25	417856.125	41543.375
Ae_longissima	Ae_comosa	Er_bonaepartis	-13.061455118752166	1.0	1.0681604541216838	30450908.625	2089707.6875	2506010.9375	419089.375	355704.125	2899625.6875	449978.5	464933.25	934050.125	6492429.5625	529850.25	920573.375	417856.125	465479.0	41543.375
Ae_comosa	Ae_longissima	S_vavilovii	-3.8438808693590336	0.9999394260924999	1.0224039056412486	30687352.875	1811190.4375	3084929.4375	449216.875	388339.375	2578322.5625	458288.25	339506.375	872261.125	6761073.4375	435430.875	985087.25	553738.0	485962.25	42810.875
Ae_comosa	S_vavilovii	Ae_longissima	-179.25967115981166	1.0	0.49458112938848175	30687352.875	3084929.4375	1811190.4375	449216.875	388339.375	2578322.5625	872261.125	985087.25	458288.25	6761073.4375	553738.0	339506.375	435430.875	485962.25	42810.875
Ae_longissima	Ae_comosa	S_vavilovii	3.928111713762262	4.2825582212469016e-05	0.9790070655278896	30687352.875	1811190.4375	2578322.5625	458288.25	339506.375	3084929.4375	449216.875	388339.375	872261.125	6761073.4375	435430.875	985087.25	485962.25	553738.0	42810.875
Ae_comosa	Ae_longissima	T_boeoticum	58.578378278170256	0.0	0.8372775885347894	53387260.4375	72046739.25	3699150.8125	3055040.625	5853377.125	3320755.5625	2423542.375	4620282.125	5672875.5625	11463876.25	10996632.25	414180.125	391303.875	426927.375	236550.25
Ae_comosa	T_boeoticum	Ae_longissima	-242.83285858462023	1.0	0.5538162735876945	53387260.4375	3699150.8125	72046739.25	3055040.625	5853377.125	3320755.5625	5672875.5625	414180.125	2423542.375	11463876.25	391303.875	4620282.125	10996632.25	426927.375	236550.25
Ae_longissima	Ae_comosa	T_boeoticum	-47.19384451819475	1.0	1.3179210523442542	53387260.4375	72046739.25	3320755.5625	2423542.375	4620282.125	3699150.8125	3055040.625	5853377.125	5672875.5625	11463876.25	10996632.25	414180.125	426927.375	391303.875	236550.25
Ae_comosa	Ae_longissima	T_urartu	21.505563229521428	0.0	0.8448613524619683	124765000.75	5940186.4375	11535170.0	1888007.5625	1696549.75	10123767.875	1702094.1875	1240915.5	2714550.0	27822132.6875	1461054.125	3325170.875	1933143.875	1899876.375	145003.0
Ae_comosa	T_urartu	Ae_longissima	-95.61044573333692	1.0	0.5505474583784948	124765000.75	11535170.0	5940186.4375	1888007.5625	1696549.75	10123767.875	2714550.0	3325170.875	1702094.1875	27822132.6875	1933143.875	1240915.5	1461054.125	1899876.375	145003.0
Ae_longissima	Ae_comosa	T_urartu	-17.55657919296998	1.0	1.290204403581831	124765000.75	5940186.4375	10123767.875	1702094.1875	1240915.5	11535170.0	1888007.5625	1696549.75	2714550.0	27822132.6875	1461054.125	3325170.875	1899876.375	1933143.875	145003.0
Ae_comosa	Ae_longissima	Ta_caputMedusae	6.431212412150146	6.359446302894867e-11	0.95383268301193	30907115.1875	1676586.5625	2970069.5625	467407.4375	413956.75	2556244.375	452637.5	343463.625	757789.5	6938002.5	349890.5	910441.125	525456.0	486509.75	38314.625
Ae_comosa	Ta_caputMedusae	Ae_longissima	-126.43985288466911	1.0	0.5124005816208036	30907115.1875	2970069.5625	1676586.5625	467407.4375	413956.75	2556244.375	757789.5	910441.125	452637.5	6938002.5	525456.0	343463.625	349890.5	486509.75	38314.625
Ae_longissima	Ae_comosa	Ta_caputMedusae	-6.119929492894555	0.9999999995300979	1.0535895781072766	30907115.1875	1676586.5625	2556244.375	452637.5	343463.625	2970069.5625	467407.4375	413956.75	757789.5	6938002.5	349890.5	910441.125	486509.75	525456.0	38314.625
Ae_comosa	Ae_mutica	Ae_searsii	-23.096186480694218	1.0	0.1574481992245603	106934413.9375	24812590.75	5743432.625	1681353.9375	1956417.25	7944665.3125	3009209.625	4445694.125	2761072.375	23452310.0625	4305589.875	1102797.25	1141390.5	1283329.0	166458.375
Ae_comosa	Ae_searsii	Ae_mutica	-18.780187194961112	1.0	-0.2983920917523161	106934413.9375	5743432.625	24812590.75	1681353.9375	1956417.25	7944665.3125	2761072.375	1102797.25	3009209.625	23452310.0625	1141390.5	4445694.125	4305589.875	1283329.0	166458.375
Ae_mutica	Ae_comosa	Ae_searsii	100.49832654768183	0.0	0.4484673706567602	106934413.9375	24812590.75	7944665.3125	3009209.625	4445694.125	5743432.625	1681353.9375	1956417.25	2761072.375	23452310.0625	4305589.875	1102797.25	1283329.0	1141390.5	166458.375
Ae_comosa	Ae_mutica	Ae_sharonensis	-59.13224969454738	1.0	0.48687463458011493	84237079.6875	5812114.8125	4720209.375	1220690.125	920558.25	7366471.75	1602294.5	1767166.5	1240212.4375	18940724.1875	1150369.875	1181218.75	1026884.25	1360448.75	89578.75
Ae_comosa	Ae_sharonensis	Ae_mutica	-3.0251179834219104	0.9987572499756625	1.0569895105890286	84237079.6875	4720209.375	5812114.8125	1220690.125	920558.25	7366471.75	1240212.4375	1181218.75	1602294.5	18940724.1875	1026884.25	1767166.5	1150369.875	1360448.75	89578.75
Ae_mutica	Ae_comosa	Ae_sharonensis	3.1882227177850826	0.0007158158973261664	0.04866869522362558	84237079.6875	5812114.8125	7366471.75	1602294.5	1767166.5	4720209.375	1220690.125	920558.25	1240212.4375	18940724.1875	1150369.875	1181218.75	1360448.75	1026884.25	89578.75
Ae_comosa	Ae_mutica	Ae_speltoides	-99999.9	1.0	-4.304049647413688	167078282.5625	11712929.9375	8863624.375	2689219.25	1944182.875	15545782.8125	2591626.0625	3154262.375	2512432.625	37380013.5	2319163.125	2218137.375	1661844.0	2933024.875	170689.25
Ae_comosa	Ae_speltoides	Ae_mutica	7.091745389991899	6.666889262874065e-13	0.3093734595052691	167078282.5625	8863624.375	11712929.9375	2689219.25	1944182.875	15545782.8125	2512432.625	2218137.375	2591626.0625	37380013.5	1661844.0	3154262.375	2319163.125	2933024.875	170689.25
Ae_mutica	Ae_comosa	Ae_speltoides	-8.739436743704225	1.0	0.6443135279859555	167078282.5625	11712929.9375	15545782.8125	2591626.0625	3154262.375	8863624.375	2689219.25	1944182.875	2512432.625	37380013.5	2319163.125	2218137.375	2933024.875	1661844.0	170689.25
Ae_comosa	Ae_mutica	Ae_tauschii	-62.42068143972695	1.0	0.439108006670787	168099043.4375	12144795.5625	9801719.0	2326960.75	1676889.0	14751108.4375	3240720.0625	3690240.5	2525361.25	38066497.375	2206777.625	2577015.375	1979093.125	2663961.0	176074.5
Ae_comosa	Ae_tauschii	Ae_mutica	-13.55312524706285	1.0	1.3837843307723192	168099043.4375	9801719.0	12144795.5625	2326960.75	1676889.0	14751108.4375	2525361.25	2577015.375	3240720.0625	38066497.375	1979093.125	3690240.5	2206777.625	2663961.0	176074.5
Ae_mutica	Ae_comosa	Ae_tauschii	17.312003698818685	0.0	0.1783920779820481	168099043.4375	12144795.5625	14751108.4375	3240720.0625	3690240.5	9801719.0	2326960.75	1676889.0	2525361.25	38066497.375	2206777.625	2577015.375	2663961.0	1979093.125	176074.5
Ae_comosa	Ae_mutica	Ae_umbellulata	-50.44757694592074	1.0	0.3634591311324095	125280605.0	9899456.625	7514705.9375	1697883.8125	1212945.375	11141560.4375	2450743.8125	2724764.625	2020867.5	28169580.125	1848089.5	1982000.375	1542680.875	1973975.125	134791.875
Ae_comosa	Ae_umbellulata	Ae_mutica	-21.64246264568907	1.0	4.021571296429478	125280605.0	7514705.9375	9899456.625	1697883.8125	1212945.375	11141560.4375	2020867.5	1982000.375	2450743.8125	28169580.125	1542680.875	2724764.625	1848089.5	1973975.125	134791.875
Ae_mutica	Ae_comosa	Ae_umbellulata	37.90333161805344	0.0	0.30021432597753656	125280605.0	9899456.625	11141560.4375	2450743.8125	2724764.625	7514705.9375	1697883.8125	1212945.375	2020867.5	28169580.125	1848089.5	1982000.375	1973975.125	1542680.875	134791.875
Ae_comosa	Ae_mutica	Ae_uniaristata	-57.75972111673661	1.0	0.3499990990192573	169647775.625	11139640.875	10830834.6875	2114017.0625	1321584.5	15738608.875	3326933.125	3066267.75	2673827.0625	38454547.6875	2066474.25	3115205.75	2248449.375	2767924.5	171010.875
Ae_comosa	Ae_uniaristata	Ae_mutica	-26.65845599547439	1.0	7.000360411780508	169647775.625	10830834.6875	11139640.875	2114017.0625	1321584.5	15738608.875	2673827.0625	3115205.75	3326933.125	38454547.6875	2248449.375	3066267.75	2066474.25	2767924.5	171010.875
Ae_mutica	Ae_comosa	Ae_uniaristata	49.50875720643048	0.0	0.3157904719979825	169647775.625	11139640.875	15738608.875	3326933.125	3066267.75	10830834.6875	2114017.0625	1321584.5	2673827.0625	38454547.6875	2066474.25	3115205.75	2767924.5	2248449.375	171010.875
Ae_comosa	Ae_mutica	Er_bonaepartis	-3.121289375527458	0.9990996275564449	1.02429735918209	42057050.5	3175127.9375	2550138.9375	588500.875	415100.5	4181321.5	598236.1875	704912.625	1008645.1875	9038281.375	740541.75	807881.875	448813.0	708892.5	49572.25
Ae_comosa	Er_bonaepartis	Ae_mutica	-134.70466189909533	1.0	0.4941392609279371	42057050.5	2550138.9375	3175127.9375	588500.875	415100.5	4181321.5	1008645.1875	807881.875	598236.1875	9038281.375	448813.0	704912.625	740541.75	708892.5	49572.25
Ae_mutica	Ae_comosa	Er_bonaepartis	3.1953294854511927	0.0006984208436275896	0.9773533986403752	42057050.5	3175127.9375	4181321.5	598236.1875	704912.625	2550138.9375	588500.875	415100.5	1008645.1875	9038281.375	740541.75	807881.875	708892.5	448813.0	49572.25
Ae_comosa	Ae_mutica	S_vavilovii	30.270527689831333	0.0	0.7603886257149878	42612626.1875	2630546.625	2551105.9375	670235.25	401632.5	4436636.0625	583377.25	584153.875	859014.5625	9443579.0	597053.375	775890.25	526719.125	867799.5	49396.5
Ae_comosa	S_vavilovii	Ae_mutica	-65.7907090457824	1.0	0.5935130175410925	42612626.1875	2551105.9375	2630546.625	670235.25	401632.5	4436636.0625	859014.5625	775890.25	583377.25	9443579.0	526719.125	584153.875	597053.375	867799.5	49396.5
Ae_mutica	Ae_comosa	S_vavilovii	-20.731770145591486	1.0	1.8522064509324287	42612626.1875	2630546.625	4436636.0625	583377.25	584153.875	2551105.9375	670235.25	401632.5	859014.5625	9443579.0	597053.375	775890.25	867799.5	526719.125	49396.5
Ae_comosa	Ae_mutica	T_boeoticum	-88.53254668576882	1.0	2.947098140189421	72466750.5	103189797.0	3967504.25	2552311.0	4766239.25	5877061.0625	4744216.9375	9081820.25	8061852.4375	15554398.5625	15716552.75	588713.5	591590.0	565214.125	331251.375
Ae_comosa	T_boeoticum	Ae_mutica	-222.5340632495306	1.0	0.3758433215387216	72466750.5	3967504.25	103189797.0	2552311.0	4766239.25	5877061.0625	8061852.4375	588713.5	4744216.9375	15554398.5625	591590.0	9081820.25	15716552.75	565214.125	331251.375
Ae_mutica	Ae_comosa	T_boeoticum	147.02451023707897	0.0	0.7153903895240211	72466750.5	103189797.0	5877061.0625	4744216.9375	9081820.25	3967504.25	2552311.0	4766239.25	8061852.4375	15554398.5625	15716552.75	588713.5	565214.125	591590.0	331251.375
Ae_comosa	Ae_mutica	T_urartu	-3.238120034050042	0.9993983369722044	1.2094770348478896	172314045.0	9416573.0625	10142705.75	2517904.9375	1546799.75	16747082.25	2563259.6875	2658071.0	2825128.625	38437132.1875	2162861.375	2910728.125	1942912.625	3125224.375	174801.25
Ae_comosa	T_urartu	Ae_mutica	-21.93435477934471	1.0	0.4601516976256721	172314045.0	10142705.75	9416573.0625	2517904.9375	1546799.75	16747082.25	2825128.625	2910728.125	2563259.6875	38437132.1875	1942912.625	2658071.0	2162861.375	3125224.375	174801.25
Ae_mutica	Ae_comosa	T_urartu	3.79895067710533	7.267945481381766e-05	0.8713626666406677	172314045.0	9416573.0625	16747082.25	2563259.6875	2658071.0	10142705.75	2517904.9375	1546799.75	2825128.625	38437132.1875	2162861.375	2910728.125	3125224.375	1942912.625	174801.25
Ae_comosa	Ae_mutica	Ta_caputMedusae	2.2102613211058184	0.013543469427916066	0.949615051330308	42735220.875	2568623.9375	2595275.5	639193.3125	382210.125	4290515.625	632321.3125	669520.0	761839.25	9616034.4375	500551.25	774979.5	519800.875	812080.75	45696.25
Ae_comosa	Ta_caputMedusae	Ae_mutica	-39.44696912791234	1.0	0.5136260596407793	42735220.875	2595275.5	2568623.9375	639193.3125	382210.125	4290515.625	761839.25	774979.5	632321.3125	9616034.4375	519800.875	669520.0	500551.25	812080.75	45696.25
Ae_mutica	Ae_comosa	Ta_caputMedusae	-2.0929886398709194	0.9818249788780797	1.059357055209425	42735220.875	2568623.9375	4290515.625	632321.3125	669520.0	2595275.5	639193.3125	382210.125	761839.25	9616034.4375	500551.25	774979.5	812080.75	519800.875	45696.25
Ae_comosa	Ae_searsii	Ae_sharonensis	-30.55119470599276	1.0	0.4195531178806548	53674198.75	2870376.0	11532100.9375	1114264.5625	1301063.25	3726665.9375	1313553.5625	607079.75	1169505.375	11905248.875	509671.5	1812334.5	2003454.625	668180.125	78380.25
Ae_comosa	Ae_sharonensis	Ae_searsii	-8.468469501100117	1.0	1.6220295611710176	53674198.75	11532100.9375	2870376.0	1114264.5625	1301063.25	3726665.9375	1169505.375	1812334.5	1313553.5625	11905248.875	2003454.625	607079.75	509671.5	668180.125	78380.25
Ae_searsii	Ae_comosa	Ae_sharonensis	11.716029529387464	0.0	0.21703081441589483	53674198.75	2870376.0	3726665.9375	1313553.5625	607079.75	11532100.9375	1114264.5625	1301063.25	1169505.375	11905248.875	509671.5	1812334.5	668180.125	2003454.625	78380.25
Ae_comosa	Ae_searsii	Ae_speltoides	-14.55433932357033	1.0	-0.35881153195381676	105394535.4375	6717080.4375	23450473.6875	1913726.4375	2440085.25	7402704.3125	2636997.1875	1252870.375	2827986.0625	22868693.5625	1303442.0	3895641.5	3952247.375	1233424.0	168012.375
Ae_comosa	Ae_speltoides	Ae_searsii	-18.397598426440116	1.0	0.17280175001368472	105394535.4375	23450473.6875	6717080.4375	1913726.4375	2440085.25	7402704.3125	2827986.0625	3895641.5	2636997.1875	22868693.5625	3952247.375	1252870.375	1303442.0	1233424.0	168012.375
Ae_searsii	Ae_comosa	Ae_speltoides	69.67130840521558	0.0	0.5583161319984675	105394535.4375	6717080.4375	7402704.3125	2636997.1875	1252870.375	23450473.6875	1913726.4375	2440085.25	2827986.0625	22868693.5625	1303442.0	3895641.5	1233424.0	3952247.375	168012.375
Ae_comosa	Ae_searsii	Ae_tauschii	-25.023668438845636	1.0	0.25513683571907797	107056483.75	6087522.6875	23452590.8125	2019310.25	2591537.75	7400137.25	2726036.1875	1247324.875	2483962.4375	23768964.375	1007226.0	3804445.75	4031955.375	1245032.625	156936.875
Ae_comosa	Ae_tauschii	Ae_searsii	-16.45234971920686	1.0	-1.0875885046142444	107056483.75	23452590.8125	6087522.6875	2019310.25	2591537.75	7400137.25	2483962.4375	3804445.75	2726036.1875	23768964.375	4031955.375	1247324.875	1007226.0	1245032.625	156936.875
Ae_searsii	Ae_comosa	Ae_tauschii	48.03206576253857	0.0	0.3966713886687956	107056483.75	6087522.6875	7400137.25	2726036.1875	1247324.875	23452590.8125	2019310.25	2591537.75	2483962.4375	23768964.375	1007226.0	3804445.75	1245032.625	4031955.375	156936.875
Ae_comosa	Ae_searsii	Ae_umbellulata	-11.024139869406284	1.0	0.10908317265172054	79343973.375	5324835.3125	17878076.4375	1395123.5	1821260.125	5466065.75	2130044.1875	1019234.125	2040061.0625	17431856.375	941433.625	3010638.375	3097390.125	851311.75	123268.875
Ae_comosa	Ae_umbellulata	Ae_searsii	-9.674352643711584	1.0	-0.16214506799037892	79343973.375	17878076.4375	5324835.3125	1395123.5	1821260.125	5466065.75	2040061.0625	3010638.375	2130044.1875	17431856.375	3097390.125	1019234.125	941433.625	851311.75	123268.875
Ae_searsii	Ae_comosa	Ae_umbellulata	79.01350276547934	0.0	0.46739406928211646	79343973.375	5324835.3125	5466065.75	2130044.1875	1019234.125	17878076.4375	1395123.5	1821260.125	2040061.0625	17431856.375	941433.625	3010638.375	851311.75	3097390.125	123268.875
Ae_comosa	Ae_searsii	Ae_uniaristata	-17.55848721561622	1.0	0.1544366830565274	107886942.25	5502941.875	24469586.875	1815748.0	2228977.0	8153633.5	2824516.875	850717.5	2640271.75	23988557.125	963090.0	4223572.625	4316135.375	1342243.125	149979.125
Ae_comosa	Ae_uniaristata	Ae_searsii	-14.351542838142134	1.0	-0.2877577320342374	107886942.25	24469586.875	5502941.875	1815748.0	2228977.0	8153633.5	2640271.75	4223572.625	2824516.875	23988557.125	4316135.375	850717.5	963090.0	1342243.125	149979.125
Ae_searsii	Ae_comosa	Ae_uniaristata	78.57678580829177	0.0	0.44975021377179214	107886942.25	5502941.875	8153633.5	2824516.875	850717.5	24469586.875	1815748.0	2228977.0	2640271.75	23988557.125	963090.0	4223572.625	1342243.125	4316135.375	149979.125
Ae_comosa	Ae_searsii	Er_bonaepartis	-54.50996041290984	1.0	2.274264287825392	26458339.1875	1824044.6875	6165204.75	428622.25	563697.875	2052206.5	629912.125	275619.75	989167.5625	5488869.5625	420867.5	1227900.5	985430.375	293857.5	48844.875
Ae_comosa	Er_bonaepartis	Ae_searsii	-151.79751487260432	1.0	0.3905796309689898	26458339.1875	6165204.75	1824044.6875	428622.25	563697.875	2052206.5	989167.5625	1227900.5	629912.125	5488869.5625	985430.375	275619.75	420867.5	293857.5	48844.875
Ae_searsii	Ae_comosa	Er_bonaepartis	85.05174759955354	0.0	0.7357829117075273	26458339.1875	1824044.6875	2052206.5	629912.125	275619.75	6165204.75	428622.25	563697.875	989167.5625	5488869.5625	420867.5	1227900.5	293857.5	985430.375	48844.875
Ae_comosa	Ae_searsii	S_vavilovii	-50.26248472803449	1.0	8.609209367124926	26729499.5625	1523539.3125	6289682.25	439846.0	524125.125	2131492.1875	671969.6875	254009.5	934599.0	5724355.625	351104.0	1266267.25	1086876.125	350858.125	50635.25
Ae_comosa	S_vavilovii	Ae_searsii	-107.1304500392673	1.0	0.3467592366041688	26729499.5625	6289682.25	1523539.3125	439846.0	524125.125	2131492.1875	934599.0	1266267.25	671969.6875	5724355.625	1086876.125	254009.5	351104.0	350858.125	50635.25
Ae_searsii	Ae_comosa	S_vavilovii	94.68674638764571	0.0	0.680656029431402	26729499.5625	1523539.3125	2131492.1875	671969.6875	254009.5	6289682.25	439846.0	524125.125	934599.0	5724355.625	351104.0	1266267.25	350858.125	1086876.125	50635.25
Ae_comosa	Ae_searsii	T_boeoticum	195.66158661646975	0.0	0.4014633735732503	48028278.875	60796765.0	7742623.8125	5757986.6875	11301795.875	2636066.0625	1900911.0625	3335159.75	4488011.875	9832059.375	8605076.375	492408.125	683060.125	438343.25	284606.75
Ae_comosa	T_boeoticum	Ae_searsii	-99999.9	1.0	1.964201460224762	48028278.875	7742623.8125	60796765.0	5757986.6875	11301795.875	2636066.0625	4488011.875	492408.125	1900911.0625	9832059.375	683060.125	3335159.75	8605076.375	438343.25	284606.75
Ae_searsii	Ae_comosa	T_boeoticum	-96.04777887900866	1.0	0.24770086192466875	48028278.875	60796765.0	2636066.0625	1900911.0625	3335159.75	7742623.8125	5757986.6875	11301795.875	4488011.875	9832059.375	8605076.375	492408.125	438343.25	683060.125	284606.75
Ae_comosa	Ae_searsii	T_urartu	-30.475727574373686	1.0	-0.6684147175355597	108289958.4375	5363632.625	25158553.5	1654205.8125	1962834.375	8043606.125	2766211.3125	1112491.0	3211712.5625	23379533.75	1265602.125	4673815.625	4289854.25	1254937.875	173452.625
Ae_comosa	T_urartu	Ae_searsii	-42.685176834330534	1.0	0.2224161111688021	108289958.4375	25158553.5	5363632.625	1654205.8125	1962834.375	8043606.125	3211712.5625	4673815.625	2766211.3125	23379533.75	4289854.25	1112491.0	1265602.125	1254937.875	173452.625
Ae_searsii	Ae_comosa	T_urartu	106.54549545764044	0.0	0.5834424434650937	108289958.4375	5363632.625	8043606.125	2766211.3125	1112491.0	25158553.5	1654205.8125	1962834.375	3211712.5625	23379533.75	1265602.125	4673815.625	1254937.875	4289854.25	173452.625
Ae_comosa	Ae_searsii	Ta_caputMedusae	-39.26910948980031	1.0	-1.296389614933421	26815782.8125	1492507.6875	6350738.25	414451.25	490003.0	2064683.3125	693399.4375	281625.75	850875.125	5856486.0	283461.375	1222078.25	1091439.5	324717.875	45436.375
Ae_comosa	Ta_caputMedusae	Ae_searsii	-61.4378501073355	1.0	0.2651554192717561	26815782.8125	6350738.25	1492507.6875	414451.25	490003.0	2064683.3125	850875.125	1222078.25	693399.4375	5856486.0	1091439.5	281625.75	283461.375	324717.875	45436.375
Ae_searsii	Ae_comosa	Ta_caputMedusae	108.82935139646828	0.0	0.6100655838792978	26815782.8125	1492507.6875	2064683.3125	693399.4375	281625.75	6350738.25	414451.25	490003.0	850875.125	5856486.0	283461.375	1222078.25	324717.875	1091439.5	45436.375
Ae_comosa	Ae_sharonensis	Ae_speltoides	6.656129175961898	1.4132472969663468e-11	0.8876711766981142	82751927.375	5632601.0625	5264132.0	1287202.8125	1126894.75	6893621.0	1247144.4375	1392686.375	1563703.125	18408559.4375	1201940.5	1499134.25	995364.0	1266846.375	91302.5
Ae_comosa	Ae_speltoides	Ae_sharonensis	-45.943496140166395	1.0	0.5337726727020414	82751927.375	5264132.0	5632601.0625	1287202.8125	1126894.75	6893621.0	1563703.125	1499134.25	1247144.4375	18408559.4375	995364.0	1392686.375	1201940.5	1266846.375	91302.5
Ae_sharonensis	Ae_comosa	Ae_speltoides	-5.813840750125783	0.99999999693764	1.1694216154018786	82751927.375	5632601.0625	6893621.0	1247144.4375	1392686.375	5264132.0	1287202.8125	1126894.75	1563703.125	18408559.4375	1201940.5	1499134.25	1266846.375	995364.0	91302.5
Ae_comosa	Ae_sharonensis	Ae_tauschii	-2.711905583216067	0.9966550668160146	-0.4491509382764094	83688632.0	5443076.9375	5386041.0	1285641.3125	1111525.75	6800005.375	1354066.6875	1479482.5	1375274.5	19011644.1875	1041663.125	1540085.375	1042599.375	1247909.375	88741.5
Ae_comosa	Ae_tauschii	Ae_sharonensis	-3.5524356515795885	0.9998091183151547	0.19133544897646176	83688632.0	5386041.0	5443076.9375	1285641.3125	1111525.75	6800005.375	1375274.5	1540085.375	1354066.6875	19011644.1875	1042599.375	1479482.5	1041663.125	1247909.375	88741.5
Ae_sharonensis	Ae_comosa	Ae_tauschii	11.461660254809496	0.0	0.5670884644417793	83688632.0	5443076.9375	6800005.375	1354066.6875	1479482.5	5386041.0	1285641.3125	1111525.75	1375274.5	19011644.1875	1041663.125	1540085.375	1247909.375	1042599.375	88741.5
Ae_comosa	Ae_sharonensis	Ae_umbellulata	-8.797509699972986	1.0	-1.86715732590714	62375680.1875	4468692.0	4131764.125	938777.9375	805237.75	5102592.1875	1036071.875	1112719.75	1099431.875	14072403.9375	855456.25	1200155.125	800313.625	937360.75	68094.625
Ae_comosa	Ae_umbellulata	Ae_sharonensis	-14.526645850828116	1.0	0.28283954430290753	62375680.1875	4131764.125	4468692.0	938777.9375	805237.75	5102592.1875	1099431.875	1200155.125	1036071.875	14072403.9375	800313.625	1112719.75	855456.25	937360.75	68094.625
Ae_sharonensis	Ae_comosa	Ae_umbellulata	22.3067325362232	0.0	0.6228155106918404	62375680.1875	4468692.0	5102592.1875	1036071.875	1112719.75	4131764.125	938777.9375	805237.75	1099431.875	14072403.9375	855456.25	1200155.125	937360.75	800313.625	68094.625
Ae_comosa	Ae_sharonensis	Ae_uniaristata	-6.725677083804493	0.9999999999912121	-0.13024385143151668	84111965.3125	5299339.25	6251027.6875	1047590.375	770180.125	7130232.6875	1476571.25	1334694.0	1526004.9375	19153478.875	978586.625	1965126.875	1188513.125	1236238.25	88001.625
Ae_comosa	Ae_uniaristata	Ae_sharonensis	-7.500711679896228	0.999999999999968	0.09365132403110174	84111965.3125	6251027.6875	5299339.25	1047590.375	770180.125	7130232.6875	1526004.9375	1965126.875	1476571.25	19153478.875	1188513.125	1334694.0	978586.625	1236238.25	88001.625
Ae_sharonensis	Ae_comosa	Ae_uniaristata	65.09046810567372	0.0	0.5272393299861616	84111965.3125	5299339.25	7130232.6875	1476571.25	1334694.0	6251027.6875	1047590.375	770180.125	1526004.9375	19153478.875	978586.625	1965126.875	1236238.25	1188513.125	88001.625
Ae_comosa	Ae_sharonensis	Er_bonaepartis	-7.7085463412106785	0.9999999999999936	1.0416172150630505	20826146.0625	1526725.375	1492958.5	285580.3125	245359.5	1858299.6875	297605.625	316595.75	598581.375	4437753.9375	383407.25	523983.375	264763.375	312395.0	26629.875
Ae_comosa	Er_bonaepartis	Ae_sharonensis	-200.6420369640657	1.0	0.4902070304161527	20826146.0625	1492958.5	1526725.375	285580.3125	245359.5	1858299.6875	598581.375	523983.375	297605.625	4437753.9375	264763.375	316595.75	383407.25	312395.0	26629.875
Ae_sharonensis	Ae_comosa	Er_bonaepartis	8.01653686428036	5.551115123125783e-16	0.9630020409882121	20826146.0625	1526725.375	1858299.6875	297605.625	316595.75	1492958.5	285580.3125	245359.5	598581.375	4437753.9375	383407.25	523983.375	312395.0	264763.375	26629.875
Ae_comosa	Ae_sharonensis	S_vavilovii	-7.056355359791792	0.9999999999991396	1.0510608099285224	21017797.3125	1326298.375	1578680.25	295756.5625	202603.25	1939033.75	306998.8125	292274.25	538414.8125	4636588.75	305629.25	544764.125	302502.125	369217.625	26679.75
Ae_comosa	S_vavilovii	Ae_sharonensis	-152.30784255689036	1.0	0.48814294385320445	21017797.3125	1578680.25	1326298.375	295756.5625	202603.25	1939033.75	538414.8125	544764.125	306998.8125	4636588.75	302502.125	292274.25	305629.25	369217.625	26679.75
Ae_sharonensis	Ae_comosa	S_vavilovii	7.39915495464962	6.905587213168474e-14	0.9557218280389365	21017797.3125	1326298.375	1939033.75	306998.8125	292274.25	1578680.25	295756.5625	202603.25	538414.8125	4636588.75	305629.25	544764.125	369217.625	302502.125	26679.75
Ae_comosa	Ae_sharonensis	T_boeoticum	-51.42169757446651	1.0	1.2918491119526723	36283046.5625	50274363.6875	2025035.6875	1537006.0625	2891684.25	2614057.1875	1983909.0625	3812719.75	3962093.0625	7814249.3125	7704711.375	261692.0	263876.625	295579.125	156735.25
Ae_comosa	T_boeoticum	Ae_sharonensis	-279.0361449929184	1.0	0.4492532937445821	36283046.5625	2025035.6875	50274363.6875	1537006.0625	2891684.25	2614057.1875	3962093.0625	261692.0	1983909.0625	7814249.3125	263876.625	3812719.75	7704711.375	295579.125	156735.25
Ae_sharonensis	Ae_comosa	T_boeoticum	63.03867097589015	0.0	0.8443925640409612	36283046.5625	50274363.6875	2614057.1875	1983909.0625	3812719.75	2025035.6875	1537006.0625	2891684.25	3962093.0625	7814249.3125	7704711.375	261692.0	295579.125	263876.625	156735.25
Ae_comosa	Ae_sharonensis	T_urartu	-1.7973492287377608	0.963859954071291	1.0231698206963817	85334606.25	4468293.375	5901835.0625	1200420.4375	917492.375	7477812.4375	1211716.0625	1166016.875	1710526.25	18966034.625	1094199.0	1876291.0	1094347.75	1351658.0	93083.5
Ae_comosa	T_urartu	Ae_sharonensis	-81.16755723313369	1.0	0.49440209839074806	85334606.25	5901835.0625	4468293.375	1200420.4375	917492.375	7477812.4375	1710526.25	1876291.0	1211716.0625	18966034.625	1094347.75	1166016.875	1094199.0	1351658.0	93083.5
Ae_sharonensis	Ae_comosa	T_urartu	1.838050448140705	0.033027427258842335	0.9783360301917081	85334606.25	4468293.375	7477812.4375	1211716.0625	1166016.875	5901835.0625	1200420.4375	917492.375	1710526.25	18966034.625	1094199.0	1876291.0	1351658.0	1094347.75	93083.5
Ae_comosa	Ae_sharonensis	Ta_caputMedusae	1.5942512469437196	0.05543988760902607	0.9842055726234661	21187792.0	1215877.875	1496252.375	313881.625	235467.125	1906631.5625	311380.1875	309772.875	467253.4375	4759431.4375	251073.75	505608.875	286186.25	366675.875	24802.75
Ae_comosa	Ta_caputMedusae	Ae_sharonensis	-97.74907561118066	1.0	0.5040444259316186	21187792.0	1496252.375	1215877.875	313881.625	235467.125	1906631.5625	467253.4375	505608.875	311380.1875	4759431.4375	286186.25	309772.875	251073.75	366675.875	24802.75
Ae_sharonensis	Ae_comosa	Ta_caputMedusae	-1.5686668708334708	0.941637199851207	1.01658004429299	21187792.0	1215877.875	1906631.5625	311380.1875	309772.875	1496252.375	313881.625	235467.125	467253.4375	4759431.4375	251073.75	505608.875	366675.875	286186.25	24802.75
Ae_comosa	Ae_speltoides	Ae_tauschii	-54.91252865884286	1.0	0.4137313284302636	164812310.6875	11319371.625	11881571.625	2347192.1875	1977653.125	13710084.5	3233806.8125	3213828.125	2608120.5625	36942723.875	1922482.5	3060310.375	2361775.25	2474557.0	182398.75
Ae_comosa	Ae_tauschii	Ae_speltoides	-16.160614167731325	1.0	1.7153467899767756	164812310.6875	11881571.625	11319371.625	2347192.1875	1977653.125	13710084.5	2608120.5625	3060310.375	3233806.8125	36942723.875	2361775.25	3213828.125	1922482.5	2474557.0	182398.75
Ae_speltoides	Ae_comosa	Ae_tauschii	22.900034753988596	0.0	0.22738004153221275	164812310.6875	11319371.625	13710084.5	3233806.8125	3213828.125	11881571.625	2347192.1875	1977653.125	2608120.5625	36942723.875	1922482.5	3060310.375	2474557.0	2361775.25	182398.75
Ae_comosa	Ae_speltoides	Ae_umbellulata	-40.1598109507692	1.0	0.3337966453832445	122902121.125	9155080.8125	9022020.1875	1750514.875	1483447.75	10367486.9375	2447064.875	2359953.5	2098063.25	27306489.4375	1657101.125	2355519.0	1850026.875	1840052.625	140933.625
Ae_comosa	Ae_umbellulata	Ae_speltoides	-20.038011680779608	1.0	240.1525030105022	122902121.125	9022020.1875	9155080.8125	1750514.875	1483447.75	10367486.9375	2098063.25	2355519.0	2447064.875	27306489.4375	1850026.875	2359953.5	1657101.125	1840052.625	140933.625
Ae_speltoides	Ae_comosa	Ae_umbellulata	39.992584665607296	0.0	0.33286937641292663	122902121.125	9155080.8125	10367486.9375	2447064.875	2359953.5	9022020.1875	1750514.875	1483447.75	2098063.25	27306489.4375	1657101.125	2355519.0	1840052.625	1850026.875	140933.625
Ae_comosa	Ae_speltoides	Ae_uniaristata	-47.83779497781362	1.0	0.29441096314298165	166041506.75	10580854.875	13207949.875	2049867.375	1499034.125	14582519.0625	3402613.8125	2701343.25	2838172.8125	37193521.4375	1853943.375	3695863.25	2708824.375	2487111.625	176716.0
Ae_comosa	Ae_uniaristata	Ae_speltoides	-27.87720806621653	1.0	-2.5213517890710087	166041506.75	13207949.875	10580854.875	2049867.375	1499034.125	14582519.0625	2838172.8125	3695863.25	3402613.8125	37193521.4375	2708824.375	2701343.25	1853943.375	2487111.625	176716.0
Ae_speltoides	Ae_comosa	Ae_uniaristata	66.81086933624717	0.0	0.3681860522412611	166041506.75	10580854.875	14582519.0625	3402613.8125	2701343.25	13207949.875	2049867.375	1499034.125	2838172.8125	37193521.4375	1853943.375	3695863.25	2487111.625	2708824.375	176716.0
Ae_comosa	Ae_speltoides	Er_bonaepartis	-5.934671769487644	0.9999999985227905	1.0455210160393906	41184122.625	2999707.375	3103312.625	592801.75	477368.625	3899121.25	611650.125	622571.625	1044557.25	8743854.75	687344.0	968892.0	553385.125	661111.375	53045.5
Ae_comosa	Er_bonaepartis	Ae_speltoides	-142.24147241132297	1.0	0.48934713953808096	41184122.625	3103312.625	2999707.375	592801.75	477368.625	3899121.25	1044557.25	968892.0	611650.125	8743854.75	553385.125	622571.625	687344.0	661111.375	53045.5
Ae_speltoides	Ae_comosa	Er_bonaepartis	6.193061878020085	2.9623503650100247e-10	0.9599485342104334	41184122.625	2999707.375	3899121.25	611650.125	622571.625	3103312.625	592801.75	477368.625	1044557.25	8743854.75	687344.0	968892.0	661111.375	553385.125	53045.5
Ae_comosa	Ae_speltoides	S_vavilovii	7.126053404096337	5.200284647344233e-13	0.9318737026035023	41661437.5	2517742.125	3198336.1875	639774.9375	432804.0	4096515.0	617921.75	544299.875	916843.1875	9145106.0625	536449.625	983292.375	628767.25	785404.5	52794.625
Ae_comosa	S_vavilovii	Ae_speltoides	-90.34851991635155	1.0	0.5189701204502902	41661437.5	3198336.1875	2517742.125	639774.9375	432804.0	4096515.0	916843.1875	983292.375	617921.75	9145106.0625	628767.25	544299.875	536449.625	785404.5	52794.625
Ae_speltoides	Ae_comosa	S_vavilovii	-6.605090496661066	0.9999999999800322	1.0856265585813534	41661437.5	2517742.125	4096515.0	617921.75	544299.875	3198336.1875	639774.9375	432804.0	916843.1875	9145106.0625	536449.625	983292.375	785404.5	628767.25	52794.625
Ae_comosa	Ae_speltoides	T_boeoticum	-57.66829355210503	1.0	1.4859708998849317	71560053.3125	99616537.1875	4379465.5625	3160213.4375	5981212.75	5423193.4375	4266039.1875	8074159.375	7647362.8125	15079325.1875	14917245.25	573114.125	639397.75	581516.875	339931.75
Ae_comosa	T_boeoticum	Ae_speltoides	-234.00273268156806	1.0	0.42973060020667286	71560053.3125	4379465.5625	99616537.1875	3160213.4375	5981212.75	5423193.4375	7647362.8125	573114.125	4266039.1875	15079325.1875	639397.75	8074159.375	14917245.25	581516.875	339931.75
Ae_speltoides	Ae_comosa	T_boeoticum	76.5280925660124	0.0	0.8022830916845889	71560053.3125	99616537.1875	5423193.4375	4266039.1875	8074159.375	4379465.5625	3160213.4375	5981212.75	7647362.8125	15079325.1875	14917245.25	573114.125	581516.875	639397.75	339931.75
Ae_comosa	Ae_speltoides	T_urartu	-10.430809573157916	1.0	2.227341228022676	168612001.1875	8844020.4375	12444734.4375	2464212.8125	1768833.375	15489879.8125	2648373.0625	2397136.5	2982581.4375	37238239.1875	1879923.5	3582832.625	2316974.875	2847093.5	187272.25
Ae_comosa	T_urartu	Ae_speltoides	-29.36032295826438	1.0	0.3919978781975118	168612001.1875	12444734.4375	8844020.4375	2464212.8125	1768833.375	15489879.8125	2982581.4375	3582832.625	2648373.0625	37238239.1875	2316974.875	2397136.5	1879923.5	2847093.5	187272.25
Ae_speltoides	Ae_comosa	T_urartu	16.17854255170806	0.0	0.7378609526903788	168612001.1875	8844020.4375	15489879.8125	2648373.0625	2397136.5	12444734.4375	2464212.8125	1768833.375	2982581.4375	37238239.1875	1879923.5	3582832.625	2847093.5	2316974.875	187272.25
Ae_comosa	Ae_speltoides	Ta_caputMedusae	4.157806265083364	1.6075390619318952e-05	0.9201744534640608	41883694.0625	2369893.8125	3118435.375	653361.875	463118.125	4004104.6875	640514.3125	584830.375	788612.25	9337042.75	434121.625	925625.625	616581.0	761005.375	48061.75
Ae_comosa	Ta_caputMedusae	Ae_speltoides	-43.77054842347534	1.0	0.5226709705567772	41883694.0625	3118435.375	2369893.8125	653361.875	463118.125	4004104.6875	788612.25	925625.625	640514.3125	9337042.75	616581.0	584830.375	434121.625	761005.375	48061.75
Ae_speltoides	Ae_comosa	Ta_caputMedusae	-3.7971147068126765	0.9999267804135825	1.1049613341196716	41883694.0625	2369893.8125	4004104.6875	640514.3125	584830.375	3118435.375	653361.875	463118.125	788612.25	9337042.75	434121.625	925625.625	761005.375	616581.0	48061.75
Ae_comosa	Ae_tauschii	Ae_umbellulata	-8.235304997114808	0.9999999999999999	-0.5936306401873302	124520645.25	9111866.875	8575551.25	1807209.0	1503500.625	10407237.1875	2080158.1875	2253956.5	2181832.3125	28226897.9375	1727787.625	2346052.25	1604865.125	1850148.625	131403.25
Ae_comosa	Ae_umbellulata	Ae_tauschii	-11.30297278304575	1.0	0.2134677136489948	124520645.25	8575551.25	9111866.875	1807209.0	1503500.625	10407237.1875	2181832.3125	2346052.25	2080158.1875	28226897.9375	1604865.125	2253956.5	1727787.625	1850148.625	131403.25
Ae_tauschii	Ae_comosa	Ae_umbellulata	30.343386161100028	0.0	0.5785040478093186	124520645.25	9111866.875	10407237.1875	2080158.1875	2253956.5	8575551.25	1807209.0	1503500.625	2181832.3125	28226897.9375	1727787.625	2346052.25	1850148.625	1604865.125	131403.25
Ae_comosa	Ae_tauschii	Ae_uniaristata	-5.212675142392924	0.9999999067520216	-0.11865304149298053	168419038.6875	10331008.375	12434067.8125	2174339.375	1692065.25	14574734.6875	2883734.25	2636359.75	2958978.1875	38530520.0	1886741.75	3808931.375	2300275.5	2470121.25	171549.75
Ae_comosa	Ae_uniaristata	Ae_tauschii	-5.765572007657164	0.9999999959186023	0.08750488075263749	168419038.6875	12434067.8125	10331008.375	2174339.375	1692065.25	14574734.6875	2958978.1875	3808931.375	2883734.25	38530520.0	2300275.5	2636359.75	1886741.75	2470121.25	171549.75
Ae_tauschii	Ae_comosa	Ae_uniaristata	54.35743223399815	0.0	0.5251814728575188	168419038.6875	10331008.375	14574734.6875	2883734.25	2636359.75	12434067.8125	2174339.375	1692065.25	2958978.1875	38530520.0	1886741.75	3808931.375	2470121.25	2300275.5	171549.75
Ae_comosa	Ae_tauschii	Er_bonaepartis	-4.357502793208224	0.9999934171820698	1.0224874833097513	41622123.0625	3076415.875	3032818.625	556234.1875	476205.75	3808878.0625	569460.25	601539.75	1170838.5	8914234.5625	762995.25	995008.25	513925.25	609434.125	50124.5
Ae_comosa	Er_bonaepartis	Ae_tauschii	-202.48959268388214	1.0	0.49456157394526784	41622123.0625	3032818.625	3076415.875	556234.1875	476205.75	3808878.0625	1170838.5	995008.25	569460.25	8914234.5625	513925.25	601539.75	762995.25	609434.125	50124.5
Ae_tauschii	Ae_comosa	Er_bonaepartis	4.453336994539743	4.230974781860297e-06	0.9789337008423653	41622123.0625	3076415.875	3808878.0625	569460.25	601539.75	3032818.625	556234.1875	476205.75	1170838.5	8914234.5625	762995.25	995008.25	609434.125	513925.25	50124.5
Ae_comosa	Ae_tauschii	S_vavilovii	-7.370346314480132	0.9999999999999143	1.0537484750023323	41987293.6875	2656041.5625	3200869.0	576306.875	404191.875	3919155.125	599532.75	591803.125	1054880.1875	9321119.1875	586857.625	1070780.25	574306.875	714018.375	52077.5
Ae_comosa	S_vavilovii	Ae_tauschii	-151.8673053218846	1.0	0.4875653929950694	41987293.6875	3200869.0	2656041.5625	576306.875	404191.875	3919155.125	1054880.1875	1070780.25	599532.75	9321119.1875	574306.875	591803.125	586857.625	714018.375	52077.5
Ae_tauschii	Ae_comosa	S_vavilovii	7.746285055118871	4.773959005888173e-15	0.9537148015011483	41987293.6875	2656041.5625	3919155.125	599532.75	591803.125	3200869.0	576306.875	404191.875	1054880.1875	9321119.1875	586857.625	1070780.25	714018.375	574306.875	52077.5
Ae_comosa	Ae_tauschii	T_boeoticum	-56.216983902047346	1.0	1.3477805367277478	72425980.875	100880139.625	4250433.75	3074604.375	5811023.375	5296855.375	4083765.375	7843536.0	7994644.25	15634184.875	15537449.625	528967.5	540980.375	555432.0	305313.625
Ae_comosa	T_boeoticum	Ae_tauschii	-274.0789650514695	1.0	0.4428620606434636	72425980.875	4250433.75	100880139.625	3074604.375	5811023.375	5296855.375	7994644.25	528967.5	4083765.375	15634184.875	540980.375	7843536.0	15537449.625	555432.0	305313.625
Ae_tauschii	Ae_comosa	T_boeoticum	70.7231830211837	0.0	0.8297981429074116	72425980.875	100880139.625	5296855.375	4083765.375	7843536.0	4250433.75	3074604.375	5811023.375	7994644.25	15634184.875	15537449.625	528967.5	555432.0	540980.375	305313.625
Ae_comosa	Ae_tauschii	T_urartu	7.785154964402764	3.552713678800501e-15	0.9134074456109612	170623173.125	8928761.9375	11965341.8125	2419778.625	1815116.0	15259564.4375	2327855.0	2294892.5	3297496.375	38215586.1875	2069518.625	3630693.75	2074996.125	2747550.875	176965.625
Ae_comosa	T_urartu	Ae_tauschii	-74.3352832175291	1.0	0.5248797388001102	170623173.125	11965341.8125	8928761.9375	2419778.625	1815116.0	15259564.4375	3297496.375	3630693.75	2327855.0	38215586.1875	2074996.125	2294892.5	2069518.625	2747550.875	176965.625
Ae_tauschii	Ae_comosa	T_urartu	-7.047109245680576	0.9999999999990805	1.11698181759758	170623173.125	8928761.9375	15259564.4375	2327855.0	2294892.5	11965341.8125	2419778.625	1815116.0	3297496.375	38215586.1875	2069518.625	3630693.75	2747550.875	2074996.125	176965.625
Ae_comosa	Ae_tauschii	Ta_caputMedusae	15.047530934653679	0.0	0.8746335847199803	42342142.0625	2415603.0625	3029740.125	625792.25	469113.0	3913869.4375	581746.6875	562225.25	889035.75	9561816.25	473381.375	947015.875	553824.875	733640.25	46350.75
Ae_comosa	Ta_caputMedusae	Ae_tauschii	-89.93334367330414	1.0	0.53860039320718	42342142.0625	3029740.125	2415603.0625	625792.25	469113.0	3913869.4375	889035.75	947015.875	581746.6875	9561816.25	553824.875	562225.25	473381.375	733640.25	46350.75
Ae_tauschii	Ae_comosa	Ta_caputMedusae	-12.890679145459345	1.0	1.200939675812415	42342142.0625	2415603.0625	3913869.4375	581746.6875	562225.25	3029740.125	625792.25	469113.0	889035.75	9561816.25	473381.375	947015.875	733640.25	553824.875	46350.75
Ae_comosa	Ae_umbellulata	Ae_uniaristata	-2.994050128519993	0.9986234272365864	0.03511531962806604	125288492.4375	8156522.9375	10376882.875	1509843.875	1104520.375	10833402.25	2368451.875	2162437.75	2337204.3125	28436711.3125	1517114.75	2984703.875	1964735.0	1786178.375	133523.0
Ae_comosa	Ae_uniaristata	Ae_umbellulata	-2.885086819863352	0.9980434051100239	-0.03925016600190017	125288492.4375	10376882.875	8156522.9375	1509843.875	1104520.375	10833402.25	2337204.3125	2984703.875	2368451.875	28436711.3125	1964735.0	2162437.75	1517114.75	1786178.375	133523.0
Ae_umbellulata	Ae_comosa	Ae_uniaristata	79.2752594455722	0.0	0.4907330523499198	125288492.4375	8156522.9375	10833402.25	2368451.875	2162437.75	10376882.875	1509843.875	1104520.375	2337204.3125	28436711.3125	1517114.75	2984703.875	1786178.375	1964735.0	133523.0
Ae_comosa	Ae_umbellulata	Er_bonaepartis	-8.939337409078728	1.0	1.052704333457233	31072243.3125	2329347.6875	2433264.375	418989.5	343111.875	2902726.0625	439833.0625	454077.625	856157.625	6639041.0	551756.375	719834.125	404061.75	474764.375	37873.25
Ae_comosa	Er_bonaepartis	Ae_umbellulata	-187.49162355855952	1.0	0.4877892553707439	31072243.3125	2433264.375	2329347.6875	418989.5	343111.875	2902726.0625	856157.625	719834.125	439833.0625	6639041.0	404061.75	454077.625	551756.375	474764.375	37873.25
Ae_umbellulata	Ae_comosa	Er_bonaepartis	9.386891204309633	0.0	0.9544911995286146	31072243.3125	2329347.6875	2902726.0625	439833.0625	454077.625	2433264.375	418989.5	343111.875	856157.625	6639041.0	551756.375	719834.125	474764.375	404061.75	37873.25
Ae_comosa	Ae_umbellulata	S_vavilovii	-12.687194781044713	1.0	1.1089301392472055	31373740.375	1999260.6875	2542350.0	437369.9375	308736.0	2990959.3125	468604.375	434957.25	786577.0625	6910090.5	454256.625	775238.75	475611.75	540680.125	39780.25
Ae_comosa	S_vavilovii	Ae_umbellulata	-141.84532101157964	1.0	0.4765921893057878	31373740.375	2542350.0	1999260.6875	437369.9375	308736.0	2990959.3125	786577.0625	775238.75	468604.375	6910090.5	475611.75	434957.25	454256.625	540680.125	39780.25
Ae_umbellulata	Ae_comosa	S_vavilovii	13.93345714261584	0.0	0.9178995131479621	31373740.375	1999260.6875	2990959.3125	468604.375	434957.25	2542350.0	437369.9375	308736.0	786577.0625	6910090.5	454256.625	775238.75	540680.125	475611.75	39780.25
Ae_comosa	Ae_umbellulata	T_boeoticum	-46.82055540126679	1.0	1.2918236461327106	54230774.75	75129554.625	3247294.0625	2496801.0625	4728886.5	4047759.375	3124714.5	6002857.0	5904315.9375	11629880.6875	11477335.75	402886.625	421189.5	428839.125	241212.5
Ae_comosa	T_boeoticum	Ae_umbellulata	-254.0823773747924	1.0	0.44925637358462056	54230774.75	3247294.0625	75129554.625	2496801.0625	4728886.5	4047759.375	5904315.9375	402886.625	3124714.5	11629880.6875	421189.5	6002857.0	11477335.75	428839.125	241212.5
Ae_umbellulata	Ae_comosa	T_boeoticum	57.397343674232495	0.0	0.8443998037197198	54230774.75	75129554.625	4047759.375	3124714.5	6002857.0	3247294.0625	2496801.0625	4728886.5	5904315.9375	11629880.6875	11477335.75	402886.625	428839.125	421189.5	241212.5
Ae_comosa	Ae_umbellulata	T_urartu	1.7042464444056526	0.04416749729143943	0.97555124689672	127386383.0	6761160.1875	9631999.9375	1856002.625	1346075.0	11631573.375	1840146.8125	1749964.125	2472823.5625	28345253.5	1612392.75	2670063.625	1734613.75	2120997.5	136422.25
Ae_comosa	T_urartu	Ae_umbellulata	-66.29839307000856	1.0	0.5063448746878932	127386383.0	9631999.9375	6761160.1875	1856002.625	1346075.0	11631573.375	2472823.5625	2670063.625	1840146.8125	28345253.5	1734613.75	1749964.125	1612392.75	2120997.5	136422.25
Ae_umbellulata	Ae_comosa	T_urartu	-1.6615355148886646	0.9516970476075566	1.026383914540798	127386383.0	6761160.1875	11631573.375	1840146.8125	1749964.125	9631999.9375	1856002.625	1346075.0	2472823.5625	28345253.5	1612392.75	2670063.625	2120997.5	1734613.75	136422.25
Ae_comosa	Ae_umbellulata	Ta_caputMedusae	5.295137463108383	5.9586918732534855e-08	0.9446453055744328	31593862.9375	1852781.25	2457234.25	469469.5625	332662.5	2988114.25	457322.6875	415387.875	664612.9375	7085243.25	372291.375	683548.125	459464.125	568009.25	34919.625
Ae_comosa	Ta_caputMedusae	Ae_umbellulata	-85.06805212368718	1.0	0.5150917744510042	31593862.9375	2457234.25	1852781.25	469469.5625	332662.5	2988114.25	664612.9375	683548.125	457322.6875	7085243.25	459464.125	415387.875	372291.375	568009.25	34919.625
Ae_umbellulata	Ae_comosa	Ta_caputMedusae	-4.984850930711446	0.9999996894687442	1.06637763563784	31593862.9375	1852781.25	2988114.25	457322.6875	415387.875	2457234.25	469469.5625	332662.5	664612.9375	7085243.25	372291.375	683548.125	568009.25	459464.125	34919.625
Ae_comosa	Ae_uniaristata	Er_bonaepartis	-6.234001553432411	0.9999999997717146	1.0342630320519566	42138354.8125	3230015.4375	2668289.6875	556475.6875	418534.875	4124546.4375	575564.9375	700084.375	1151792.5625	9066611.0625	787919.125	785330.25	441847.75	686047.75	47486.25
Ae_comosa	Er_bonaepartis	Ae_uniaristata	-194.4134171606801	1.0	0.491852955649572	42138354.8125	2668289.6875	3230015.4375	556475.6875	418534.875	4124546.4375	1151792.5625	785330.25	575564.9375	9066611.0625	441847.75	700084.375	787919.125	686047.75	47486.25
Ae_uniaristata	Ae_comosa	Er_bonaepartis	6.440521353925939	5.981504180851971e-11	0.9689305668949832	42138354.8125	3230015.4375	4124546.4375	575564.9375	700084.375	2668289.6875	556475.6875	418534.875	1151792.5625	9066611.0625	787919.125	785330.25	686047.75	441847.75	47486.25
Ae_comosa	Ae_uniaristata	S_vavilovii	-0.4962672792959406	0.6901470751248154	1.0035511925010971	42583023.875	2753161.1875	2772844.125	587136.3125	379673.5	4277549.875	588661.0625	653393.0	1019548.625	9478819.4375	616688.625	824341.75	506955.25	779187.25	48135.125
Ae_comosa	S_vavilovii	Ae_uniaristata	-140.73919125000452	1.0	0.49911690593028296	42583023.875	2772844.125	2753161.1875	587136.3125	379673.5	4277549.875	1019548.625	824341.75	588661.0625	9478819.4375	506955.25	653393.0	616688.625	779187.25	48135.125
Ae_uniaristata	Ae_comosa	S_vavilovii	0.4980233836720247	0.3092337799525676	0.9964862415963835	42583023.875	2753161.1875	4277549.875	588661.0625	653393.0	2772844.125	587136.3125	379673.5	1019548.625	9478819.4375	616688.625	824341.75	779187.25	506955.25	48135.125
Ae_comosa	Ae_uniaristata	T_boeoticum	-89.03293799810314	1.0	2.300629794464568	72782304.25	103532600.75	4148655.625	2614577.375	4946891.75	5801123.125	4674399.25	9033751.125	8317932.25	15865609.125	16061139.875	550528.0	550462.75	519260.375	298577.375
Ae_comosa	T_boeoticum	Ae_uniaristata	-246.51958847997682	1.0	0.38981242192337734	72782304.25	4148655.625	103532600.75	2614577.375	4946891.75	5801123.125	8317932.25	550528.0	4674399.25	15865609.125	550462.75	9033751.125	16061139.875	519260.375	298577.375
Ae_uniaristata	Ae_comosa	T_boeoticum	139.36649975917723	0.0	0.7346676571546564	72782304.25	103532600.75	5801123.125	4674399.25	9033751.125	4148655.625	2614577.375	4946891.75	8317932.25	15865609.125	16061139.875	550528.0	519260.375	550462.75	298577.375
Ae_comosa	Ae_uniaristata	T_urartu	-30.941128984289474	1.0	2.673742552023818	171810768.25	10389652.875	11379099.375	2137148.125	1359802.625	15862340.8125	2710318.4375	3278667.375	3625937.0625	38490209.3125	2419182.0	3437599.25	1993239.625	2779561.75	182649.125
Ae_comosa	T_urartu	Ae_uniaristata	-80.36845164685808	1.0	0.38080841171867674	171810768.25	11379099.375	10389652.875	2137148.125	1359802.625	15862340.8125	3625937.0625	3437599.25	2710318.4375	38490209.3125	1993239.625	3278667.375	2419182.0	2779561.75	182649.125
Ae_uniaristata	Ae_comosa	T_urartu	50.310040979748294	0.0	0.7220263627906323	171810768.25	10389652.875	15862340.8125	2710318.4375	3278667.375	11379099.375	2137148.125	1359802.625	3625937.0625	38490209.3125	2419182.0	3437599.25	2779561.75	1993239.625	182649.125
Ae_comosa	Ae_uniaristata	Ta_caputMedusae	-18.35608736439407	1.0	1.2879483724527103	42739058.25	2701739.25	2780453.375	569294.25	373203.125	4151444.0625	634246.0625	722730.125	924765.4375	9643527.8125	548702.25	805978.375	519953.75	742004.125	45369.75
Ae_comosa	Ta_caputMedusae	Ae_uniaristata	-100.46001677435729	1.0	0.4497269648579425	42739058.25	2780453.375	2701739.25	569294.25	373203.125	4151444.0625	924765.4375	805978.375	634246.0625	9643527.8125	519953.75	722730.125	548702.25	742004.125	45369.75
Ae_uniaristata	Ae_comosa	Ta_caputMedusae	22.459982826532325	0.0	0.8455084224697507	42739058.25	2701739.25	4151444.0625	634246.0625	722730.125	2780453.375	569294.25	373203.125	924765.4375	9643527.8125	548702.25	805978.375	742004.125	519953.75	45369.75
Ae_comosa	Er_bonaepartis	S_vavilovii	-34.11066561599556	1.0	0.5795722331357998	10593942.1875	634127.1875	773274.8125	179695.8125	114580.75	1173661.9375	205431.5625	164187.125	169954.0625	2254258.0625	134005.75	183394.0	190094.625	210269.5	13883.625
Ae_comosa	S_vavilovii	Er_bonaepartis	12.911905686239004	0.0	0.7845663074907259	10593942.1875	773274.8125	634127.1875	179695.8125	114580.75	1173661.9375	169954.0625	183394.0	205431.5625	2254258.0625	190094.625	164187.125	134005.75	210269.5	13883.625
Er_bonaepartis	Ae_comosa	S_vavilovii	-99999.9	1.0	-0.6090877829185946	10593942.1875	634127.1875	1173661.9375	205431.5625	164187.125	773274.8125	179695.8125	114580.75	169954.0625	2254258.0625	134005.75	183394.0	210269.5	190094.625	13883.625
Ae_comosa	Er_bonaepartis	T_boeoticum	-66.55040425230732	1.0	-4.960822801239771	17987042.8125	25575395.625	1232119.8125	761143.875	1448309.875	1610552.8125	1356736.25	2507777.25	1852410.8125	3646858.125	3623701.625	163324.0	200237.25	157010.875	102487.0
Ae_comosa	T_boeoticum	Er_bonaepartis	-121.93617461573852	1.0	0.312345831588625	17987042.8125	1232119.8125	25575395.625	761143.875	1448309.875	1610552.8125	1852410.8125	163324.0	1356736.25	3646858.125	200237.25	2507777.25	3623701.625	157010.875	102487.0
Er_bonaepartis	Ae_comosa	T_boeoticum	146.51600330570196	0.0	0.6469223185439775	17987042.8125	25575395.625	1610552.8125	1356736.25	2507777.25	1232119.8125	761143.875	1448309.875	1852410.8125	3646858.125	3623701.625	163324.0	157010.875	200237.25	102487.0
Ae_comosa	Er_bonaepartis	T_urartu	-106.65448102336484	1.0	0.5256896710522179	42728686.875	2312734.5	3118327.125	633081.75	455397.25	4348927.5	953656.125	724019.5	598355.75	9092882.125	459400.25	680210.75	707281.25	758439.75	50282.5
Ae_comosa	T_urartu	Er_bonaepartis	11.553273738792635	0.0	0.910964995636513	42728686.875	3118327.125	2312734.5	633081.75	455397.25	4348927.5	598355.75	680210.75	953656.125	9092882.125	707281.25	724019.5	459400.25	758439.75	50282.5
Er_bonaepartis	Ae_comosa	T_urartu	-99999.9	1.0	-0.12148398604679841	42728686.875	2312734.5	4348927.5	953656.125	724019.5	3118327.125	633081.75	455397.25	598355.75	9092882.125	459400.25	680210.75	758439.75	707281.25	50282.5
Ae_comosa	Er_bonaepartis	Ta_caputMedusae	-28.979144176097034	1.0	0.7621580720268838	10681214.5625	561562.6875	719508.125	182826.75	140609.125	1161693.8125	205006.3125	145159.375	133932.5	2299914.625	103176.125	145004.75	180296.125	204506.25	12159.875
Ae_comosa	Ta_caputMedusae	Er_bonaepartis	63.88374523312316	0.0	0.5924394461234214	10681214.5625	719508.125	561562.6875	182826.75	140609.125	1161693.8125	133932.5	145004.75	205006.3125	2299914.625	180296.125	145159.375	103176.125	204506.25	12159.875
Er_bonaepartis	Ae_comosa	Ta_caputMedusae	-99999.9	1.0	1.8302385157977237	10681214.5625	561562.6875	1161693.8125	205006.3125	145159.375	719508.125	182826.75	140609.125	133932.5	2299914.625	103176.125	145004.75	204506.25	180296.125	12159.875
Ae_comosa	S_vavilovii	T_boeoticum	-78.15336199199504	1.0	-7.509148648024866	18188369.5625	25926030.125	1030761.25	690614.3125	1291387.25	1655531.9375	1370371.375	2582239.75	1970243.0	3824788.0625	3859223.25	163618.75	179872.0	171168.375	105183.0
Ae_comosa	T_boeoticum	S_vavilovii	-147.12209632912646	1.0	0.3191654829799343	18188369.5625	1030761.25	25926030.125	690614.3125	1291387.25	1655531.9375	1970243.0	163618.75	1370371.375	3824788.0625	179872.0	2582239.75	3859223.25	171168.375	105183.0
S_vavilovii	Ae_comosa	T_boeoticum	166.71447666745195	0.0	0.6530764488309666	18188369.5625	25926030.125	1655531.9375	1370371.375	2582239.75	1030761.25	690614.3125	1291387.25	1970243.0	3824788.0625	3859223.25	163618.75	171168.375	179872.0	105183.0
Ae_comosa	S_vavilovii	T_urartu	-61.0323209823402	1.0	0.5380206659497699	43157799.1875	2432036.625	2681291.5625	670577.375	406615.0	4478371.3125	856464.375	783241.5	639980.5625	9455601.375	560665.25	649313.375	578489.75	866571.25	52243.5
Ae_comosa	T_urartu	S_vavilovii	10.045858406109506	0.0	0.8761666864813864	43157799.1875	2681291.5625	2432036.625	670577.375	406615.0	4478371.3125	639980.5625	649313.375	856464.375	9455601.375	578489.75	783241.5	560665.25	866571.25	52243.5
S_vavilovii	Ae_comosa	T_urartu	-99999.9	1.0	-0.19702991536409858	43157799.1875	2432036.625	4478371.3125	856464.375	783241.5	2681291.5625	670577.375	406615.0	639980.5625	9455601.375	560665.25	649313.375	866571.25	578489.75	52243.5
Ae_comosa	S_vavilovii	Ta_caputMedusae	-42.6604241169305	1.0	0.4979848331477395	10708706.5625	661633.9375	685912.125	169690.875	101766.25	1159346.375	204995.625	192263.25	169974.3125	2365617.0625	141062.625	173322.125	163279.125	216567.625	13285.125
Ae_comosa	Ta_caputMedusae	S_vavilovii	-0.3424911367632664	0.6340092769452583	1.0081593217777427	10708706.5625	685912.125	661633.9375	169690.875	101766.25	1159346.375	169974.3125	173322.125	204995.625	2365617.0625	163279.125	192263.25	141062.625	216567.625	13285.125
S_vavilovii	Ae_comosa	Ta_caputMedusae	0.34526301550357186	0.36494839027539383	0.007964370200083946	10708706.5625	661633.9375	1159346.375	204995.625	192263.25	685912.125	169690.875	101766.25	169974.3125	2365617.0625	141062.625	173322.125	216567.625	163279.125	13285.125
Ae_comosa	T_boeoticum	T_urartu	-207.2728769959216	1.0	0.37346227035581014	73818262.6875	3425134.0625	104160623.0625	2695321.6875	4659330.25	6192998.625	7920372.125	555695.75	4805860.25	15685437.375	587646.625	9333482.625	15594171.25	642078.875	343206.75
Ae_comosa	T_urartu	T_boeoticum	-83.72309609120623	1.0	3.1021859209031515	73818262.6875	104160623.0625	3425134.0625	2695321.6875	4659330.25	6192998.625	4805860.25	9333482.625	7920372.125	15685437.375	15594171.25	555695.75	587646.625	642078.875	343206.75
T_boeoticum	Ae_comosa	T_urartu	140.45777233076421	0.0	0.28771221540628844	73818262.6875	3425134.0625	6192998.625	7920372.125	555695.75	104160623.0625	2695321.6875	4659330.25	4805860.25	15685437.375	587646.625	9333482.625	642078.875	15594171.25	343206.75
Ae_comosa	T_boeoticum	Ta_caputMedusae	-184.75408225882802	1.0	0.35165912413417905	18280035.9375	996283.0625	26000187.8125	682209.5625	1259739.375	1602324.1875	2015453.6875	146425.875	1292304.0625	3914441.0625	162178.375	2452331.75	3949854.5	175044.75	93909.0
Ae_comosa	Ta_caputMedusae	T_boeoticum	-84.54374358383811	1.0	6.396433819342558	18280035.9375	26000187.8125	996283.0625	682209.5625	1259739.375	1602324.1875	1292304.0625	2452331.75	2015453.6875	3914441.0625	3949854.5	146425.875	162178.375	175044.75	93909.0
T_boeoticum	Ae_comosa	Ta_caputMedusae	155.8701623314243	0.0	0.3139414264459443	18280035.9375	996283.0625	1602324.1875	2015453.6875	146425.875	26000187.8125	682209.5625	1259739.375	1292304.0625	3914441.0625	162178.375	2452331.75	175044.75	3949854.5	93909.0
Ae_comosa	T_urartu	Ta_caputMedusae	20.78693043409849	0.0	0.4851867744734424	43464889.625	2467455.6875	2299446.5	695960.4375	447927.5	4467925.625	624501.5625	623974.0	691848.125	9688346.1875	454112.375	668191.625	525068.875	864584.125	45586.75
Ae_comosa	Ta_caputMedusae	T_urartu	-99999.9	1.0	1.0650329924052235	43464889.625	2299446.5	2467455.6875	695960.4375	447927.5	4467925.625	691848.125	668191.625	624501.5625	9688346.1875	525068.875	623974.0	454112.375	864584.125	45586.75
T_urartu	Ae_comosa	Ta_caputMedusae	-1.269290527794543	0.8978311994875366	0.05441640704666709	43464889.625	2467455.6875	4467925.625	624501.5625	623974.0	2299446.5	695960.4375	447927.5	691848.125	9688346.1875	454112.375	668191.625	864584.125	525068.875	45586.75
Ae_longissima	Ae_mutica	Ae_searsii	-46.51778232476011	1.0	0.2378022606894817	157864948.25	36800089.4375	8345720.5625	2542412.875	2912940.625	13988742.25	4854214.6875	6786225.375	4132942.9375	34799064.0	6356389.375	1918734.0	1778396.5	2186635.625	251112.5
Ae_longissima	Ae_searsii	Ae_mutica	-32.004443818802514	1.0	-0.829755366877783	157864948.25	8345720.5625	36800089.4375	2542412.875	2912940.625	13988742.25	4132942.9375	1918734.0	4854214.6875	34799064.0	1778396.5	6786225.375	6356389.375	2186635.625	251112.5
Ae_mutica	Ae_longissima	Ae_searsii	102.57982685217057	0.0	0.40758451957651604	157864948.25	36800089.4375	13988742.25	4854214.6875	6786225.375	8345720.5625	2542412.875	2912940.625	4132942.9375	34799064.0	6356389.375	1918734.0	2186635.625	1778396.5	251112.5
Ae_longissima	Ae_mutica	Ae_sharonensis	-254.5237306410724	1.0	0.49802030256804075	126553194.5	6853058.125	7513002.8125	1382742.1875	979793.875	10789030.4375	3470895.9375	3309199.75	1399212.625	28833627.875	1286590.125	1570998.375	1909206.375	1849611.75	121335.25
Ae_longissima	Ae_sharonensis	Ae_mutica	-2.007571136843086	0.9776556267569603	1.008013981276757	126553194.5	7513002.8125	6853058.125	1382742.1875	979793.875	10789030.4375	1399212.625	1570998.375	3470895.9375	28833627.875	1909206.375	3309199.75	1286590.125	1849611.75	121335.25
Ae_mutica	Ae_longissima	Ae_sharonensis	2.0235318653659586	0.02150910251387972	0.007825833038422209	126553194.5	6853058.125	10789030.4375	3470895.9375	3309199.75	7513002.8125	1382742.1875	979793.875	1399212.625	28833627.875	1286590.125	1570998.375	1849611.75	1909206.375	121335.25
Ae_longissima	Ae_mutica	Ae_speltoides	-10.870415625876921	1.0	0.716128244361867	248168863.75	16711017.625	13162661.3125	4023090.4375	2569437.125	25823760.25	4209773.375	5157667.0	3738825.0625	55576067.9375	3433275.375	3390343.875	2605402.875	4831704.875	260860.125
Ae_longissima	Ae_speltoides	Ae_mutica	16.552572054399803	0.0	0.6235961030565935	248168863.75	13162661.3125	16711017.625	4023090.4375	2569437.125	25823760.25	3738825.0625	3390343.875	4209773.375	55576067.9375	2605402.875	5157667.0	3433275.375	4831704.875	260860.125
Ae_mutica	Ae_longissima	Ae_speltoides	-99999.9	1.0	2.913079261829261	248168863.75	16711017.625	25823760.25	4209773.375	5157667.0	13162661.3125	4023090.4375	2569437.125	3738825.0625	55576067.9375	3433275.375	3390343.875	4831704.875	2605402.875	260860.125
Ae_longissima	Ae_mutica	Ae_tauschii	-68.40105194345263	1.0	0.4544231086664709	249358719.5625	17689327.0625	14368341.8125	3642810.3125	2345880.5	25043756.9375	5099582.3125	5911489.875	3886204.5625	56532701.0625	3317466.75	4079591.125	3072172.5	4524864.875	274055.75
Ae_longissima	Ae_tauschii	Ae_mutica	-11.428296766403854	1.0	1.250926175548347	249358719.5625	14368341.8125	17689327.0625	3642810.3125	2345880.5	25043756.9375	3886204.5625	4079591.125	5099582.3125	56532701.0625	3072172.5	5911489.875	3317466.75	4524864.875	274055.75
Ae_mutica	Ae_longissima	Ae_tauschii	13.720725253934871	0.0	0.14315908811858838	249358719.5625	17689327.0625	25043756.9375	5099582.3125	5911489.875	14368341.8125	3642810.3125	2345880.5	3886204.5625	56532701.0625	3317466.75	4079591.125	4524864.875	3072172.5	274055.75
Ae_longissima	Ae_mutica	Ae_umbellulata	-57.89649487594514	1.0	0.38209128401554765	186150635.0625	14132267.1875	10979949.4375	2645154.8125	1649338.5	18718465.5625	3860825.5625	4543123.625	3109100.9375	41802969.3125	2736850.5	3142364.5	2312740.625	3319475.25	212967.125
Ae_longissima	Ae_umbellulata	Ae_mutica	-22.09550114517199	1.0	2.612163955959184	186150635.0625	10979949.4375	14132267.1875	2645154.8125	1649338.5	18718465.5625	3109100.9375	3142364.5	3860825.5625	41802969.3125	2312740.625	4543123.625	2736850.5	3319475.25	212967.125
Ae_mutica	Ae_longissima	Ae_umbellulata	35.732306160353716	0.0	0.2762214001928267	186150635.0625	14132267.1875	18718465.5625	3860825.5625	4543123.625	10979949.4375	2645154.8125	1649338.5	3109100.9375	41802969.3125	2736850.5	3142364.5	3319475.25	2312740.625	212967.125
Ae_longissima	Ae_mutica	Ae_uniaristata	-6.171747767967716	0.9999999996609469	1.2316504909114065	248935399.8125	18484474.625	14942396.0	3925818.0625	2437563.75	29065393.5625	4059847.75	4019699.0	4772463.25	56250206.3125	3464836.75	5599866.875	2967113.625	5010572.5	281479.125
Ae_longissima	Ae_uniaristata	Ae_mutica	-38.98599365318786	1.0	0.45702139848247797	248935399.8125	14942396.0	18484474.625	3925818.0625	2437563.75	29065393.5625	4772463.25	5599866.875	4059847.75	56250206.3125	2967113.625	4019699.0	3464836.75	5010572.5	281479.125
Ae_mutica	Ae_longissima	Ae_uniaristata	7.332538439331912	1.1379786002407855e-13	0.8633291308702081	248935399.8125	18484474.625	29065393.5625	4059847.75	4019699.0	14942396.0	3925818.0625	2437563.75	4772463.25	56250206.3125	3464836.75	5599866.875	5010572.5	2967113.625	281479.125
Ae_longissima	Ae_mutica	Er_bonaepartis	-14.7501942281415	1.0	1.15480949042064	62510931.8125	4570983.5	3769467.3125	874553.0	525349.625	6933656.0	948986.3125	1176048.375	1504225.5	13431952.4375	1084283.25	1224418.875	661871.375	1148345.5	75117.125
Ae_longissima	Er_bonaepartis	Ae_mutica	-124.7800395168418	1.0	0.4685911982786481	62510931.8125	3769467.3125	4570983.5	874553.0	525349.625	6933656.0	1504225.5	1224418.875	948986.3125	13431952.4375	661871.375	1176048.375	1084283.25	1148345.5	75117.125
Ae_mutica	Ae_longissima	Er_bonaepartis	16.727550728071456	0.0	0.8942867518225466	62510931.8125	4570983.5	6933656.0	948986.3125	1176048.375	3769467.3125	874553.0	525349.625	1504225.5	13431952.4375	1084283.25	1224418.875	1148345.5	661871.375	75117.125
Ae_longissima	Ae_mutica	S_vavilovii	34.230866601241075	0.0	0.7421094779562974	63214158.8125	3822741.9375	3717958.9375	1043774.1875	569492.125	7504811.9375	894510.3125	934174.25	1324034.1875	14009378.3125	879703.0	1258471.125	778112.125	1421285.0	76675.75
Ae_longissima	S_vavilovii	Ae_mutica	-64.27236780275076	1.0	0.60514741194987	63214158.8125	3717958.9375	3822741.9375	1043774.1875	569492.125	7504811.9375	1324034.1875	1258471.125	894510.3125	14009378.3125	778112.125	934174.25	879703.0	1421285.0	76675.75
Ae_mutica	Ae_longissima	S_vavilovii	-22.335295502872384	1.0	2.1394525983115913	63214158.8125	3822741.9375	7504811.9375	894510.3125	934174.25	3717958.9375	1043774.1875	569492.125	1324034.1875	14009378.3125	879703.0	1258471.125	1421285.0	778112.125	76675.75
Ae_longissima	Ae_mutica	T_boeoticum	-83.99603129898004	1.0	-5.051879696393567	108015380.8125	151784022.0625	5838694.875	3562867.125	6648233.875	9370577.25	8046116.625	15451947.0	11788563.3125	23148488.3125	23055979.0	793857.25	944449.875	832149.0	509109.625
Ae_longissima	T_boeoticum	Ae_mutica	-154.1127332799906	1.0	0.3127007027395635	108015380.8125	5838694.875	151784022.0625	3562867.125	6648233.875	9370577.25	11788563.3125	793857.25	8046116.625	23148488.3125	944449.875	15451947.0	23055979.0	832149.0	509109.625
Ae_mutica	Ae_longissima	T_boeoticum	184.61875134491166	0.0	0.6472367094613095	108015380.8125	151784022.0625	9370577.25	8046116.625	15451947.0	5838694.875	3562867.125	6648233.875	11788563.3125	23148488.3125	23055979.0	793857.25	832149.0	944449.875	509109.625
Ae_longissima	Ae_mutica	T_urartu	-0.5034106170240662	0.6926621989727271	0.022181691654037213	256367487.0625	13082880.0	15027719.8125	3692699.875	1986462.0	27527752.625	4129337.0625	4550584.5	4119432.0	57465077.6875	2885110.0	4453285.25	3011522.875	4849901.0	266830.25
Ae_longissima	T_urartu	Ae_mutica	-0.4919908072425483	0.6886370760371023	-0.023763002432213718	256367487.0625	15027719.8125	13082880.0	3692699.875	1986462.0	27527752.625	4119432.0	4453285.25	4129337.0625	57465077.6875	3011522.875	4550584.5	2885110.0	4849901.0	266830.25
Ae_mutica	Ae_longissima	T_urartu	21.688049151657747	0.0	0.4942637163745613	256367487.0625	13082880.0	27527752.625	4129337.0625	4550584.5	15027719.8125	3692699.875	1986462.0	4119432.0	57465077.6875	2885110.0	4453285.25	4849901.0	3011522.875	266830.25
Ae_longissima	Ae_mutica	Ta_caputMedusae	-4.562516067492474	0.999997470281588	1.1817218965137477	63535514.0625	3680999.9375	3830671.9375	982938.9375	529746.875	7153988.6875	1007173.9375	1094534.125	1164772.0625	14320156.5625	732263.875	1229402.25	815974.75	1317705.0	71534.0
Ae_longissima	Ta_caputMedusae	Ae_mutica	-34.23216647059505	1.0	0.46430057633173133	63535514.0625	3830671.9375	3680999.9375	982938.9375	529746.875	7153988.6875	1164772.0625	1229402.25	1007173.9375	14320156.5625	815974.75	1094534.125	732263.875	1317705.0	71534.0
Ae_mutica	Ae_longissima	Ta_caputMedusae	5.264127059981627	7.057081208294846e-08	0.8823932619370415	63535514.0625	3680999.9375	7153988.6875	1007173.9375	1094534.125	3830671.9375	982938.9375	529746.875	1164772.0625	14320156.5625	732263.875	1229402.25	1317705.0	815974.75	71534.0
Ae_longissima	Ae_searsii	Ae_sharonensis	-172.22070167100722	1.0	0.44997309683660003	80261214.8125	3171457.9375	17790236.75	1190068.125	1566064.125	5567935.25	2549959.625	1340345.875	1437442.0625	18290459.3125	536746.625	2383381.375	3337694.25	864693.0	96751.875
Ae_longissima	Ae_sharonensis	Ae_searsii	-31.328170733745953	1.0	1.2859339540298873	80261214.8125	17790236.75	3171457.9375	1190068.125	1566064.125	5567935.25	1437442.0625	2383381.375	2549959.625	18290459.3125	3337694.25	1340345.875	536746.625	864693.0	96751.875
Ae_searsii	Ae_longissima	Ae_sharonensis	38.29414880933161	0.0	0.15390982206696024	80261214.8125	3171457.9375	5567935.25	2549959.625	1340345.875	17790236.75	1190068.125	1566064.125	1437442.0625	18290459.3125	536746.625	2383381.375	864693.0	3337694.25	96751.875
Ae_longissima	Ae_searsii	Ae_speltoides	-17.37802408097153	1.0	-0.3563713163479738	155990643.25	9365908.3125	34903457.3125	2804333.125	3576774.0	12747097.6875	4137025.25	2358829.0	4487175.125	34058247.9375	1963682.125	5866872.625	5914162.0	2031846.75	253157.5
Ae_longissima	Ae_speltoides	Ae_searsii	-21.943904561205603	1.0	0.17223377983249438	155990643.25	34903457.3125	9365908.3125	2804333.125	3576774.0	12747097.6875	4487175.125	5866872.625	4137025.25	34058247.9375	5914162.0	2358829.0	1963682.125	2031846.75	253157.5
Ae_searsii	Ae_longissima	Ae_speltoides	83.51986074668832	0.0	0.5580576873756984	155990643.25	9365908.3125	12747097.6875	4137025.25	2358829.0	34903457.3125	2804333.125	3576774.0	4487175.125	34058247.9375	1963682.125	5866872.625	2031846.75	5914162.0	253157.5
Ae_longissima	Ae_searsii	Ae_tauschii	-6.407318405656638	0.9999999999256042	0.08663706730984197	158193340.8125	8677926.125	34706207.0	3060521.4375	3958952.625	13012520.25	4171263.8125	2300492.75	4065904.3125	35366812.625	1569175.125	5879352.375	6013352.75	2127145.125	246832.875
Ae_longissima	Ae_tauschii	Ae_searsii	-5.799552033584286	0.9999999966650548	-0.11706307072302427	158193340.8125	34706207.0	8677926.125	3060521.4375	3958952.625	13012520.25	4065904.3125	5879352.375	4171263.8125	35366812.625	6013352.75	2300492.75	1569175.125	2127145.125	246832.875
Ae_searsii	Ae_longissima	Ae_tauschii	61.14121839719731	0.0	0.47510556145010796	158193340.8125	8677926.125	13012520.25	4171263.8125	2300492.75	34706207.0	3060521.4375	3958952.625	4065904.3125	35366812.625	1569175.125	5879352.375	2127145.125	6013352.75	246832.875
Ae_longissima	Ae_searsii	Ae_umbellulata	-3.433281136446534	0.9997017891154876	-0.04130736495954038	117246431.8125	7548437.0625	26565625.875	2072287.625	2635810.125	9612029.1875	3245265.3125	1876815.625	3291795.875	25886433.125	1479598.125	4547354.0	4602018.375	1487563.5	188823.375
Ae_longissima	Ae_umbellulata	Ae_searsii	-3.569475118823114	0.9998211121206084	0.036752872060942444	117246431.8125	26565625.875	7548437.0625	2072287.625	2635810.125	9612029.1875	3291795.875	4547354.0	3245265.3125	25886433.125	4602018.375	1876815.625	1479598.125	1487563.5	188823.375
Ae_searsii	Ae_longissima	Ae_umbellulata	89.98203429124504	0.0	0.5097243126429035	117246431.8125	7548437.0625	9612029.1875	3245265.3125	1876815.625	26565625.875	2072287.625	2635810.125	3291795.875	25886433.125	1479598.125	4547354.0	1487563.5	4602018.375	188823.375
Ae_longissima	Ae_searsii	Ae_uniaristata	-16.085685550562253	1.0	1.271330877580177	158082000.5	9103986.8125	34949371.5625	3335487.0	4278393.375	15517759.25	3623367.6875	1365485.5	4972243.3125	35172457.875	1667381.75	7514292.375	5878541.375	2397324.125	268661.5
Ae_longissima	Ae_uniaristata	Ae_searsii	-91.45576104605082	1.0	0.4517889857949043	158082000.5	34949371.5625	9103986.8125	3335487.0	4278393.375	15517759.25	4972243.3125	7514292.375	3623367.6875	35172457.875	5878541.375	1365485.5	1667381.75	2397324.125	268661.5
Ae_searsii	Ae_longissima	Ae_uniaristata	19.51873610717282	0.0	0.8504233850331258	158082000.5	9103986.8125	15517759.25	3623367.6875	1365485.5	34949371.5625	3335487.0	4278393.375	4972243.3125	35172457.875	1667381.75	7514292.375	2397324.125	5878541.375	268661.5
Ae_longissima	Ae_searsii	Er_bonaepartis	-60.26614669847244	1.0	2.4716146622396864	39104958.875	2601269.0625	9186416.125	627848.1875	788494.25	3529433.625	973592.1875	509706.75	1554278.125	8141789.3125	649706.875	1823848.25	1469784.5	497826.0	73317.875
Ae_longissima	Er_bonaepartis	Ae_searsii	-161.48468959470495	1.0	0.38529614552696556	39104958.875	9186416.125	2601269.0625	627848.1875	788494.25	3529433.625	1554278.125	1823848.25	973592.1875	8141789.3125	1469784.5	509706.75	649706.875	497826.0	73317.875
Ae_searsii	Ae_longissima	Er_bonaepartis	96.14898332066406	0.0	0.728225842545214	39104958.875	2601269.0625	3529433.625	973592.1875	509706.75	9186416.125	627848.1875	788494.25	1554278.125	8141789.3125	649706.875	1823848.25	497826.0	1469784.5	73317.875
Ae_longissima	Ae_searsii	S_vavilovii	-55.358697744122225	1.0	3.0429470721982206	39409312.25	2214681.875	9326316.4375	661158.3125	773675.375	3767377.125	998550.0	432987.0	1501091.1875	8480528.8125	531298.375	1958601.75	1594652.75	577995.0	76726.75
Ae_longissima	S_vavilovii	Ae_searsii	-137.81486585224948	1.0	0.37433958803207795	39409312.25	9326316.4375	2214681.875	661158.3125	773675.375	3767377.125	1501091.1875	1958601.75	998550.0	8480528.8125	1594652.75	432987.0	531298.375	577995.0	76726.75
Ae_searsii	Ae_longissima	S_vavilovii	92.52493389405342	0.0	0.7134250840876345	39409312.25	2214681.875	3767377.125	998550.0	432987.0	9326316.4375	661158.3125	773675.375	1501091.1875	8480528.8125	531298.375	1958601.75	577995.0	1594652.75	76726.75
Ae_longissima	Ae_searsii	T_boeoticum	162.12466495719406	0.0	0.3906078485416463	71526692.5	88562135.4375	11435175.5625	8449476.125	16675492.625	4241381.25	3508682.8125	6362268.25	6675629.8125	14753178.0	12699809.0	690296.125	1011484.875	582181.125	416452.5
Ae_longissima	T_boeoticum	Ae_searsii	-99999.9	1.0	2.273308044720924	71526692.5	11435175.5625	88562135.4375	8449476.125	16675492.625	4241381.25	6675629.8125	690296.125	3508682.8125	14753178.0	1011484.875	6362268.25	12699809.0	582181.125	416452.5
Ae_searsii	Ae_longissima	T_boeoticum	-90.80803660421749	1.0	0.26417595158727525	71526692.5	88562135.4375	4241381.25	3508682.8125	6362268.25	11435175.5625	8449476.125	16675492.625	6675629.8125	14753178.0	12699809.0	690296.125	582181.125	1011484.875	416452.5
Ae_longissima	Ae_searsii	T_urartu	-32.28397609715976	1.0	-0.5669401662840631	160034002.0625	7513060.125	37718824.6875	2328574.25	2624153.875	13912447.5	4274433.0625	1965485.75	4978471.125	34887726.3125	1870222.125	6818558.375	6611101.625	2058225.875	259571.25
Ae_longissima	T_urartu	Ae_searsii	-43.964755727845656	1.0	0.20991404890662105	160034002.0625	37718824.6875	7513060.125	2328574.25	2624153.875	13912447.5	4978471.125	6818558.375	4274433.0625	34887726.3125	6611101.625	1965485.75	1870222.125	2058225.875	259571.25
Ae_searsii	Ae_longissima	T_urartu	121.51219078789272	0.0	0.5765965502055422	160034002.0625	7513060.125	13912447.5	4274433.0625	1965485.75	37718824.6875	2328574.25	2624153.875	4978471.125	34887726.3125	1870222.125	6818558.375	2058225.875	6611101.625	259571.25
Ae_longissima	Ae_searsii	Ta_caputMedusae	-46.4551052485792	1.0	-2.154819430937639	39650961.6875	2124399.4375	9462166.125	632012.0	728402.5	3577837.4375	1075232.1875	510311.25	1377962.5	8708489.75	451793.875	1879701.0	1661363.0	554508.375	71503.875
Ae_longissima	Ta_caputMedusae	Ae_searsii	-78.18508715316646	1.0	0.2886772685182509	39650961.6875	9462166.125	2124399.4375	632012.0	728402.5	3577837.4375	1377962.5	1879701.0	1075232.1875	8708489.75	1661363.0	510311.25	451793.875	554508.375	71503.875
Ae_searsii	Ae_longissima	Ta_caputMedusae	114.468910303557	0.0	0.6272863162883839	39650961.6875	2124399.4375	3577837.4375	1075232.1875	510311.25	9462166.125	632012.0	728402.5	1377962.5	8708489.75	451793.875	1879701.0	554508.375	1661363.0	71503.875
Ae_longissima	Ae_sharonensis	Ae_speltoides	-11.926672235809036	1.0	1.0605100173869564	124434437.9375	8687964.5	6223266.5625	1412850.75	1168749.5	9892893.0	1516016.8125	1940250.5	3324124.75	28092919.0625	2189001.5	2769236.25	1148043.375	1712553.25	120789.25
Ae_longissima	Ae_speltoides	Ae_sharonensis	-220.9557871884825	1.0	0.48613128952154033	124434437.9375	6223266.5625	8687964.5	1412850.75	1168749.5	9892893.0	3324124.75	2769236.25	1516016.8125	28092919.0625	1148043.375	1940250.5	2189001.5	1712553.25	120789.25
Ae_sharonensis	Ae_longissima	Ae_speltoides	12.607177966566324	0.0	0.9487867301586691	124434437.9375	8687964.5	9892893.0	1516016.8125	1940250.5	6223266.5625	1412850.75	1168749.5	3324124.75	28092919.0625	2189001.5	2769236.25	1712553.25	1148043.375	120789.25
Ae_longissima	Ae_sharonensis	Ae_tauschii	-15.668905371640255	1.0	1.1022070178955916	125650881.3125	8582147.3125	6278313.125	1415848.75	1221380.5	9934512.3125	1555277.1875	2022195.375	3058882.375	29018082.5	1929234.5	2920206.875	1150366.625	1670582.625	121520.625
Ae_longissima	Ae_tauschii	Ae_sharonensis	-184.64338304406553	1.0	0.47784486148424127	125650881.3125	6278313.125	8582147.3125	1415848.75	1221380.5	9934512.3125	3058882.375	2920206.875	1555277.1875	29018082.5	1150366.625	2022195.375	1929234.5	1670582.625	121520.625
Ae_sharonensis	Ae_longissima	Ae_tauschii	17.121873884561907	0.0	0.9217776128685488	125650881.3125	8582147.3125	9934512.3125	1555277.1875	2022195.375	6278313.125	1415848.75	1221380.5	3058882.375	29018082.5	1929234.5	2920206.875	1670582.625	1150366.625	121520.625
Ae_longissima	Ae_sharonensis	Ae_umbellulata	-25.780570596399922	1.0	1.1751451337507115	93730967.25	6911324.5	4873035.0625	1027742.5625	834404.125	7426200.625	1206610.625	1579398.25	2406734.9375	21455437.6875	1574748.375	2235950.625	882346.125	1267040.125	93456.125
Ae_longissima	Ae_umbellulata	Ae_sharonensis	-198.75661299559664	1.0	0.4653237747313052	93730967.25	4873035.0625	6911324.5	1027742.5625	834404.125	7426200.625	2406734.9375	2235950.625	1206610.625	21455437.6875	882346.125	1579398.25	1574748.375	1267040.125	93456.125
Ae_sharonensis	Ae_longissima	Ae_umbellulata	29.622939811566145	0.0	0.8851835131091452	93730967.25	6911324.5	7426200.625	1206610.625	1579398.25	4873035.0625	1027742.5625	834404.125	2406734.9375	21455437.6875	1574748.375	2235950.625	1267040.125	882346.125	93456.125
Ae_longissima	Ae_sharonensis	Ae_uniaristata	22.613257414792916	0.0	0.9317676469400977	125191439.75	9380893.25	6945026.3125	1494492.9375	1182846.0	11499340.6875	1314369.3125	1517373.25	3774102.25	28774330.5	2094644.25	4119349.25	1187558.375	1881530.875	135991.0
Ae_longissima	Ae_uniaristata	Ae_sharonensis	-286.18895599464867	1.0	0.5190030193535823	125191439.75	6945026.3125	9380893.25	1494492.9375	1182846.0	11499340.6875	3774102.25	4119349.25	1314369.3125	28774330.5	1187558.375	1517373.25	2094644.25	1881530.875	135991.0
Ae_sharonensis	Ae_longissima	Ae_uniaristata	-20.957312642694816	1.0	1.0857941666725461	125191439.75	9380893.25	11499340.6875	1314369.3125	1517373.25	6945026.3125	1494492.9375	1182846.0	3774102.25	28774330.5	2094644.25	4119349.25	1881530.875	1187558.375	135991.0
Ae_longissima	Ae_sharonensis	Er_bonaepartis	-21.563322931879462	1.0	1.0585742964734701	31346129.125	2343517.875	1780031.25	315181.125	236481.125	2673452.625	359990.125	440172.25	1169793.375	6754387.25	670539.375	918413.875	302737.5	418213.625	35269.5
Ae_longissima	Er_bonaepartis	Ae_sharonensis	-411.2629143317212	1.0	0.4865391183872056	31346129.125	1780031.25	2343517.875	315181.125	236481.125	2673452.625	1169793.375	918413.875	359990.125	6754387.25	302737.5	440172.25	670539.375	418213.625	35269.5
Ae_sharonensis	Ae_longissima	Er_bonaepartis	22.756490454057953	0.0	0.9501801853136114	31346129.125	2343517.875	2673452.625	359990.125	440172.25	1780031.25	315181.125	236481.125	1169793.375	6754387.25	670539.375	918413.875	418213.625	302737.5	35269.5
Ae_longissima	Ae_sharonensis	S_vavilovii	-3.6631782344326957	0.9998754146429698	1.010163680402847	31562217.9375	2080216.1875	1882666.125	341265.875	205495.375	2880736.1875	348758.0625	383591.625	1093403.25	7048170.5	546934.125	1001460.0	337630.125	501491.0	36567.625
Ae_longissima	S_vavilovii	Ae_sharonensis	-367.74483572432587	1.0	0.49749723584182926	31562217.9375	1882666.125	2080216.1875	341265.875	205495.375	2880736.1875	1093403.25	1001460.0	348758.0625	7048170.5	337630.125	383591.625	546934.125	501491.0	36567.625
Ae_sharonensis	Ae_longissima	S_vavilovii	3.700035006811002	0.0001078152788049902	0.9901370511761778	31562217.9375	2080216.1875	2880736.1875	348758.0625	383591.625	1882666.125	341265.875	205495.375	1093403.25	7048170.5	546934.125	1001460.0	501491.0	337630.125	36567.625
Ae_longissima	Ae_sharonensis	T_boeoticum	-93.30192764522194	1.0	1.510659765232151	54810463.0625	75398642.0	2163282.375	1540150.5625	2940167.5	3350562.3125	2769172.75	5412245.375	6404928.875	12187073.6875	12233604.125	320302.375	270171.875	284746.375	156156.75
Ae_longissima	T_boeoticum	Ae_sharonensis	-369.31244914805086	1.0	0.4277091224948055	54810463.0625	2163282.375	75398642.0	1540150.5625	2940167.5	3350562.3125	6404928.875	320302.375	2769172.75	12187073.6875	270171.875	5412245.375	12233604.125	284746.375	156156.75
Ae_sharonensis	Ae_longissima	T_boeoticum	124.84148510453787	0.0	0.7983159790839887	54810463.0625	75398642.0	3350562.3125	2769172.75	5412245.375	2163282.375	1540150.5625	2940167.5	6404928.875	12187073.6875	12233604.125	320302.375	284746.375	270171.875	156156.75
Ae_longissima	Ae_sharonensis	T_urartu	-22.863726800418117	1.0	1.1037147765923396	128427950.0625	6868355.75	7141319.3125	1275624.875	861909.25	10716776.25	1471832.4375	1658727.75	3559839.5	29025569.6875	1924626.25	3338968.625	1351606.0	1756654.375	125932.875
Ae_longissima	T_urartu	Ae_sharonensis	-266.17556670130654	1.0	0.4775620294985328	128427950.0625	7141319.3125	6868355.75	1275624.875	861909.25	10716776.25	3559839.5	3338968.625	1471832.4375	29025569.6875	1351606.0	1658727.75	1924626.25	1756654.375	125932.875
Ae_sharonensis	Ae_longissima	T_urartu	25.012204258058876	0.0	0.9208975135407266	128427950.0625	6868355.75	10716776.25	1471832.4375	1658727.75	7141319.3125	1275624.875	861909.25	3559839.5	29025569.6875	1924626.25	3338968.625	1756654.375	1351606.0	125932.875
Ae_longissima	Ae_sharonensis	Ta_caputMedusae	-1.8715491762433696	0.9693655628941638	1.006445967627357	31860144.1875	1900250.1875	1800407.875	353217.875	233981.625	2788336.75	357094.125	399670.0	962315.3125	7255862.0625	457531.25	904289.625	334453.5	492837.375	33761.25
Ae_longissima	Ta_caputMedusae	Ae_sharonensis	-294.08727698292836	1.0	0.4984039403167352	31860144.1875	1800407.875	1900250.1875	353217.875	233981.625	2788336.75	962315.3125	904289.625	357094.125	7255862.0625	334453.5	399670.0	457531.25	492837.375	33761.25
Ae_sharonensis	Ae_longissima	Ta_caputMedusae	1.8835358558974313	0.029813828317143964	0.9936763190997493	31860144.1875	1900250.1875	2788336.75	357094.125	399670.0	1800407.875	353217.875	233981.625	962315.3125	7255862.0625	457531.25	904289.625	492837.375	334453.5	33761.25
Ae_longissima	Ae_speltoides	Ae_tauschii	-39.91927171589684	1.0	0.33028909054466354	244796661.6875	16620810.6875	16921300.375	3519503.5	2672183.5	22864882.5625	4933703.0625	5040861.5	4236245.875	54983519.875	2958294.125	5044555.0	3541245.0	4094396.875	280194.375
Ae_longissima	Ae_tauschii	Ae_speltoides	-20.231821856416556	1.0	-36.16543461140818	244796661.6875	16921300.375	16620810.6875	3519503.5	2672183.5	22864882.5625	4236245.875	5044555.0	4933703.0625	54983519.875	3541245.0	5040861.5	2958294.125	4094396.875	280194.375
Ae_speltoides	Ae_longissima	Ae_tauschii	41.02306798282473	0.0	0.33635002549195453	244796661.6875	16620810.6875	22864882.5625	4933703.0625	5040861.5	16921300.375	3519503.5	2672183.5	4236245.875	54983519.875	2958294.125	5044555.0	4094396.875	3541245.0	280194.375
Ae_longissima	Ae_speltoides	Ae_umbellulata	-24.795326693146116	1.0	0.23453578655464014	182768190.5625	13215760.375	12870024.8125	2609550.0	1937021.5	17176649.75	3742077.9375	3839479.375	3395075.0	40598604.6875	2551822.875	3853625.875	2743789.25	3057950.25	219359.75
Ae_longissima	Ae_umbellulata	Ae_speltoides	-17.198117905708266	1.0	-0.7913009792979344	182768190.5625	12870024.8125	13215760.375	2609550.0	1937021.5	17176649.75	3395075.0	3853625.875	3742077.9375	40598604.6875	2743789.25	3839479.375	2551822.875	3057950.25	219359.75
Ae_speltoides	Ae_longissima	Ae_umbellulata	56.13021359691978	0.0	0.4095429196150641	182768190.5625	13215760.375	17176649.75	3742077.9375	3839479.375	12870024.8125	2609550.0	1937021.5	3395075.0	40598604.6875	2551822.875	3853625.875	3057950.25	2743789.25	219359.75
Ae_longissima	Ae_speltoides	Ae_uniaristata	-16.077943399746783	1.0	1.4475294685745541	244262068.4375	17639025.625	17741516.5	3758387.0625	2785874.125	26482346.625	4133735.0625	3543566.75	5347794.3125	54566318.0	3226532.125	6950242.625	3552249.5	4445739.125	301965.125
Ae_longissima	Ae_uniaristata	Ae_speltoides	-68.08188615537371	1.0	0.43305644993439374	244262068.4375	17741516.5	17639025.625	3758387.0625	2785874.125	26482346.625	5347794.3125	6950242.625	4133735.0625	54566318.0	3552249.5	3543566.75	3226532.125	4445739.125	301965.125
Ae_speltoides	Ae_longissima	Ae_uniaristata	21.04872542641323	0.0	0.8089594111022226	244262068.4375	17639025.625	26482346.625	4133735.0625	3543566.75	17741516.5	3758387.0625	2785874.125	5347794.3125	54566318.0	3226532.125	6950242.625	4445739.125	3552249.5	301965.125
Ae_longissima	Ae_speltoides	Er_bonaepartis	-17.399109751116555	1.0	1.1459859425486383	61258663.375	4375737.8125	4482441.875	855053.3125	579396.125	6392020.25	941950.6875	997989.375	1624092.875	13014289.0625	1050811.625	1513084.375	830042.25	1075017.75	79536.25
Ae_longissima	Er_bonaepartis	Ae_speltoides	-153.98167954887197	1.0	0.47005978920283426	61258663.375	4482441.875	4375737.8125	855053.3125	579396.125	6392020.25	1624092.875	1513084.375	941950.6875	13014289.0625	830042.25	997989.375	1050811.625	1075017.75	79536.25
Ae_speltoides	Ae_longissima	Er_bonaepartis	19.615564021816436	0.0	0.8984768956766748	61258663.375	4375737.8125	6392020.25	941950.6875	997989.375	4482441.875	855053.3125	579396.125	1624092.875	13014289.0625	1050811.625	1513084.375	1075017.75	830042.25	79536.25
Ae_longissima	Ae_speltoides	S_vavilovii	10.54523529366852	0.0	0.9206865109879787	61871143.1875	3707234.5	4531817.25	952446.3125	585042.5	6832094.0625	904556.0	838527.0	1460476.125	13599831.1875	793814.25	1627834.875	892666.875	1246054.0	81393.875
Ae_longissima	S_vavilovii	Ae_speltoides	-111.8659208793175	1.0	0.5225059050299535	61871143.1875	4531817.25	3707234.5	952446.3125	585042.5	6832094.0625	1460476.125	1627834.875	904556.0	13599831.1875	892666.875	838527.0	793814.25	1246054.0	81393.875
Ae_speltoides	Ae_longissima	S_vavilovii	-9.636805123777089	1.0	1.104077812272148	61871143.1875	3707234.5	6832094.0625	904556.0	838527.0	4531817.25	952446.3125	585042.5	1460476.125	13599831.1875	793814.25	1627834.875	1246054.0	892666.875	81393.875
Ae_longissima	Ae_speltoides	T_boeoticum	-75.57890959326139	1.0	3.070117067993481	106833840.8125	146812885.8125	6176216.1875	4245387.5625	8049986.125	8400528.6875	7075048.4375	13455489.25	11271617.9375	22544400.6875	22020136.75	771854.875	981424.375	807076.75	504743.75
Ae_longissima	T_boeoticum	Ae_speltoides	-187.66730493580863	1.0	0.3739324898190791	106833840.8125	6176216.1875	146812885.8125	4245387.5625	8049986.125	8400528.6875	11271617.9375	771854.875	7075048.4375	22544400.6875	981424.375	13455489.25	22020136.75	807076.75	504743.75
Ae_speltoides	Ae_longissima	T_boeoticum	126.54022060007635	0.0	0.712896499847236	106833840.8125	146812885.8125	8400528.6875	7075048.4375	13455489.25	6176216.1875	4245387.5625	8049986.125	11271617.9375	22544400.6875	22020136.75	771854.875	807076.75	981424.375	504743.75
Ae_longissima	Ae_speltoides	T_urartu	-15.94375899875945	1.0	-2.5736308783922888	250993269.125	12585874.875	18059938.25	3478386.875	2104752.625	25161562.9375	4141250.0625	3926800.0	4618625.9375	55727490.1875	2695760.125	5621771.5	3631546.875	4433086.875	280879.75
Ae_longissima	T_urartu	Ae_speltoides	-27.426016644605724	1.0	0.2951109463280411	250993269.125	18059938.25	12585874.875	3478386.875	2104752.625	25161562.9375	4618625.9375	5621771.5	4141250.0625	55727490.1875	3631546.875	3926800.0	2695760.125	4433086.875	280879.75
Ae_speltoides	Ae_longissima	T_urartu	38.08256295622693	0.0	0.6323762629102149	250993269.125	12585874.875	25161562.9375	4141250.0625	3926800.0	18059938.25	3478386.875	2104752.625	4618625.9375	55727490.1875	2695760.125	5621771.5	4433086.875	3631546.875	280879.75
Ae_longissima	Ae_speltoides	Ta_caputMedusae	-2.544665768527675	0.9945308572779357	1.046177883905364	62304389.0625	3456976.5625	4506230.875	955435.875	582371.625	6598946.4375	967943.0625	892318.375	1251298.25	13925021.5	654835.625	1488573.375	943227.25	1219816.625	73626.5
Ae_longissima	Ta_caputMedusae	Ae_speltoides	-60.19505647115288	1.0	0.48920337683994175	62304389.0625	4506230.875	3456976.5625	955435.875	582371.625	6598946.4375	1251298.25	1488573.375	967943.0625	13925021.5	943227.25	892318.375	654835.625	1219816.625	73626.5
Ae_speltoides	Ae_longissima	Ta_caputMedusae	2.6569863234206648	0.0039421753424426775	0.9594409143412136	62304389.0625	3456976.5625	6598946.4375	967943.0625	892318.375	4506230.875	955435.875	582371.625	1251298.25	13925021.5	654835.625	1488573.375	1219816.625	943227.25	73626.5
Ae_longissima	Ae_tauschii	Ae_umbellulata	-8.14348461200583	0.9999999999999998	-0.4447992538797669	184869773.25	13023205.625	12479998.4375	2754296.1875	2028294.25	17532240.8125	3235108.3125	3743239.75	3383132.25	41942476.625	2586359.25	3704405.5	2353500.125	3083562.375	203061.25
Ae_longissima	Ae_umbellulata	Ae_tauschii	-10.65055669809302	1.0	0.19054132984064054	184869773.25	12479998.4375	13023205.625	2754296.1875	2028294.25	17532240.8125	3383132.25	3704405.5	3235108.3125	41942476.625	2353500.125	3743239.75	2586359.25	3083562.375	203061.25
Ae_tauschii	Ae_longissima	Ae_umbellulata	34.59519375670627	0.0	0.5666985893220323	184869773.25	13023205.625	17532240.8125	3235108.3125	3743239.75	12479998.4375	2754296.1875	2028294.25	3383132.25	41942476.625	2586359.25	3704405.5	3083562.375	2353500.125	203061.25
Ae_longissima	Ae_tauschii	Ae_uniaristata	35.31432867351813	0.0	0.7613205576069151	247315419.375	17173113.9375	16979807.8125	4101538.75	3136592.875	26954775.5625	3488380.75	3496822.875	5444183.0	56403227.3125	3304433.875	6964917.25	3037341.75	4576253.75	292798.125
Ae_longissima	Ae_uniaristata	Ae_tauschii	-77.32848684369975	1.0	0.59294648253352	247315419.375	16979807.8125	17173113.9375	4101538.75	3136592.875	26954775.5625	5444183.0	6964917.25	3488380.75	56403227.3125	3037341.75	3496822.875	3304433.875	4576253.75	292798.125
Ae_tauschii	Ae_longissima	Ae_uniaristata	-24.243033944822002	1.0	1.8405340059528195	247315419.375	17173113.9375	26954775.5625	3488380.75	3496822.875	16979807.8125	4101538.75	3136592.875	5444183.0	56403227.3125	3304433.875	6964917.25	4576253.75	3037341.75	292798.125
Ae_longissima	Ae_tauschii	Er_bonaepartis	-15.571316074009685	1.0	1.0951949597207393	61868543.4375	4404482.375	4433172.3125	858312.5	656626.375	6319208.25	934128.0625	1053288.875	1806367.75	13253841.6875	1162914.5	1574963.75	785649.0	1026467.375	79559.75
Ae_longissima	Er_bonaepartis	Ae_tauschii	-194.71553684475091	1.0	0.4791749235417516	61868543.4375	4433172.3125	4404482.375	858312.5	656626.375	6319208.25	1806367.75	1574963.75	934128.0625	13253841.6875	785649.0	1053288.875	1162914.5	1026467.375	79559.75
Ae_tauschii	Ae_longissima	Er_bonaepartis	16.924783594388177	0.0	0.9259520228778862	61868543.4375	4404482.375	6319208.25	934128.0625	1053288.875	4433172.3125	858312.5	656626.375	1806367.75	13253841.6875	1162914.5	1574963.75	1026467.375	785649.0	79559.75
Ae_longissima	Ae_tauschii	S_vavilovii	-1.482100226771168	0.9308431510288108	1.0094842776432442	62257664.0	3866739.4375	4640999.25	904813.1875	586473.875	6692688.6875	911766.0	941211.875	1651807.0625	13836365.875	878936.125	1747252.0	838633.125	1178670.5	81591.0
Ae_longissima	S_vavilovii	Ae_tauschii	-159.23337376553198	1.0	0.49766218925841477	62257664.0	4640999.25	3866739.4375	904813.1875	586473.875	6692688.6875	1651807.0625	1747252.0	911766.0	13836365.875	838633.125	941211.875	878936.125	1178670.5	81591.0
Ae_tauschii	Ae_longissima	S_vavilovii	1.4960248121828694	0.06732362555970473	0.9907781112175786	62257664.0	3866739.4375	6692688.6875	911766.0	941211.875	4640999.25	904813.1875	586473.875	1651807.0625	13836365.875	878936.125	1747252.0	1178670.5	838633.125	81591.0
Ae_longissima	Ae_tauschii	T_boeoticum	-77.20351773005125	1.0	2.303253714871011	108024325.4375	148193501.25	6110981.3125	4319534.0	8187052.5	8361454.0625	7008218.5	13527177.75	11759958.3125	23326133.5	22849339.25	797787.125	840449.0	788745.25	479970.75
Ae_longissima	T_boeoticum	Ae_tauschii	-213.64608987376477	1.0	0.38973719216562797	108024325.4375	6110981.3125	148193501.25	4319534.0	8187052.5	8361454.0625	11759958.3125	797787.125	7008218.5	23326133.5	840449.0	13527177.75	22849339.25	788745.25	479970.75
Ae_tauschii	Ae_longissima	T_boeoticum	120.88770702850809	0.0	0.7345586319813266	108024325.4375	148193501.25	8361454.0625	7008218.5	13527177.75	6110981.3125	4319534.0	8187052.5	11759958.3125	23326133.5	22849339.25	797787.125	788745.25	840449.0	479970.75
Ae_longissima	Ae_tauschii	T_urartu	-9.778406869729626	1.0	1.2120582241569362	253579208.625	12514761.125	17762670.9375	3579298.0625	2290833.0	25337027.375	3781991.875	3867702.75	4940526.0625	57102169.4375	2960787.75	5519672.5	3352002.125	4433645.25	271342.125
Ae_longissima	T_urartu	Ae_tauschii	-65.66871017075722	1.0	0.4597791780697559	253579208.625	17762670.9375	12514761.125	3579298.0625	2290833.0	25337027.375	4940526.0625	5519672.5	3781991.875	57102169.4375	3352002.125	3867702.75	2960787.75	4433645.25	271342.125
Ae_tauschii	Ae_longissima	T_urartu	11.489208838274633	0.0	0.8703938963700592	253579208.625	12514761.125	25337027.375	3781991.875	3867702.75	17762670.9375	3579298.0625	2290833.0	4940526.0625	57102169.4375	2960787.75	5519672.5	4433645.25	3352002.125	271342.125
Ae_longissima	Ae_tauschii	Ta_caputMedusae	8.623742810688615	0.0	0.9213223790298379	62905572.125	3461850.0625	4456592.6875	956048.625	646136.0	6571329.0625	916722.875	913497.875	1377231.125	14251426.1875	707671.25	1511249.75	855932.625	1197989.0	72728.75
Ae_longissima	Ta_caputMedusae	Ae_tauschii	-92.3611007129642	1.0	0.5223013284419735	62905572.125	4456592.6875	3461850.0625	956048.625	646136.0	6571329.0625	1377231.125	1511249.75	916722.875	14251426.1875	855932.625	913497.875	707671.25	1197989.0	72728.75
Ae_tauschii	Ae_longissima	Ta_caputMedusae	-7.887306158712374	0.9999999999999984	1.1029856091322203	62905572.125	3461850.0625	6571329.0625	916722.875	913497.875	4456592.6875	956048.625	646136.0	1377231.125	14251426.1875	707671.25	1511249.75	1197989.0	855932.625	72728.75
Ae_longissima	Ae_umbellulata	Ae_uniaristata	-3.6454524505724417	0.9998665051110548	1.0427650272823623	184111239.25	13545842.5625	14137578.5625	2891845.75	1978416.875	20010743.8125	2945829.375	2823931.75	4262144.125	41557284.0625	2649790.5	5467893.75	2692980.0	3385678.625	225546.0
Ae_longissima	Ae_uniaristata	Ae_umbellulata	-92.53468193659064	1.0	0.4899532194461382	184111239.25	14137578.5625	13545842.5625	2891845.75	1978416.875	20010743.8125	4262144.125	5467893.75	2945829.375	41557284.0625	2692980.0	2823931.75	2649790.5	3385678.625	225546.0
Ae_umbellulata	Ae_longissima	Ae_uniaristata	3.7949567678696794	7.385927124636815e-05	0.9620976569246821	184111239.25	13545842.5625	20010743.8125	2945829.375	2823931.75	14137578.5625	2891845.75	1978416.875	4262144.125	41557284.0625	2649790.5	5467893.75	3385678.625	2692980.0	225546.0
Ae_longissima	Ae_umbellulata	Er_bonaepartis	-21.470126442220888	1.0	1.1549793238568882	46235164.3125	3339192.6875	3504328.9375	626711.3125	441586.5	4790123.5625	707157.4375	777292.25	1306680.0625	9866775.5625	817432.375	1162338.125	605976.0	782616.5	59325.375
Ae_longissima	Er_bonaepartis	Ae_umbellulata	-181.4756775327449	1.0	0.4685632406080111	46235164.3125	3504328.9375	3339192.6875	626711.3125	441586.5	4790123.5625	1306680.0625	1162338.125	707157.4375	9866775.5625	605976.0	777292.25	817432.375	782616.5	59325.375
Ae_umbellulata	Ae_longissima	Er_bonaepartis	24.35106604902339	0.0	0.8942075863521213	46235164.3125	3339192.6875	4790123.5625	707157.4375	777292.25	3504328.9375	626711.3125	441586.5	1306680.0625	9866775.5625	817432.375	1162338.125	782616.5	605976.0	59325.375
Ae_longissima	Ae_umbellulata	S_vavilovii	-9.753141692019017	1.0	1.0747318263011882	46598647.9375	2899801.5625	3613722.75	678494.5	429547.25	5052045.9375	714348.8125	695040.5	1229976.125	10251401.0	667421.625	1305176.5	692709.0	888766.625	62331.875
Ae_longissima	S_vavilovii	Ae_umbellulata	-150.01482539010925	1.0	0.4832002566748252	46598647.9375	3613722.75	2899801.5625	678494.5	429547.25	5052045.9375	1229976.125	1305176.5	714348.8125	10251401.0	692709.0	695040.5	667421.625	888766.625	62331.875
Ae_umbellulata	Ae_longissima	S_vavilovii	10.431329564548417	0.0	0.9389543356522432	46598647.9375	2899801.5625	5052045.9375	714348.8125	695040.5	3613722.75	678494.5	429547.25	1229976.125	10251401.0	667421.625	1305176.5	888766.625	692709.0	62331.875
Ae_longissima	Ae_umbellulata	T_boeoticum	-72.02891286621868	1.0	2.296785013165217	80877712.3125	110563869.125	4607057.1875	3396210.375	6426895.5	6357209.4375	5284071.375	10181510.25	8627733.4375	17299793.375	16809588.5	575006.625	660822.75	613704.5	371581.25
Ae_longissima	T_boeoticum	Ae_umbellulata	-199.60204635109582	1.0	0.3899230178427197	80877712.3125	4607057.1875	110563869.125	3396210.375	6426895.5	6357209.4375	8627733.4375	575006.625	5284071.375	17299793.375	660822.75	10181510.25	16809588.5	613704.5	371581.25
Ae_umbellulata	Ae_longissima	T_boeoticum	112.69707039253936	0.0	0.7348280436303545	80877712.3125	110563869.125	6357209.4375	5284071.375	10181510.25	4607057.1875	3396210.375	6426895.5	8627733.4375	17299793.375	16809588.5	575006.625	613704.5	660822.75	371581.25
Ae_longissima	Ae_umbellulata	T_urartu	-14.502760127964214	1.0	1.5267692891693285	189645343.3125	9435433.5	13954544.0	2719218.5625	1675892.875	19104389.6875	2973513.375	2951814.625	3710552.375	42343094.0625	2218899.25	4254605.875	2732236.5	3349163.625	210594.375
Ae_longissima	T_urartu	Ae_umbellulata	-56.537041979288325	1.0	0.42643519654414835	189645343.3125	13954544.0	9435433.5	2719218.5625	1675892.875	19104389.6875	3710552.375	4254605.875	2973513.375	42343094.0625	2732236.5	2951814.625	2218899.25	3349163.625	210594.375
Ae_umbellulata	Ae_longissima	T_urartu	19.506534239609778	0.0	0.7958502177966567	189645343.3125	9435433.5	19104389.6875	2973513.375	2951814.625	13954544.0	2719218.5625	1675892.875	3710552.375	42343094.0625	2218899.25	4254605.875	3349163.625	2732236.5	210594.375
Ae_longissima	Ae_umbellulata	Ta_caputMedusae	-2.7513488358630016	0.9970324241374025	1.033540029382278	47011091.125	2637485.9375	3528889.0625	708772.75	454151.125	4958091.6875	718800.875	688686.625	1027818.75	10559787.0625	525544.125	1143493.125	690036.875	904037.125	55440.75
Ae_longissima	Ta_caputMedusae	Ae_umbellulata	-87.53449330625038	1.0	0.4920166360467716	47011091.125	3528889.0625	2637485.9375	708772.75	454151.125	4958091.6875	1027818.75	1143493.125	718800.875	10559787.0625	690036.875	688686.625	525544.125	904037.125	55440.75
Ae_umbellulata	Ae_longissima	Ta_caputMedusae	2.84063451244284	0.0022512576225985903	0.9695262427576157	47011091.125	2637485.9375	4958091.6875	718800.875	688686.625	3528889.0625	708772.75	454151.125	1027818.75	10559787.0625	525544.125	1143493.125	904037.125	690036.875	55440.75
Ae_longissima	Ae_uniaristata	Er_bonaepartis	-16.59221726275045	1.0	1.3343447398072936	61922521.5	4403948.25	4475173.625	990867.625	724814.0	7452121.75	1086747.875	1363032.875	1469398.75	13279944.125	1073418.625	1028652.625	768279.625	1217043.0	79611.75
Ae_longissima	Er_bonaepartis	Ae_uniaristata	-82.81050991198292	1.0	0.4443321794928366	61922521.5	4475173.625	4403948.25	990867.625	724814.0	7452121.75	1469398.75	1028652.625	1086747.875	13279944.125	768279.625	1363032.875	1073418.625	1217043.0	79611.75
Ae_uniaristata	Ae_longissima	Er_bonaepartis	20.749704003651868	0.0	0.8330808647374018	61922521.5	4403948.25	7452121.75	1086747.875	1363032.875	4475173.625	990867.625	724814.0	1469398.75	13279944.125	1073418.625	1028652.625	1217043.0	768279.625	79611.75
Ae_longissima	Ae_uniaristata	S_vavilovii	2.8249160857587063	0.0023647124499710515	0.9453018926999368	62396743.8125	3834712.0625	4640260.4375	1076397.9375	674759.0	7948311.875	1062476.5	1177738.5	1303069.125	13848058.625	861297.875	1101804.75	887924.875	1424298.25	80666.375
Ae_longissima	S_vavilovii	Ae_uniaristata	-45.99575896862478	1.0	0.5148967640202182	62396743.8125	4640260.4375	3834712.0625	1076397.9375	674759.0	7948311.875	1303069.125	1101804.75	1062476.5	13848058.625	887924.875	1177738.5	861297.875	1424298.25	80666.375
Ae_uniaristata	Ae_longissima	S_vavilovii	-2.661457655847837	0.996109799743147	1.0654357408175568	62396743.8125	3834712.0625	7948311.875	1062476.5	1177738.5	4640260.4375	1076397.9375	674759.0	1303069.125	13848058.625	861297.875	1101804.75	1424298.25	887924.875	80666.375
Ae_longissima	Ae_uniaristata	T_boeoticum	-62.63088554593453	1.0	-1.4724398034834365	107435648.5	149480870.4375	7126703.6875	4632199.875	8780927.5	10388369.8125	9017800.0	17440996.0	11629605.625	23066215.0625	22642005.375	859366.875	1026705.0	904461.25	566905.0
Ae_longissima	T_boeoticum	Ae_uniaristata	-99.93015919268612	1.0	0.27180228668869305	107435648.5	7126703.6875	149480870.4375	4632199.875	8780927.5	10388369.8125	11629605.625	859366.875	9017800.0	23066215.0625	1026705.0	17440996.0	22642005.375	904461.25	566905.0
Ae_uniaristata	Ae_longissima	T_boeoticum	167.7972183120305	0.0	0.6147238986644201	107435648.5	149480870.4375	10388369.8125	9017800.0	17440996.0	7126703.6875	4632199.875	8780927.5	11629605.625	23066215.0625	22642005.375	859366.875	904461.25	1026705.0	566905.0
Ae_longissima	Ae_uniaristata	T_urartu	-41.944893052649476	1.0	0.365650924960448	252558775.75	13802758.5	19244875.875	3700650.75	2142728.125	28773676.4375	4972165.6875	5951049.875	4239240.1875	56639595.0625	2957437.75	4266025.5	3603618.375	4790737.25	291959.875
Ae_longissima	T_urartu	Ae_uniaristata	-17.767055414733694	1.0	3.771433312846914	252558775.75	19244875.875	13802758.5	3700650.75	2142728.125	28773676.4375	4239240.1875	4266025.5	4972165.6875	56639595.0625	3603618.375	5951049.875	2957437.75	4790737.25	291959.875
Ae_uniaristata	Ae_longissima	T_urartu	30.82315508905632	0.0	0.2975460669222459	252558775.75	13802758.5	28773676.4375	4972165.6875	5951049.875	19244875.875	3700650.75	2142728.125	4239240.1875	56639595.0625	2957437.75	4266025.5	4790737.25	3603618.375	291959.875
Ae_longissima	Ae_uniaristata	Ta_caputMedusae	-3.779704948634732	0.9999214672931427	0.11981720296786366	62785360.5625	3669047.875	4676001.75	1026134.0625	661474.25	7576862.5625	1163231.5	1324988.75	1144568.75	14145712.8125	720783.0	1066063.875	925092.625	1316417.25	75892.375
Ae_longissima	Ta_caputMedusae	Ae_uniaristata	-3.2651826510889976	0.999452971865296	-0.18705410025739952	62785360.5625	4676001.75	3669047.875	1026134.0625	661474.25	7576862.5625	1144568.75	1066063.875	1163231.5	14145712.8125	925092.625	1324988.75	720783.0	1316417.25	75892.375
Ae_uniaristata	Ae_longissima	Ta_caputMedusae	23.98618501741487	0.0	0.4634825758209462	62785360.5625	3669047.875	7576862.5625	1163231.5	1324988.75	4676001.75	1026134.0625	661474.25	1144568.75	14145712.8125	720783.0	1066063.875	1316417.25	925092.625	75892.375
Ae_longissima	Er_bonaepartis	S_vavilovii	-27.195953216148972	1.0	0.4738753628296939	15738809.75	928914.0625	1102619.375	266283.3125	156021.0	1948903.5625	302852.0	254066.875	269914.9375	3354892.5	190142.75	317887.125	267490.125	326244.625	20903.0
Ae_longissima	S_vavilovii	Er_bonaepartis	-2.700821668773244	0.9965415297578848	1.1239232480320418	15738809.75	1102619.375	928914.0625	266283.3125	156021.0	1948903.5625	269914.9375	317887.125	302852.0	3354892.5	267490.125	254066.875	190142.75	326244.625	20903.0
Er_bonaepartis	Ae_longissima	S_vavilovii	2.9986129940579036	0.0013561270795419134	0.09033822809213238	15738809.75	928914.0625	1948903.5625	302852.0	254066.875	1102619.375	266283.3125	156021.0	269914.9375	3354892.5	190142.75	317887.125	326244.625	267490.125	20903.0
Ae_longissima	Er_bonaepartis	T_boeoticum	-52.37384444404816	1.0	-0.6889948470791172	26854626.75	37692727.875	1754534.5625	1020529.8125	1951782.25	2500945.625	2220716.25	4135664.5	2710310.5625	5435421.8125	5316437.25	227847.25	300781.375	215398.75	155508.375
Ae_longissima	T_boeoticum	Er_bonaepartis	-73.73880538876446	1.0	0.22464894681247644	26854626.75	1754534.5625	37692727.875	1020529.8125	1951782.25	2500945.625	2710310.5625	227847.25	2220716.25	5435421.8125	300781.375	4135664.5	5316437.25	215398.75	155508.375
Er_bonaepartis	Ae_longissima	T_boeoticum	180.76254540854583	0.0	0.5847058600903232	26854626.75	37692727.875	2500945.625	2220716.25	4135664.5	1754534.5625	1020529.8125	1951782.25	2710310.5625	5435421.8125	5316437.25	227847.25	215398.75	300781.375	155508.375
Ae_longissima	Er_bonaepartis	T_urartu	-122.98764186972272	1.0	0.4987802480856129	63692578.375	3243284.125	4540133.9375	913904.1875	565347.125	7038804.0	1491759.625	1202740.875	916716.6875	13608912.5625	628605.5	1117204.0	1093237.5	1179804.375	76389.125
Ae_longissima	T_urartu	Er_bonaepartis	-0.5985973659001455	0.7252793409771904	1.0049149779803526	63692578.375	4540133.9375	3243284.125	913904.1875	565347.125	7038804.0	916716.6875	1117204.0	1491759.625	13608912.5625	1093237.5	1202740.875	628605.5	1179804.375	76389.125
Er_bonaepartis	Ae_longissima	T_urartu	0.60152506917551	0.27374511127167467	0.004843560007995103	63692578.375	3243284.125	7038804.0	1491759.625	1202740.875	4540133.9375	913904.1875	565347.125	916716.6875	13608912.5625	628605.5	1117204.0	1179804.375	1093237.5	76389.125
Ae_longissima	Er_bonaepartis	Ta_caputMedusae	-36.495146164270864	1.0	0.7087882001452492	15907855.9375	803969.4375	1040179.75	274019.0	192077.625	1903892.6875	314969.3125	230233.375	215299.25	3428830.5	150411.375	252260.875	274375.0	326657.125	18833.75
Ae_longissima	Ta_caputMedusae	Er_bonaepartis	52.33136765389622	0.0	0.6292706641091579	15907855.9375	1040179.75	803969.4375	274019.0	192077.625	1903892.6875	215299.25	252260.875	314969.3125	3428830.5	274375.0	230233.375	150411.375	326657.125	18833.75
Er_bonaepartis	Ae_longissima	Ta_caputMedusae	-99999.9	1.0	3.304536229692133	15907855.9375	803969.4375	1903892.6875	314969.3125	230233.375	1040179.75	274019.0	192077.625	215299.25	3428830.5	150411.375	252260.875	326657.125	274375.0	18833.75
Ae_longissima	S_vavilovii	T_boeoticum	-56.631589999204785	1.0	-0.6577738699712646	27100628.375	38092353.4375	1513874.375	972887.3125	1824538.75	2663801.125	2334283.4375	4425761.875	2874460.125	5684521.0625	5645952.25	228845.75	282421.75	249529.625	163868.75
Ae_longissima	T_boeoticum	S_vavilovii	-79.10195268929147	1.0	0.22122526798920197	27100628.375	1513874.375	38092353.4375	972887.3125	1824538.75	2663801.125	2874460.125	228845.75	2334283.4375	5684521.0625	282421.75	4425761.875	5645952.25	249529.625	163868.75
S_vavilovii	Ae_longissima	T_boeoticum	199.35901412097627	0.0	0.5827738016890025	27100628.375	38092353.4375	2663801.125	2334283.4375	4425761.875	1513874.375	972887.3125	1824538.75	2874460.125	5684521.0625	5645952.25	228845.75	249529.625	282421.75	163868.75
Ae_longissima	S_vavilovii	T_urartu	-83.04961767267987	1.0	0.5376140722852386	64189614.3125	3389516.375	3942398.9375	981784.375	535564.0	7421796.8125	1355737.0	1333675.75	920943.9375	14136891.125	737120.25	996561.25	881538.875	1325390.375	79839.625
Ae_longissima	T_urartu	S_vavilovii	13.51180533473611	0.0	0.8772471241350717	64189614.3125	3942398.9375	3389516.375	981784.375	535564.0	7421796.8125	920943.9375	996561.25	1355737.0	14136891.125	881538.875	1333675.75	737120.25	1325390.375	79839.625
S_vavilovii	Ae_longissima	T_urartu	-99999.9	1.0	-0.1943087491603948	64189614.3125	3389516.375	7421796.8125	1355737.0	1333675.75	3942398.9375	981784.375	535564.0	920943.9375	14136891.125	737120.25	996561.25	1325390.375	881538.875	79839.625
Ae_longissima	S_vavilovii	Ta_caputMedusae	-51.52654563236605	1.0	0.5098920041648487	15913419.875	946346.9375	1009241.9375	257451.625	140912.875	1941177.5	320144.1875	315023.5	254920.9375	3522596.0	200724.25	272178.75	246163.0	343251.5	20683.125
Ae_longissima	Ta_caputMedusae	S_vavilovii	2.079953023933431	0.018764856425538046	0.9626488497439725	15913419.875	1009241.9375	946346.9375	257451.625	140912.875	1941177.5	254920.9375	272178.75	320144.1875	3522596.0	246163.0	315023.5	200724.25	343251.5	20683.125
S_vavilovii	Ae_longissima	Ta_caputMedusae	-99999.9	1.0	-0.04206463811176098	15913419.875	946346.9375	1941177.5	320144.1875	315023.5	1009241.9375	257451.625	140912.875	254920.9375	3522596.0	200724.25	272178.75	343251.5	246163.0	20683.125
Ae_longissima	T_boeoticum	T_urartu	-161.96741605489154	1.0	0.3204411185607448	110307942.3125	4722545.9375	153801926.0	3570508.5	6084598.25	9557757.6875	11823678.0625	793035.75	7931955.125	23577684.0	900701.875	15438971.875	23329533.875	918528.25	528177.5
Ae_longissima	T_urartu	T_boeoticum	-85.59284221207682	1.0	-8.285132389666853	110307942.3125	153801926.0	4722545.9375	3570508.5	6084598.25	9557757.6875	7931955.125	15438971.875	11823678.0625	23577684.0	23329533.875	793035.75	900701.875	918528.25	528177.5
T_boeoticum	Ae_longissima	T_urartu	181.51658056273885	0.0	0.3457454876290108	110307942.3125	4722545.9375	9557757.6875	11823678.0625	793035.75	153801926.0	3570508.5	6084598.25	7931955.125	23577684.0	900701.875	15438971.875	918528.25	23329533.875	528177.5
Ae_longissima	T_boeoticum	Ta_caputMedusae	-126.49344935726776	1.0	0.283724280785105	27308472.6875	1418479.5	38333153.4375	936000.5	1737066.875	2513085.8125	2975719.75	216546.5	2167765.6875	5859813.25	244564.875	4143623.375	5836965.875	245993.0	147262.875
Ae_longissima	Ta_caputMedusae	T_boeoticum	-76.38807515547872	1.0	-1.906401259523331	27308472.6875	38333153.4375	1418479.5	936000.5	1737066.875	2513085.8125	2167765.6875	4143623.375	2975719.75	5859813.25	5836965.875	216546.5	244564.875	245993.0	147262.875
T_boeoticum	Ae_longissima	Ta_caputMedusae	192.8454037138735	0.0	0.37651567997104374	27308472.6875	1418479.5	2513085.8125	2975719.75	216546.5	38333153.4375	936000.5	1737066.875	2167765.6875	5859813.25	244564.875	4143623.375	245993.0	5836965.875	147262.875
Ae_longissima	T_urartu	Ta_caputMedusae	18.349810243164164	0.0	0.6855563153072182	64775883.0	3590221.6875	3246214.75	1019544.4375	575292.625	7288521.5	940936.5625	969042.0	1112319.0	14527053.0625	717982.75	1140070.75	763475.625	1342600.75	70638.5
Ae_longissima	Ta_caputMedusae	T_urartu	-21.656807505196763	1.0	0.6487900661349122	64775883.0	3246214.75	3590221.6875	1019544.4375	575292.625	7288521.5	1112319.0	1140070.75	940936.5625	14527053.0625	763475.625	969042.0	717982.75	1342600.75	70638.5
T_urartu	Ae_longissima	Ta_caputMedusae	-9.933314300466591	1.0	6.548783016495565	64775883.0	3590221.6875	7288521.5	940936.5625	969042.0	3246214.75	1019544.4375	575292.625	1112319.0	14527053.0625	717982.75	1140070.75	1342600.75	763475.625	70638.5
Ae_mutica	Ae_searsii	Ae_sharonensis	-99999.9	1.0	1.1916417318846706	108619069.4375	6592886.375	26044159.75	2958242.3125	3822077.125	6120890.0625	2789504.75	1064644.875	1740282.75	23980311.9375	1141154.25	2333146.25	4505642.625	1287939.5	160264.0
Ae_mutica	Ae_sharonensis	Ae_searsii	95.60608259021258	0.0	0.4627869321780443	108619069.4375	26044159.75	6592886.375	2958242.3125	3822077.125	6120890.0625	1740282.75	2333146.25	2789504.75	23980311.9375	4505642.625	1064644.875	1141154.25	1287939.5	160264.0
Ae_searsii	Ae_mutica	Ae_sharonensis	-15.3755233272331	1.0	0.8783169305986699	108619069.4375	6592886.375	6120890.0625	2789504.75	1064644.875	26044159.75	2958242.3125	3822077.125	1740282.75	23980311.9375	1141154.25	2333146.25	1287939.5	4505642.625	160264.0
Ae_mutica	Ae_searsii	Ae_speltoides	-89.13530164553856	1.0	0.6018027165854203	214694060.75	14163945.875	54422218.5	4545708.0	6660319.125	11246386.75	6165403.125	2348555.25	3717528.75	47099620.0	2460334.625	4553276.0	9555611.125	2001161.0	313554.125
Ae_mutica	Ae_speltoides	Ae_searsii	45.57648296022735	0.0	0.7472021691952616	214694060.75	54422218.5	14163945.875	4545708.0	6660319.125	11246386.75	3717528.75	4553276.0	6165403.125	47099620.0	9555611.125	2348555.25	2460334.625	2001161.0	313554.125
Ae_searsii	Ae_mutica	Ae_speltoides	-99999.9	1.0	-1.0463204544065525	214694060.75	14163945.875	11246386.75	6165403.125	2348555.25	54422218.5	4545708.0	6660319.125	3717528.75	47099620.0	2460334.625	4553276.0	2001161.0	9555611.125	313554.125
Ae_mutica	Ae_searsii	Ae_tauschii	-4.10106531674592	0.9999794262019588	0.9537888578918684	216617413.0625	14334063.375	53065775.0625	5603135.0	7887314.25	12522468.1875	5696378.875	1976928.75	3771843.6875	48085367.125	2238997.0	5116468.0	9180904.625	2423832.375	327527.625
Ae_mutica	Ae_tauschii	Ae_searsii	80.54411387934978	0.0	0.5124132298177244	216617413.0625	53065775.0625	14334063.375	5603135.0	7887314.25	12522468.1875	3771843.6875	5116468.0	5696378.875	48085367.125	9180904.625	1976928.75	2238997.0	2423832.375	327527.625
Ae_searsii	Ae_mutica	Ae_tauschii	-99999.9	1.0	1.0536486363882689	216617413.0625	14334063.375	12522468.1875	5696378.875	1976928.75	53065775.0625	5603135.0	7887314.25	3771843.6875	48085367.125	2238997.0	5116468.0	2423832.375	9180904.625	327527.625
Ae_mutica	Ae_searsii	Ae_umbellulata	-26.029387901666208	1.0	0.7431320291964095	160224114.25	12486205.8125	40300670.875	4005323.5625	5645552.25	9317411.1875	4396633.5	1639023.5	3264554.0625	35109327.0	2169512.625	4184040.125	6990950.125	1751990.5	259153.625
Ae_mutica	Ae_umbellulata	Ae_searsii	49.27494758863193	0.0	0.6044691671775584	160224114.25	40300670.875	12486205.8125	4005323.5625	5645552.25	9317411.1875	3264554.0625	4184040.125	4396633.5	35109327.0	6990950.125	1639023.5	2169512.625	1751990.5	259153.625
Ae_searsii	Ae_mutica	Ae_umbellulata	-99999.9	1.0	2.1197574182849843	160224114.25	12486205.8125	9317411.1875	4396633.5	1639023.5	40300670.875	4005323.5625	5645552.25	3264554.0625	35109327.0	2169512.625	4184040.125	1751990.5	6990950.125	259153.625
Ae_mutica	Ae_searsii	Ae_uniaristata	-13.531575871065565	1.0	0.8312672571659221	218152288.1875	13120835.9375	54600541.1875	5268602.3125	7094836.625	13772673.6875	5549309.5625	1459430.375	4166396.3125	48237165.9375	2149431.625	5888367.125	9392406.875	2593524.125	328170.125
Ae_mutica	Ae_uniaristata	Ae_searsii	53.1321656798807	0.0	0.5564776217479303	218152288.1875	54600541.1875	13120835.9375	5268602.3125	7094836.625	13772673.6875	4166396.3125	5888367.125	5549309.5625	48237165.9375	9392406.875	1459430.375	2149431.625	2593524.125	328170.125
Ae_searsii	Ae_mutica	Ae_uniaristata	-99999.9	1.0	1.3417013720349544	218152288.1875	13120835.9375	13772673.6875	5549309.5625	1459430.375	54600541.1875	5268602.3125	7094836.625	4166396.3125	48237165.9375	2149431.625	5888367.125	2593524.125	9392406.875	328170.125
Ae_mutica	Ae_searsii	Er_bonaepartis	-8.586574724543212	1.0	-0.15401253780853214	53775310.25	3922209.0625	14246528.875	1023145.5625	1512783.75	3265578.3125	1430526.125	486906.25	1484894.4375	11281635.625	850260.875	1589944.375	2348268.375	517953.75	93643.375
Ae_mutica	Er_bonaepartis	Ae_searsii	-9.732524288419533	1.0	0.10534102296292934	53775310.25	14246528.875	3922209.0625	1023145.5625	1512783.75	3265578.3125	1484894.4375	1589944.375	1430526.125	11281635.625	2348268.375	486906.25	850260.875	517953.75	93643.375
Ae_searsii	Ae_mutica	Er_bonaepartis	72.9255891317442	0.0	0.5312774542859734	53775310.25	3922209.0625	3265578.3125	1430526.125	486906.25	14246528.875	1023145.5625	1512783.75	1484894.4375	11281635.625	850260.875	1589944.375	517953.75	2348268.375	93643.375
Ae_mutica	Ae_searsii	S_vavilovii	-59.81889376924303	1.0	0.32073925047710244	54500752.875	3157957.9375	14719937.125	964639.5625	1297181.0	3259129.5625	1576127.75	468504.125	1287389.9375	11801409.25	673852.0	1521330.75	2636834.25	600292.0	91784.875
Ae_mutica	S_vavilovii	Ae_searsii	-31.57308806739354	1.0	-8.489151986122787	54500752.875	14719937.125	3157957.9375	964639.5625	1297181.0	3259129.5625	1287389.9375	1521330.75	1576127.75	11801409.25	2636834.25	468504.125	673852.0	600292.0	91784.875
Ae_searsii	Ae_mutica	S_vavilovii	66.86540369944916	0.0	0.34546890693135995	54500752.875	3157957.9375	3259129.5625	1576127.75	468504.125	14719937.125	964639.5625	1297181.0	1287389.9375	11801409.25	673852.0	1521330.75	600292.0	2636834.25	91784.875
Ae_mutica	Ae_searsii	T_boeoticum	229.83026500321952	0.0	0.3430405285794324	96521318.875	126782282.375	18525106.25	14582371.5	28623550.25	5127454.9375	3226100.5625	5502279.25	9155935.4375	19620499.5625	17707823.0	1037995.25	1453514.25	1003511.125	651617.375
Ae_mutica	T_boeoticum	Ae_searsii	-99999.9	1.0	11.779596470541927	96521318.875	18525106.25	126782282.375	14582371.5	28623550.25	5127454.9375	9155935.4375	1037995.25	3226100.5625	19620499.5625	1453514.25	5502279.25	17707823.0	1003511.125	651617.375
Ae_searsii	Ae_mutica	T_boeoticum	-210.31938739565692	1.0	0.32333496988894583	96521318.875	126782282.375	5127454.9375	3226100.5625	5502279.25	18525106.25	14582371.5	28623550.25	9155935.4375	19620499.5625	17707823.0	1037995.25	1003511.125	1453514.25	651617.375
Ae_mutica	Ae_searsii	T_urartu	-96.9582002197193	1.0	0.4440428505444308	220200286.8125	11645972.75	58067327.5	4005406.8125	5416240.625	12732248.6875	6273323.125	1949942.125	4461938.875	48026992.3125	2440964.0	5878704.625	10261660.0	2154422.875	327311.875
Ae_mutica	T_urartu	Ae_searsii	-19.517707456234188	1.0	1.3369607893111957	220200286.8125	58067327.5	11645972.75	4005406.8125	5416240.625	12732248.6875	4461938.875	5878704.625	6273323.125	48026992.3125	10261660.0	1949942.125	2440964.0	2154422.875	327311.875
Ae_searsii	Ae_mutica	T_urartu	24.436851056089505	0.0	0.16756862295105887	220200286.8125	11645972.75	12732248.6875	6273323.125	1949942.125	58067327.5	4005406.8125	5416240.625	4461938.875	48026992.3125	2440964.0	5878704.625	2154422.875	10261660.0	327311.875
Ae_mutica	Ae_searsii	Ta_caputMedusae	-80.57426760383973	1.0	0.3901250440794952	54594910.25	3207565.25	14699376.4375	1001965.3125	1367184.5	3261469.5625	1592472.8125	507485.375	1214736.75	12023106.375	577448.375	1590826.0	2613620.125	582935.0	87150.875
Ae_mutica	Ta_caputMedusae	Ae_searsii	-29.032489415593627	1.0	2.2898003890227985	54594910.25	14699376.4375	3207565.25	1001965.3125	1367184.5	3261469.5625	1214736.75	1590826.0	1592472.8125	12023106.375	2613620.125	507485.375	577448.375	582935.0	87150.875
Ae_searsii	Ae_mutica	Ta_caputMedusae	45.385930668398004	0.0	0.26487864621746043	54594910.25	3207565.25	3261469.5625	1592472.8125	507485.375	14699376.4375	1001965.3125	1367184.5	1214736.75	12023106.375	577448.375	1590826.0	582935.0	2613620.125	87150.875
Ae_mutica	Ae_sharonensis	Ae_speltoides	-3.0084467074949877	0.9986869964672275	0.861924568782551	170396429.25	12255356.25	12966719.25	2614888.25	2855346.5	9550138.3125	2651177.3125	2171672.625	2424645.8125	38182067.3125	2467743.125	1920472.625	2668777.125	1904710.125	166966.125
Ae_mutica	Ae_speltoides	Ae_sharonensis	15.77153542400533	0.0	0.5435356667425971	170396429.25	12966719.25	12255356.25	2614888.25	2855346.5	9550138.3125	2424645.8125	1920472.625	2651177.3125	38182067.3125	2668777.125	2171672.625	2467743.125	1904710.125	166966.125
Ae_sharonensis	Ae_mutica	Ae_speltoides	-99999.9	1.0	1.2357146278865274	170396429.25	12255356.25	9550138.3125	2651177.3125	2171672.625	12966719.25	2614888.25	2855346.5	2424645.8125	38182067.3125	2467743.125	1920472.625	1904710.125	2668777.125	166966.125
Ae_mutica	Ae_sharonensis	Ae_tauschii	10.942009911659804	0.0	0.14345067021550528	170994567.625	13060865.3125	12641288.5625	3129582.125	3188009.375	10460520.5	2369698.9375	1915146.875	2496960.4375	38737240.0	2461689.625	2261222.875	2517344.625	2205348.5	169056.625
Ae_mutica	Ae_tauschii	Ae_sharonensis	-99999.9	1.0	-0.25182335915608706	170994567.625	12641288.5625	13060865.3125	3129582.125	3188009.375	10460520.5	2496960.4375	2261222.875	2369698.9375	38737240.0	2517344.625	1915146.875	2461689.625	2205348.5	169056.625
Ae_sharonensis	Ae_mutica	Ae_tauschii	-54.393141483920665	1.0	0.45430482783767634	170994567.625	13060865.3125	10460520.5	2369698.9375	1915146.875	12641288.5625	3129582.125	3188009.375	2496960.4375	38737240.0	2461689.625	2261222.875	2205348.5	2517344.625	169056.625
Ae_mutica	Ae_sharonensis	Ae_umbellulata	33.84784009374783	0.0	0.3479645867675233	127246798.0	10738922.625	9631214.5	2305203.125	2313487.75	7937366.625	1759042.125	1411506.125	2050505.875	28598634.375	2060573.125	1794034.25	1870905.75	1687214.125	131400.625
Ae_mutica	Ae_umbellulata	Ae_sharonensis	-99999.9	1.0	7.927427141555492	127246798.0	9631214.5	10738922.625	2305203.125	2313487.75	7937366.625	2050505.875	1794034.25	1759042.125	28598634.375	1870905.75	1411506.125	2060573.125	1687214.125	131400.625
Ae_sharonensis	Ae_mutica	Ae_umbellulata	-29.578126920817102	1.0	0.3180303755377434	127246798.0	10738922.625	7937366.625	1759042.125	1411506.125	9631214.5	2305203.125	2313487.75	2050505.875	28598634.375	2060573.125	1794034.25	1687214.125	1870905.75	131400.625
Ae_mutica	Ae_sharonensis	Ae_uniaristata	29.3123566274495	0.0	0.5988061630656268	171627039.4375	12850475.1875	14172844.0	2720588.875	2413710.0	11035635.5625	2377683.4375	1790651.625	2889490.625	38795793.5	2398832.0	3030780.125	2657150.125	2213298.625	174128.875
Ae_mutica	Ae_uniaristata	Ae_sharonensis	-14.438115554817719	1.0	0.7518737588192751	171627039.4375	14172844.0	12850475.1875	2720588.875	2413710.0	11035635.5625	2889490.625	3030780.125	2377683.4375	38795793.5	2657150.125	1790651.625	2398832.0	2213298.625	174128.875
Ae_sharonensis	Ae_mutica	Ae_uniaristata	-9.673385704455983	1.0	-0.9706791414980789	171627039.4375	12850475.1875	11035635.5625	2377683.4375	1790651.625	14172844.0	2720588.875	2413710.0	2889490.625	38795793.5	2398832.0	3030780.125	2213298.625	2657150.125	174128.875
Ae_mutica	Ae_sharonensis	Er_bonaepartis	-5.731640112182351	0.9999999950120995	1.0449376304085736	42815058.375	3363608.3125	3609418.9375	570743.75	603862.625	2710031.3125	588597.875	453535.625	1003761.0	9199520.1875	800174.375	719905.875	665440.375	493042.125	47912.25
Ae_mutica	Er_bonaepartis	Ae_sharonensis	-139.00983886731467	1.0	0.48947504238116807	42815058.375	3609418.9375	3363608.3125	570743.75	603862.625	2710031.3125	1003761.0	719905.875	588597.875	9199520.1875	665440.375	453535.625	800174.375	493042.125	47912.25
Ae_sharonensis	Ae_mutica	Er_bonaepartis	5.978129775776433	1.1325518300964177e-09	0.9604008460284266	42815058.375	3363608.3125	2710031.3125	588597.875	453535.625	3609418.9375	570743.75	603862.625	1003761.0	9199520.1875	800174.375	719905.875	493042.125	665440.375	47912.25
Ae_mutica	Ae_sharonensis	S_vavilovii	-24.479748493225625	1.0	2.6247971264409458	43388835.5	2808488.5	3874495.3125	553422.8125	472766.125	2715552.0	665547.625	468077.875	846680.9375	9633239.0625	617936.75	716475.0	787940.25	575809.375	47278.875
Ae_mutica	S_vavilovii	Ae_sharonensis	-64.02583855910507	1.0	0.38182247439910844	43388835.5	3874495.3125	2808488.5	553422.8125	472766.125	2715552.0	846680.9375	716475.0	665547.625	9633239.0625	787940.25	468077.875	617936.75	575809.375	47278.875
Ae_sharonensis	Ae_mutica	S_vavilovii	39.633157725169525	0.0	0.7234101336591158	43388835.5	2808488.5	2715552.0	665547.625	468077.875	3874495.3125	553422.8125	472766.125	846680.9375	9633239.0625	617936.75	716475.0	575809.375	787940.25	47278.875
Ae_mutica	Ae_sharonensis	T_boeoticum	92.56576716385956	0.0	0.8087208345703122	73614650.625	106116321.875	5016028.0	4098420.125	7761169.125	4295746.75	2795385.875	5276383.125	8304563.75	15839587.0	16234971.25	540797.125	531926.5	621397.0	321778.875
Ae_mutica	T_boeoticum	Ae_sharonensis	-298.79867812338944	1.0	0.56706078898161	73614650.625	5016028.0	106116321.875	4098420.125	7761169.125	4295746.75	8304563.75	540797.125	2795385.875	15839587.0	531926.5	5276383.125	16234971.25	621397.0	321778.875
Ae_sharonensis	Ae_mutica	T_boeoticum	-70.6720531236255	1.0	1.4488409087239436	73614650.625	106116321.875	4295746.75	2795385.875	5276383.125	5016028.0	4098420.125	7761169.125	8304563.75	15839587.0	16234971.25	540797.125	621397.0	531926.5	321778.875
Ae_mutica	Ae_sharonensis	T_urartu	-1.3491441666330024	0.9113546047340173	1.078616985881544	175585049.5625	9982701.875	14290720.0625	2498675.625	2349979.125	10800989.25	2516426.9375	1751978.375	2759973.125	39235355.1875	2295123.25	2593079.25	2882807.75	2155318.375	170234.25
Ae_mutica	T_urartu	Ae_sharonensis	-19.859263808283846	1.0	0.48241900122797915	175585049.5625	14290720.0625	9982701.875	2498675.625	2349979.125	10800989.25	2759973.125	2593079.25	2516426.9375	39235355.1875	2882807.75	1751978.375	2295123.25	2155318.375	170234.25
Ae_sharonensis	Ae_mutica	T_urartu	1.4474790244079963	0.07388144735246871	0.9363863535523915	175585049.5625	9982701.875	10800989.25	2516426.9375	1751978.375	14290720.0625	2498675.625	2349979.125	2759973.125	39235355.1875	2295123.25	2593079.25	2155318.375	2882807.75	170234.25
Ae_mutica	Ae_sharonensis	Ta_caputMedusae	-0.30828093556518177	0.6210656455239769	1.008905423052743	43620207.25	2711488.75	3657201.375	633529.25	584036.375	2789342.75	634515.5	433019.75	746248.875	9839874.5	541254.125	692509.75	748362.375	606407.25	44901.125
Ae_mutica	Ta_caputMedusae	Ae_sharonensis	-35.23377586976669	1.0	0.49780299216317003	43620207.25	3657201.375	2711488.75	633529.25	584036.375	2789342.75	746248.875	692509.75	634515.5	9839874.5	748362.375	433019.75	541254.125	606407.25	44901.125
Ae_sharonensis	Ae_mutica	Ta_caputMedusae	0.3110020748192422	0.37789959106399906	0.9913263056988041	43620207.25	2711488.75	2789342.75	634515.5	433019.75	3657201.375	633529.25	584036.375	746248.875	9839874.5	541254.125	692509.75	606407.25	748362.375	44901.125
Ae_mutica	Ae_speltoides	Ae_tauschii	0.6710179663440949	0.2511044760500136	0.9764482989035289	339483823.9375	28385062.1875	25850816.375	4844028.375	5282502.375	19681304.25	4827530.875	3711287.25	5511513.5625	76887381.8125	5175027.25	4883455.875	4909044.5	3687670.375	327331.0
Ae_mutica	Ae_tauschii	Ae_speltoides	-27.14923795005527	1.0	0.5061035487062538	339483823.9375	25850816.375	28385062.1875	4844028.375	5282502.375	19681304.25	5511513.5625	4883455.875	4827530.875	76887381.8125	4909044.5	3711287.25	5175027.25	3687670.375	327331.0
Ae_speltoides	Ae_mutica	Ae_tauschii	-0.6548331723396967	0.743712478097052	1.0253422611775587	339483823.9375	28385062.1875	19681304.25	4827530.875	3711287.25	25850816.375	4844028.375	5282502.375	5511513.5625	76887381.8125	5175027.25	4883455.875	3687670.375	4909044.5	327331.0
Ae_mutica	Ae_speltoides	Ae_umbellulata	4.156831179232734	1.6144114163063605e-05	0.9254536436634438	252838683.3125	22901691.0625	19495251.5625	3690649.3125	3980918.5	14983614.25	3615678.0	2701746.625	4546407.25	56642316.625	4483544.25	3839443.125	3781149.25	2844718.0	256746.875
Ae_mutica	Ae_umbellulata	Ae_speltoides	-47.4480325587989	1.0	0.5209828855825477	252838683.3125	19495251.5625	22901691.0625	3690649.3125	3980918.5	14983614.25	4546407.25	3839443.125	3615678.0	56642316.625	3781149.25	2701746.625	4483544.25	2844718.0	256746.875
Ae_speltoides	Ae_mutica	Ae_umbellulata	-3.821993642593586	0.9999337882733308	1.096020231519719	252838683.3125	22901691.0625	14983614.25	3615678.0	2701746.625	19495251.5625	3690649.3125	3980918.5	4546407.25	56642316.625	4483544.25	3839443.125	2844718.0	3781149.25	256746.875
Ae_mutica	Ae_speltoides	Ae_uniaristata	-10.972579998281663	1.0	1.2679214542104746	341767962.625	26758851.75	27915782.9375	4510508.3125	4465447.875	21014467.75	4812692.5	3329075.625	6242760.1875	76944627.4375	5160436.25	6269802.0	5321924.25	3822659.625	343932.875
Ae_mutica	Ae_uniaristata	Ae_speltoides	-62.89962566492978	1.0	0.45222111783334357	341767962.625	27915782.9375	26758851.75	4510508.3125	4465447.875	21014467.75	6242760.1875	6269802.0	4812692.5	76944627.4375	5321924.25	3329075.625	5160436.25	3822659.625	343932.875
Ae_speltoides	Ae_mutica	Ae_uniaristata	13.29116967102363	0.0	0.8514653799792246	341767962.625	26758851.75	21014467.75	4812692.5	3329075.625	27915782.9375	4510508.3125	4465447.875	6242760.1875	76944627.4375	5160436.25	6269802.0	3822659.625	5321924.25	343932.875
Ae_mutica	Ae_speltoides	Er_bonaepartis	-4.7508255243363715	0.9999989858192766	1.030970498232027	85542675.5	6851818.9375	6945027.875	1061569.5625	1099496.125	5285557.8125	1089882.25	809955.75	2032377.4375	18438402.125	1630289.0	1459080.875	1255244.75	931279.0	91322.0
Ae_mutica	Er_bonaepartis	Ae_speltoides	-162.90007198280762	1.0	0.49260109700995164	85542675.5	6945027.875	6851818.9375	1061569.5625	1099496.125	5285557.8125	2032377.4375	1459080.875	1089882.25	18438402.125	1255244.75	809955.75	1630289.0	931279.0	91322.0
Ae_speltoides	Ae_mutica	Er_bonaepartis	4.893540988798686	4.958929609166773e-07	0.9716623913442879	85542675.5	6851818.9375	5285557.8125	1089882.25	809955.75	6945027.875	1061569.5625	1099496.125	2032377.4375	18438402.125	1630289.0	1459080.875	931279.0	1255244.75	91322.0
Ae_mutica	Ae_speltoides	S_vavilovii	-19.065492908412715	1.0	1.3900152455960153	86981612.3125	5487831.875	7188661.875	1070338.5625	971009.625	5262511.75	1206371.6875	831070.875	1691194.0625	19350542.75	1197565.5	1456023.25	1427918.125	1048661.125	90569.625
Ae_mutica	S_vavilovii	Ae_speltoides	-87.01495413267199	1.0	0.43848428729750966	86981612.3125	7188661.875	5487831.875	1070338.5625	971009.625	5262511.75	1691194.0625	1456023.25	1206371.6875	19350542.75	1427918.125	831070.875	1197565.5	1048661.125	90569.625
Ae_speltoides	Ae_mutica	S_vavilovii	24.414954306510765	0.0	0.820273260151056	86981612.3125	5487831.875	5262511.75	1206371.6875	831070.875	7188661.875	1070338.5625	971009.625	1691194.0625	19350542.75	1197565.5	1456023.25	1048661.125	1427918.125	90569.625
Ae_mutica	Ae_speltoides	T_boeoticum	77.99879164214904	0.0	0.8428336410269048	146496706.3125	213540534.1875	9872545.4375	7573085.0625	14456593.75	8161056.25	5433514.125	10058508.375	16907358.625	31498410.875	33033548.0	1058350.875	1179067.5	1099518.0	616489.625
Ae_mutica	T_boeoticum	Ae_speltoides	-340.28414107314813	1.0	0.5514119280531162	146496706.3125	9872545.4375	213540534.1875	7573085.0625	14456593.75	8161056.25	16907358.625	1058350.875	5433514.125	31498410.875	1179067.5	10058508.375	33033548.0	1099518.0	616489.625
Ae_speltoides	Ae_mutica	T_boeoticum	-63.45406360808339	1.0	1.2973814275610869	146496706.3125	213540534.1875	8161056.25	5433514.125	10058508.375	9872545.4375	7573085.0625	14456593.75	16907358.625	31498410.875	33033548.0	1058350.875	1099518.0	1179067.5	616489.625
Ae_mutica	Ae_speltoides	T_urartu	-11.123997994256735	1.0	1.5407665615391304	350171388.9375	20928068.75	27973538.9375	4385787.875	4034521.75	20939434.3125	4715030.25	3083763.75	5653116.4375	78475740.375	4574474.5	5297640.875	5379071.25	3993432.5	320921.5
Ae_mutica	T_urartu	Ae_speltoides	-42.81879082944377	1.0	0.42535590527813416	350171388.9375	27973538.9375	20928068.75	4385787.875	4034521.75	20939434.3125	5653116.4375	5297640.875	4715030.25	78475740.375	5379071.25	3083763.75	4574474.5	3993432.5	320921.5
Ae_speltoides	Ae_mutica	T_urartu	15.02821443825413	0.0	0.7937815556660789	350171388.9375	20928068.75	20939434.3125	4715030.25	3083763.75	27973538.9375	4385787.875	4034521.75	5653116.4375	78475740.375	4574474.5	5297640.875	3993432.5	5379071.25	320921.5
Ae_mutica	Ae_speltoides	Ta_caputMedusae	0.3665713878105448	0.35696943803287506	0.9933040589849235	87153603.25	5489514.25	7027747.0	1171598.625	1085353.375	5422184.6875	1169362.6875	753895.375	1501051.0625	19674711.1875	1077388.0	1408453.0	1414668.875	1094445.75	84595.875
Ae_mutica	Ta_caputMedusae	Ae_speltoides	-54.01217039024882	1.0	0.5016909691987893	87153603.25	7027747.0	5489514.25	1171598.625	1085353.375	5422184.6875	1501051.0625	1408453.0	1169362.6875	19674711.1875	1414668.875	753895.375	1077388.0	1094445.75	84595.875
Ae_speltoides	Ae_mutica	Ta_caputMedusae	-0.3641003011695596	0.6421083822503926	1.0068332052326212	87153603.25	5489514.25	5422184.6875	1169362.6875	753895.375	7027747.0	1171598.625	1085353.375	1501051.0625	19674711.1875	1077388.0	1408453.0	1094445.75	1414668.875	84595.875
Ae_mutica	Ae_tauschii	Ae_umbellulata	21.822605538363938	0.0	0.27267613197602303	254444412.375	21666364.1875	20244579.75	4642149.3125	4788607.375	16493646.3125	3646366.75	3155707.875	4019688.9375	57634167.875	4173127.375	3377532.875	3717259.0	3315226.625	262960.375
Ae_mutica	Ae_umbellulata	Ae_tauschii	-99999.9	1.0	-1.4984542965738645	254444412.375	20244579.75	21666364.1875	4642149.3125	4788607.375	16493646.3125	4019688.9375	3377532.875	3646366.75	57634167.875	3717259.0	3155707.875	4173127.375	3315226.625	262960.375
Ae_tauschii	Ae_mutica	Ae_umbellulata	-36.386016373289	1.0	0.3846519954300743	254444412.375	21666364.1875	16493646.3125	3646366.75	3155707.875	20244579.75	4642149.3125	4788607.375	4019688.9375	57634167.875	4173127.375	3377532.875	3315226.625	3717259.0	262960.375
Ae_mutica	Ae_tauschii	Ae_uniaristata	30.645667698485713	0.0	0.41020325336435476	343917217.6875	25068489.3125	28899211.25	5779371.375	5484596.125	23163170.6875	4739764.8125	3756228.0	5462810.5	78309217.5	4718212.75	5517190.875	5173728.25	4460398.25	341421.625
Ae_mutica	Ae_uniaristata	Ae_tauschii	-99999.9	1.0	1.7787766363349677	343917217.6875	28899211.25	25068489.3125	5779371.375	5484596.125	23163170.6875	5462810.5	5517190.875	4739764.8125	78309217.5	5173728.25	3756228.0	4718212.75	4460398.25	341421.625
Ae_tauschii	Ae_mutica	Ae_uniaristata	-13.417159592134205	1.0	0.23342314986087404	343917217.6875	25068489.3125	23163170.6875	4739764.8125	3756228.0	28899211.25	5779371.375	5484596.125	5462810.5	78309217.5	4718212.75	5517190.875	4460398.25	5173728.25	341421.625
Ae_mutica	Ae_tauschii	Er_bonaepartis	-0.08712210638564181	0.5347128371432113	1.0006897118187372	85795941.25	6692940.3125	7430016.3125	1190307.625	1323350.5	5661611.375	1190845.5625	975321.5	1971328.8125	18564906.75	1623734.625	1342563.75	1306482.375	972045.5	95657.75
Ae_mutica	Er_bonaepartis	Ae_tauschii	-126.49092317754	1.0	0.4998277502493489	85795941.25	7430016.3125	6692940.3125	1190307.625	1323350.5	5661611.375	1971328.8125	1342563.75	1190845.5625	18564906.75	1306482.375	975321.5	1623734.625	972045.5	95657.75
Ae_tauschii	Ae_mutica	Er_bonaepartis	0.08718215411645963	0.46526329810986156	0.9993117123416606	85795941.25	6692940.3125	5661611.375	1190845.5625	975321.5	7430016.3125	1190307.625	1323350.5	1971328.8125	18564906.75	1623734.625	1342563.75	972045.5	1306482.375	95657.75
Ae_mutica	Ae_tauschii	S_vavilovii	-21.588433040518993	1.0	3.3893826003935192	86814318.125	5615797.6875	8028066.625	1125584.8125	1022672.25	5636619.75	1333773.0625	999499.125	1629091.875	19430077.0625	1218389.75	1321662.125	1531700.125	1120940.5	92927.125
Ae_mutica	S_vavilovii	Ae_tauschii	-52.21201726903253	1.0	0.36969109507125064	86814318.125	8028066.625	5615797.6875	1125584.8125	1022672.25	5636619.75	1629091.875	1321662.125	1333773.0625	19430077.0625	1531700.125	999499.125	1218389.75	1120940.5	92927.125
Ae_tauschii	Ae_mutica	S_vavilovii	36.80743672301493	0.0	0.7074755919514364	86814318.125	5615797.6875	5636619.75	1333773.0625	999499.125	8028066.625	1125584.8125	1022672.25	1629091.875	19430077.0625	1218389.75	1321662.125	1120940.5	1531700.125	92927.125
Ae_mutica	Ae_tauschii	T_boeoticum	86.83969818263901	0.0	0.8119861339041649	147111835.6875	213315235.3125	10808173.5625	8578238.9375	16318754.0	8993341.125	6066892.875	11454573.0	16912785.375	31852091.25	33047639.875	1126753.0	1146679.875	1222962.0	660182.125
Ae_mutica	T_boeoticum	Ae_tauschii	-288.1998255553792	1.0	0.5654663344953494	147111835.6875	10808173.5625	213315235.3125	8578238.9375	16318754.0	8993341.125	16912785.375	1126753.0	6066892.875	31852091.25	1146679.875	11454573.0	33047639.875	1222962.0	660182.125
Ae_tauschii	Ae_mutica	T_boeoticum	-66.73212897156127	1.0	1.4312656101070538	147111835.6875	213315235.3125	8993341.125	6066892.875	11454573.0	10808173.5625	8578238.9375	16318754.0	16912785.375	31852091.25	33047639.875	1126753.0	1222962.0	1146679.875	660182.125
Ae_mutica	Ae_tauschii	T_urartu	9.506167274003307	0.0	0.4002400216586143	351741817.4375	19758041.1875	29477625.0	5206573.875	5042920.25	22694192.9375	4885075.3125	3633582.125	5099622.125	79479181.5	4328051.5	4632496.25	5443853.0	4343899.0	329398.5
Ae_mutica	T_urartu	Ae_tauschii	-99999.9	1.0	1.9940209849313484	351741817.4375	29477625.0	19758041.1875	5206573.875	5042920.25	22694192.9375	5099622.125	4632496.25	4885075.3125	79479181.5	5443853.0	3633582.125	4328051.5	4343899.0	329398.5
Ae_tauschii	Ae_mutica	T_urartu	-4.738831651238746	0.999998923929899	0.24962462829339166	351741817.4375	19758041.1875	22694192.9375	4885075.3125	3633582.125	29477625.0	5206573.875	5042920.25	5099622.125	79479181.5	4328051.5	4632496.25	4343899.0	5443853.0	329398.5
Ae_mutica	Ae_tauschii	Ta_caputMedusae	13.822766435964569	0.0	0.6558440679819505	87438061.75	5249288.0	7459161.375	1320869.875	1339530.5	5789575.0625	1242975.0625	923410.625	1391416.0625	19899469.8125	968688.875	1290176.5	1398437.75	1154319.5	88528.25
Ae_mutica	Ta_caputMedusae	Ae_tauschii	-12.518721612691035	1.0	0.6778524428512512	87438061.75	7459161.375	5249288.0	1320869.875	1339530.5	5789575.0625	1391416.0625	1290176.5	1242975.0625	19899469.8125	1398437.75	923410.625	968688.875	1154319.5	88528.25
Ae_tauschii	Ae_mutica	Ta_caputMedusae	-6.569232710371559	0.9999999999745826	-9.599916651074176	87438061.75	5249288.0	5789575.0625	1242975.0625	923410.625	7459161.375	1320869.875	1339530.5	1391416.0625	19899469.8125	968688.875	1290176.5	1154319.5	1398437.75	88528.25
Ae_mutica	Ae_umbellulata	Ae_uniaristata	5.006024004551603	2.7827122273116345e-07	0.6666076150089362	255314066.625	19665655.5	24258405.0	4130833.0	3622223.375	17460287.0625	4044499.6875	3084883.625	4217120.4375	57600281.4375	3748874.5	4205922.625	4568752.0	3397096.875	265615.25
Ae_mutica	Ae_uniaristata	Ae_umbellulata	-5.003363949648583	0.9999997178607851	0.6667257287875455	255314066.625	24258405.0	19665655.5	4130833.0	3622223.375	17460287.0625	4217120.4375	4205922.625	4044499.6875	57600281.4375	4568752.0	3084883.625	3748874.5	3397096.875	265615.25
Ae_umbellulata	Ae_mutica	Ae_uniaristata	-2.502346811818659	0.9938313345540352	-1880.9250681198948	255314066.625	19665655.5	17460287.0625	4044499.6875	3084883.625	24258405.0	4130833.0	3622223.375	4217120.4375	57600281.4375	3748874.5	4205922.625	3397096.875	4568752.0	265615.25
Ae_mutica	Ae_umbellulata	Er_bonaepartis	-6.2340862100465255	0.999999999771838	1.0676382542118845	63985265.375	5034740.0625	5947203.8125	901809.625	960604.875	4347858.375	932053.8125	738953.625	1409444.1875	13789329.5	1149218.125	949396.5	1037682.25	775403.625	71540.25
Ae_mutica	Er_bonaepartis	Ae_umbellulata	-104.63622558299053	1.0	0.4846480092287003	63985265.375	5947203.8125	5034740.0625	901809.625	960604.875	4347858.375	1409444.1875	949396.5	932053.8125	13789329.5	1037682.25	738953.625	1149218.125	775403.625	71540.25
Ae_umbellulata	Ae_mutica	Er_bonaepartis	6.629035254060685	1.6984191830715645e-11	0.9437713657585469	63985265.375	5034740.0625	4347858.375	932053.8125	738953.625	5947203.8125	901809.625	960604.875	1409444.1875	13789329.5	1149218.125	949396.5	775403.625	1037682.25	71540.25
Ae_mutica	Ae_umbellulata	S_vavilovii	-17.30981073390857	1.0	-1.8071391282232048	64825098.4375	4181011.3125	6340882.0	874749.125	785279.875	4324082.5	1071351.5	758523.0	1197917.3125	14372267.4375	922761.0	944106.0	1270343.375	875291.75	71870.375
Ae_mutica	S_vavilovii	Ae_umbellulata	-28.45326848592382	1.0	0.28142371379526565	64825098.4375	6340882.0	4181011.3125	874749.125	785279.875	4324082.5	1197917.3125	944106.0	1071351.5	14372267.4375	1270343.375	758523.0	922761.0	875291.75	71870.375
Ae_umbellulata	Ae_mutica	S_vavilovii	44.19819262682234	0.0	0.6217516166087225	64825098.4375	4181011.3125	4324082.5	1071351.5	758523.0	6340882.0	874749.125	785279.875	1197917.3125	14372267.4375	922761.0	944106.0	875291.75	1270343.375	71870.375
Ae_mutica	Ae_umbellulata	T_boeoticum	96.46256045904397	0.0	0.7818619051448121	109954977.75	158624763.75	8333526.5	6838628.125	13021786.875	6932166.0	4699582.0	8865679.5	12366462.375	23567571.5	24213074.625	823597.625	907143.0	948565.875	520280.5
Ae_mutica	T_boeoticum	Ae_umbellulata	-249.28356584559353	1.0	0.5810569302100386	109954977.75	8333526.5	158624763.75	6838628.125	13021786.875	6932166.0	12366462.375	823597.625	4699582.0	23567571.5	907143.0	8865679.5	24213074.625	948565.875	520280.5
Ae_umbellulata	Ae_mutica	T_boeoticum	-69.54967593950481	1.0	1.6312127067548667	109954977.75	158624763.75	6932166.0	4699582.0	8865679.5	8333526.5	6838628.125	13021786.875	12366462.375	23567571.5	24213074.625	823597.625	948565.875	907143.0	520280.5
Ae_mutica	Ae_umbellulata	T_urartu	-99999.9	1.0	1.578590177497545	262337016.125	14850603.25	23654372.75	4040938.5	3748069.125	17392423.6875	3967246.6875	2847742.75	3766190.4375	58794393.3125	3260481.125	3408596.5	4563565.375	3451803.625	254916.75
Ae_mutica	T_urartu	Ae_umbellulata	11.469232816092168	0.0	0.4225607980381641	262337016.125	23654372.75	14850603.25	4040938.5	3748069.125	17392423.6875	3766190.4375	3408596.5	3967246.6875	58794393.3125	4563565.375	2847742.75	3260481.125	3451803.625	254916.75
Ae_umbellulata	Ae_mutica	T_urartu	-4.203741759842371	0.9999868648225914	0.7885092442419226	262337016.125	14850603.25	17392423.6875	3967246.6875	2847742.75	23654372.75	4040938.5	3748069.125	3766190.4375	58794393.3125	3260481.125	3408596.5	3451803.625	4563565.375	254916.75
Ae_mutica	Ae_umbellulata	Ta_caputMedusae	1.3462377114426107	0.08911299684531127	0.7811010750304777	65168152.125	3995957.6875	6024227.5625	1012322.125	977963.5	4452548.5625	1006396.75	704780.375	1027540.375	14711382.8125	753426.25	916944.125	1173040.75	928525.375	67365.625
Ae_mutica	Ta_caputMedusae	Ae_umbellulata	-3.457567166999818	0.9997274144221547	0.5814778528334966	65168152.125	6024227.5625	3995957.6875	1012322.125	977963.5	4452548.5625	1027540.375	916944.125	1006396.75	14711382.8125	1173040.75	704780.375	753426.25	928525.375	67365.625
Ae_umbellulata	Ae_mutica	Ta_caputMedusae	-0.968962609399359	0.8337180797188751	1.6376256002582623	65168152.125	3995957.6875	4452548.5625	1006396.75	704780.375	6024227.5625	1012322.125	977963.5	1027540.375	14711382.8125	753426.25	916944.125	928525.375	1173040.75	67365.625
Ae_mutica	Ae_uniaristata	Er_bonaepartis	-1.3448177089510687	0.9106578813351326	1.0144894885069735	86609578.125	6951658.4375	6724945.75	1189754.6875	1166994.0	6251388.5	1198127.5625	1113849.125	1784359.0	18762999.9375	1575695.5	1023307.375	1162607.875	1113695.25	92172.875
Ae_mutica	Er_bonaepartis	Ae_uniaristata	-95.50296753130536	1.0	0.4964546826262671	86609578.125	6724945.75	6951658.4375	1189754.6875	1166994.0	6251388.5	1784359.0	1023307.375	1198127.5625	18762999.9375	1162607.875	1113849.125	1575695.5	1113695.25	92172.875
Ae_uniaristata	Ae_mutica	Er_bonaepartis	1.3640251240682997	0.08627989022341742	0.9861141098310622	86609578.125	6951658.4375	6251388.5	1198127.5625	1113849.125	6724945.75	1189754.6875	1166994.0	1784359.0	18762999.9375	1575695.5	1023307.375	1113695.25	1162607.875	92172.875
Ae_mutica	Ae_uniaristata	S_vavilovii	-11.166605723078966	1.0	-2.177297512567408	87920583.3125	5684857.625	7101170.1875	1206680.125	1019535.0	6222947.5	1365245.9375	1156863.375	1473905.875	19660403.5625	1206908.375	1025459.375	1415880.5	1271493.25	92421.0
Ae_mutica	S_vavilovii	Ae_uniaristata	-18.81871345567676	1.0	0.2890770814464703	87920583.3125	7101170.1875	5684857.625	1206680.125	1019535.0	6222947.5	1473905.875	1025459.375	1365245.9375	19660403.5625	1415880.5	1156863.375	1206908.375	1271493.25	92421.0
Ae_uniaristata	Ae_mutica	S_vavilovii	27.46186550405544	0.0	0.6275975701138983	87920583.3125	5684857.625	6222947.5	1365245.9375	1156863.375	7101170.1875	1206680.125	1019535.0	1473905.875	19660403.5625	1206908.375	1025459.375	1271493.25	1415880.5	92421.0
Ae_mutica	Ae_uniaristata	T_boeoticum	15.284067618829093	0.0	0.9562913938868183	147380117.8125	218029418.6875	10710253.4375	7550872.5625	14249846.5	9966725.0625	7092624.1875	13396971.0	17118543.9375	31906190.9375	33514025.375	1129778.5	1269296.375	1255654.625	686699.0
Ae_mutica	T_boeoticum	Ae_uniaristata	-319.11283100618897	1.0	0.5116938332558983	147380117.8125	10710253.4375	218029418.6875	7550872.5625	14249846.5	9966725.0625	17118543.9375	1129778.5	7092624.1875	31906190.9375	1269296.375	13396971.0	33514025.375	1255654.625	686699.0
Ae_uniaristata	Ae_mutica	T_boeoticum	-14.585488403718324	1.0	1.0503048738652272	147380117.8125	218029418.6875	9966725.0625	7092624.1875	13396971.0	10710253.4375	7550872.5625	14249846.5	17118543.9375	31906190.9375	33514025.375	1129778.5	1255654.625	1269296.375	686699.0
Ae_mutica	Ae_uniaristata	T_urartu	-21.88505328522689	1.0	0.3280081926653428	353218210.0625	22664518.0	28579300.0625	4728833.125	3788882.25	23891861.875	5735303.5625	5229742.25	5244031.875	79461148.8125	4829623.25	4493973.375	5464691.75	4590155.875	342466.875
Ae_mutica	T_urartu	Ae_uniaristata	-11.20266594639277	1.0	-20.53205183461197	353218210.0625	28579300.0625	22664518.0	4728833.125	3788882.25	23891861.875	5244031.875	4493973.375	5735303.5625	79461148.8125	5464691.75	5229742.25	4829623.25	4590155.875	342466.875
Ae_uniaristata	Ae_mutica	T_urartu	22.95095032569382	0.0	0.33857474031293017	353218210.0625	22664518.0	23891861.875	5735303.5625	5229742.25	28579300.0625	4728833.125	3788882.25	5244031.875	79461148.8125	4829623.25	4493973.375	4590155.875	5464691.75	342466.875
Ae_mutica	Ae_uniaristata	Ta_caputMedusae	-3.0045660120343483	0.9986701305403919	0.12224648338349343	87995964.625	5819940.4375	7023221.0625	1222349.0	1069170.375	6249169.875	1355031.8125	1151852.0	1336552.8125	19932496.125	1091538.0	1068943.875	1374033.875	1212866.875	86633.25
Ae_mutica	Ta_caputMedusae	Ae_uniaristata	-2.5861141094084332	0.9951467289914637	-0.19304294798174715	87995964.625	7023221.0625	5819940.4375	1222349.0	1069170.375	6249169.875	1336552.8125	1068943.875	1355031.8125	19932496.125	1374033.875	1151852.0	1091538.0	1212866.875	86633.25
Ae_uniaristata	Ae_mutica	Ta_caputMedusae	18.568802071662137	0.0	0.4625759394620912	87995964.625	5819940.4375	6249169.875	1355031.8125	1151852.0	7023221.0625	1222349.0	1069170.375	1336552.8125	19932496.125	1091538.0	1068943.875	1212866.875	1374033.875	86633.25
Ae_mutica	Er_bonaepartis	S_vavilovii	-65.10833687712322	1.0	0.5486723185386805	22137436.625	1363331.0625	1760749.6875	315853.875	258100.0	1609865.6875	410534.75	264741.375	295432.625	4778869.6875	286854.0	252739.375	430012.25	302241.875	24465.125
Ae_mutica	S_vavilovii	Er_bonaepartis	14.04289540471557	0.0	0.8493156623350031	22137436.625	1760749.6875	1363331.0625	315853.875	258100.0	1609865.6875	295432.625	252739.375	410534.75	4778869.6875	430012.25	264741.375	286854.0	302241.875	24465.125
Er_bonaepartis	Ae_mutica	S_vavilovii	-99999.9	1.0	-0.2749980221419109	22137436.625	1363331.0625	1609865.6875	410534.75	264741.375	1760749.6875	315853.875	258100.0	295432.625	4778869.6875	286854.0	252739.375	302241.875	430012.25	24465.125
Ae_mutica	Er_bonaepartis	T_boeoticum	-11.193166788528195	1.0	1.043194160476318	36794902.8125	54771121.0625	2764300.5	1829924.375	3509806.0	2561057.625	1918542.5	3457797.25	4058783.4375	7584170.5625	7964433.125	302484.625	382311.625	305778.625	194454.875
Ae_mutica	T_boeoticum	Er_bonaepartis	-281.5224451508664	1.0	0.4898585377995468	36794902.8125	2764300.5	54771121.0625	1829924.375	3509806.0	2561057.625	4058783.4375	302484.625	1918542.5	7584170.5625	382311.625	3457797.25	7964433.125	305778.625	194454.875
Er_bonaepartis	Ae_mutica	T_boeoticum	11.656627437388735	0.0	0.9617609504516428	36794902.8125	54771121.0625	2561057.625	1918542.5	3457797.25	2764300.5	1829924.375	3509806.0	4058783.4375	7584170.5625	7964433.125	302484.625	305778.625	382311.625	194454.875
Ae_mutica	Er_bonaepartis	T_urartu	-111.08056441116207	1.0	0.5331156202349947	88932754.0	5263740.25	6984394.6875	1193313.5625	1123559.0	6105221.8125	1832167.1875	1103409.5	1102687.125	19204822.125	1037832.75	1010624.375	1629969.75	1134494.0	92050.875
Ae_mutica	T_urartu	Er_bonaepartis	15.757656267619797	0.0	0.8894943065321395	88932754.0	6984394.6875	5263740.25	1193313.5625	1123559.0	6105221.8125	1102687.125	1010624.375	1832167.1875	19204822.125	1629969.75	1103409.5	1037832.75	1134494.0	92050.875
Er_bonaepartis	Ae_mutica	T_urartu	-99999.9	1.0	-0.16530817800786282	88932754.0	5263740.25	6105221.8125	1832167.1875	1103409.5	6984394.6875	1193313.5625	1123559.0	1102687.125	19204822.125	1037832.75	1010624.375	1134494.0	1629969.75	92050.875
Ae_mutica	Er_bonaepartis	Ta_caputMedusae	-34.17528931375377	1.0	0.749756735496498	22277801.5	1257477.625	1619551.0	348485.875	352282.75	1646741.5625	399325.5625	212670.0	247004.1875	4860597.9375	231622.75	217119.5	404114.0	302790.875	22331.875
Ae_mutica	Ta_caputMedusae	Er_bonaepartis	68.21768977947498	0.0	0.6001557802321633	22277801.5	1619551.0	1257477.625	348485.875	352282.75	1646741.5625	247004.1875	217119.5	399325.5625	4860597.9375	404114.0	212670.0	231622.75	302790.875	22331.875
Er_bonaepartis	Ae_mutica	Ta_caputMedusae	-99999.9	1.0	2.0039036274238775	22277801.5	1257477.625	1646741.5625	399325.5625	212670.0	1619551.0	348485.875	352282.75	247004.1875	4860597.9375	231622.75	217119.5	302790.875	404114.0	22331.875
Ae_mutica	S_vavilovii	T_boeoticum	-31.907515523466785	1.0	1.1072664438564468	37358039.875	55917091.125	2228491.875	1554363.5	2934492.375	2490108.0625	1801954.4375	3328188.0	4357731.6875	8005719.1875	8566664.875	288457.0	322749.375	319014.125	190814.5
Ae_mutica	T_boeoticum	S_vavilovii	-361.27539587610784	1.0	0.47690014757133564	37358039.875	2228491.875	55917091.125	1554363.5	2934492.375	2490108.0625	4357731.6875	288457.0	1801954.4375	8005719.1875	322749.375	3328188.0	8566664.875	319014.125	190814.5
S_vavilovii	Ae_mutica	T_boeoticum	34.998556294625914	0.0	0.9188481630346326	37358039.875	55917091.125	2490108.0625	1801954.4375	3328188.0	2228491.875	1554363.5	2934492.375	4357731.6875	8005719.1875	8566664.875	288457.0	319014.125	322749.375	190814.5
Ae_mutica	S_vavilovii	T_urartu	-44.43931755917215	1.0	0.4118493864040004	90156318.6875	5685861.75	5780181.1875	1145558.875	905081.5	6048184.8125	1499882.75	1076742.0	1251769.3125	20026532.25	1274506.25	1029897.5	1250600.625	1219773.375	89183.125
Ae_mutica	T_urartu	S_vavilovii	-13.320918214052337	1.0	1.7484721077073775	90156318.6875	5780181.1875	5685861.75	1145558.875	905081.5	6048184.8125	1251769.3125	1029897.5	1499882.75	20026532.25	1250600.625	1076742.0	1274506.25	1219773.375	89183.125
S_vavilovii	Ae_mutica	T_urartu	19.023231501361558	0.0	0.23062437394390672	90156318.6875	5685861.75	6048184.8125	1499882.75	1076742.0	5780181.1875	1145558.875	905081.5	1251769.3125	20026532.25	1274506.25	1029897.5	1219773.375	1250600.625	89183.125
Ae_mutica	S_vavilovii	Ta_caputMedusae	-25.044840268570734	1.0	0.3136101188346608	22412840.5	1518172.5625	1488094.8125	292683.875	230595.0	1571597.3125	370623.875	265389.0	335013.25	5003375.8125	331358.625	276714.375	355616.25	309697.25	23310.5
Ae_mutica	Ta_caputMedusae	S_vavilovii	-13.601904484775863	1.0	-5.300186046511628	22412840.5	1488094.8125	1518172.5625	292683.875	230595.0	1571597.3125	335013.25	276714.375	370623.875	5003375.8125	355616.25	265389.0	331358.625	309697.25	23310.5
S_vavilovii	Ae_mutica	Ta_caputMedusae	29.770115956780593	0.0	0.3519547266292853	22412840.5	1518172.5625	1571597.3125	370623.875	265389.0	1488094.8125	292683.875	230595.0	335013.25	5003375.8125	331358.625	276714.375	309697.25	355616.25	23310.5
Ae_mutica	T_boeoticum	T_urartu	-373.22093142949	1.0	0.5029879570610866	151042442.6875	7981241.1875	223123572.6875	6657778.6875	11753606.0	9764423.5	17437272.125	1048944.25	6528169.5	32644854.0	1119974.625	12524144.625	34414732.25	1282698.625	654975.25
Ae_mutica	T_urartu	T_boeoticum	4.487489320443263	3.6066410955548633e-06	0.9882586673425758	151042442.6875	223123572.6875	7981241.1875	6657778.6875	11753606.0	9764423.5	6528169.5	12524144.625	17437272.125	32644854.0	34414732.25	1048944.25	1119974.625	1282698.625	654975.25
T_boeoticum	Ae_mutica	T_urartu	-99999.9	1.0	-0.012170009030849327	151042442.6875	7981241.1875	9764423.5	17437272.125	1048944.25	223123572.6875	6657778.6875	11753606.0	6528169.5	32644854.0	1119974.625	12524144.625	1282698.625	34414732.25	654975.25
Ae_mutica	T_boeoticum	Ta_caputMedusae	-364.16873933110884	1.0	0.48884903839578125	37457352.5625	2265592.5	55834933.125	1655541.0625	3099453.5	2534430.25	4421978.6875	267973.5	1776242.9375	8148171.5	303425.0	3319008.375	8690313.375	340593.125	176246.5
Ae_mutica	Ta_caputMedusae	T_boeoticum	-15.888971888043585	1.0	1.047802081467125	37457352.5625	55834933.125	2265592.5	1655541.0625	3099453.5	2534430.25	1776242.9375	3319008.375	4421978.6875	8148171.5	8690313.375	267973.5	303425.0	340593.125	176246.5
T_boeoticum	Ae_mutica	Ta_caputMedusae	16.61384726484913	0.0	0.04180673465899379	37457352.5625	2265592.5	2534430.25	4421978.6875	267973.5	55834933.125	1655541.0625	3099453.5	1776242.9375	8148171.5	303425.0	3319008.375	340593.125	8690313.375	176246.5
Ae_mutica	T_urartu	Ta_caputMedusae	18.27626545908082	0.0	0.44454034945517185	90616081.9375	5558113.125	5291850.875	1312455.4375	1132714.875	6268416.5	1177796.8125	910949.375	1285565.5625	20449052.125	1071640.5	1016489.125	1193900.75	1302630.5	82807.5
Ae_mutica	Ta_caputMedusae	T_urartu	-99999.9	1.0	1.3324709326137387	90616081.9375	5291850.875	5558113.125	1312455.4375	1132714.875	6268416.5	1285565.5625	1016489.125	1177796.8125	20449052.125	1193900.75	910949.375	1071640.5	1302630.5	82807.5
T_urartu	Ae_mutica	Ta_caputMedusae	-4.5601948028672386	0.9999974421623437	0.16645078722488912	90616081.9375	5558113.125	6268416.5	1177796.8125	910949.375	5291850.875	1312455.4375	1132714.875	1285565.5625	20449052.125	1071640.5	1016489.125	1302630.5	1193900.75	82807.5
Ae_searsii	Ae_sharonensis	Ae_speltoides	68.69019885811407	0.0	0.5039773279883897	107149144.4375	7043714.5	6013258.4375	2722515.0	1209863.125	24756063.3125	1942535.5	2828460.25	2735023.4375	23478682.0	1426638.875	3244091.625	1041253.375	4217645.5	160620.625
Ae_searsii	Ae_speltoides	Ae_sharonensis	-1.101576463585649	0.8646770326153255	0.9844614983514678	107149144.4375	6013258.4375	7043714.5	2722515.0	1209863.125	24756063.3125	2735023.4375	3244091.625	1942535.5	23478682.0	1041253.375	2828460.25	1426638.875	4217645.5	160620.625
Ae_sharonensis	Ae_searsii	Ae_speltoides	-1.0841894477154774	0.8608595557168355	-0.016298252939015535	107149144.4375	7043714.5	24756063.3125	1942535.5	2828460.25	6013258.4375	2722515.0	1209863.125	2735023.4375	23478682.0	1426638.875	3244091.625	4217645.5	1041253.375	160620.625
Ae_searsii	Ae_sharonensis	Ae_tauschii	35.768188073507034	0.0	0.36334597796346707	108654224.5	6571758.5625	6189383.1875	2717694.25	1173809.0	24597852.1875	2123965.75	3112810.25	2462813.625	24334911.1875	1165931.625	3277685.75	1096904.375	4225080.625	157014.125
Ae_searsii	Ae_tauschii	Ae_sharonensis	-99999.9	1.0	4.035476629281059	108654224.5	6189383.1875	6571758.5625	2717694.25	1173809.0	24597852.1875	2462813.625	3277685.75	2123965.75	24334911.1875	1096904.375	3112810.25	1165931.625	4225080.625	157014.125
Ae_sharonensis	Ae_searsii	Ae_tauschii	-26.904752261742903	1.0	0.30035103028146204	108654224.5	6571758.5625	24597852.1875	2123965.75	3112810.25	6189383.1875	2717694.25	1173809.0	2462813.625	24334911.1875	1165931.625	3277685.75	4225080.625	1096904.375	157014.125
Ae_searsii	Ae_sharonensis	Ae_umbellulata	66.07841024139216	0.0	0.48650672581892407	80394752.625	5789887.875	4637119.6875	2106823.9375	950362.625	18675451.625	1517161.125	2239061.0	2075834.3125	17795829.0625	1097370.125	2663987.75	772445.5	3245056.5	123770.25
Ae_searsii	Ae_umbellulata	Ae_sharonensis	-99999.9	1.0	1.058727667871974	80394752.625	4637119.6875	5789887.875	2106823.9375	950362.625	18675451.625	2075834.3125	2663987.75	1517161.125	17795829.0625	772445.5	2239061.0	1097370.125	3245056.5	123770.25
Ae_sharonensis	Ae_searsii	Ae_umbellulata	-3.6653721706966307	0.9998764777514131	0.04993072310297662	80394752.625	5789887.875	18675451.625	1517161.125	2239061.0	4637119.6875	2106823.9375	950362.625	2075834.3125	17795829.0625	1097370.125	2663987.75	3245056.5	772445.5	123770.25
Ae_searsii	Ae_sharonensis	Ae_uniaristata	38.70156524453789	0.0	0.6490326671843583	109014613.0625	6454897.25	7305601.4375	2521991.375	719508.875	25123824.9375	2152143.25	3025192.25	2836091.5625	24327770.75	1190773.375	3933718.25	1255827.75	4296372.375	163196.5
Ae_searsii	Ae_uniaristata	Ae_sharonensis	-32.86800196662568	1.0	0.6852856474409811	109014613.0625	7305601.4375	6454897.25	2521991.375	719508.875	25123824.9375	2836091.5625	3933718.25	2152143.25	24327770.75	1255827.75	3025192.25	1190773.375	4296372.375	163196.5
Ae_sharonensis	Ae_searsii	Ae_uniaristata	-17.773519837221365	1.0	-5.6342925242750015	109014613.0625	6454897.25	25123824.9375	2152143.25	3025192.25	7305601.4375	2521991.375	719508.875	2836091.5625	24327770.75	1190773.375	3933718.25	4296372.375	1255827.75	163196.5
Ae_searsii	Ae_sharonensis	Er_bonaepartis	77.63700423544337	0.0	0.7431887660774446	26873196.4375	1917271.75	1727003.1875	641517.75	265579.375	6462790.125	455644.9375	663483.0	993544.25	5610831.1875	467258.875	1077346.0	265150.25	1036950.5	47855.375
Ae_searsii	Er_bonaepartis	Ae_sharonensis	-147.03754951514657	1.0	0.6044316334514681	26873196.4375	1727003.1875	1917271.75	641517.75	265579.375	6462790.125	993544.25	1077346.0	455644.9375	5610831.1875	265150.25	663483.0	467258.875	1036950.5	47855.375
Ae_sharonensis	Ae_searsii	Er_bonaepartis	-50.80929132343575	1.0	2.1186800323044293	26873196.4375	1917271.75	6462790.125	455644.9375	663483.0	1727003.1875	641517.75	265579.375	993544.25	5610831.1875	467258.875	1077346.0	1036950.5	265150.25	47855.375
Ae_searsii	Ae_sharonensis	S_vavilovii	89.06396329340186	0.0	0.6859428445951707	27122655.0625	1642479.6875	1834183.9375	673604.8125	217526.5	6610346.625	455136.625	625800.0	932300.375	5861013.75	376407.625	1129184.75	299571.875	1146225.75	48924.625
Ae_searsii	S_vavilovii	Ae_sharonensis	-105.46364826076078	1.0	0.6484442635901275	27122655.0625	1834183.9375	1642479.6875	673604.8125	217526.5	6610346.625	932300.375	1129184.75	455136.625	5861013.75	299571.875	625800.0	376407.625	1146225.75	48924.625
Ae_sharonensis	Ae_searsii	S_vavilovii	-48.28625829742084	1.0	6.430833791665499	27122655.0625	1642479.6875	6610346.625	455136.625	625800.0	1834183.9375	673604.8125	217526.5	932300.375	5861013.75	376407.625	1129184.75	1146225.75	299571.875	48924.625
Ae_searsii	Ae_sharonensis	T_boeoticum	-114.21365280259975	1.0	0.25163469474704564	48710654.375	62333566.4375	2219273.0625	1662916.25	2873520.625	8288220.375	6272767.4375	12387803.125	4722724.3125	10089706.25	9019980.875	458226.875	402319.875	695479.0	282907.125
Ae_searsii	T_boeoticum	Ae_sharonensis	-75.80979113612014	1.0	-1.0266784494059693	48710654.375	2219273.0625	62333566.4375	1662916.25	2873520.625	8288220.375	4722724.3125	458226.875	6272767.4375	10089706.25	402319.875	12387803.125	9019980.875	695479.0	282907.125
Ae_sharonensis	Ae_searsii	T_boeoticum	225.4594404868384	0.0	0.39894967465471165	48710654.375	62333566.4375	8288220.375	6272767.4375	12387803.125	2219273.0625	1662916.25	2873520.625	4722724.3125	10089706.25	9019980.875	458226.875	695479.0	402319.875	282907.125
Ae_searsii	Ae_sharonensis	T_urartu	103.73322306812531	0.0	0.5692950879815364	109992973.875	5726140.6875	6717337.9375	2797269.0	1048822.25	26467202.6875	1695335.625	2310711.375	3151843.875	23975534.8125	1391144.0	4022920.375	1084159.5	4550986.375	168812.625
Ae_searsii	T_urartu	Ae_sharonensis	-33.37878263531824	1.0	0.8042194363662905	109992973.875	6717337.9375	5726140.6875	2797269.0	1048822.25	26467202.6875	3151843.875	4022920.375	1695335.625	23975534.8125	1084159.5	2310711.375	1391144.0	4550986.375	168812.625
Ae_sharonensis	Ae_searsii	T_urartu	-25.252994346394967	1.0	-0.4744374687649903	109992973.875	5726140.6875	26467202.6875	1695335.625	2310711.375	6717337.9375	2797269.0	1048822.25	3151843.875	23975534.8125	1391144.0	4022920.375	4550986.375	1084159.5	168812.625
Ae_searsii	Ae_sharonensis	Ta_caputMedusae	107.71402807428349	0.0	0.5875375251535566	27302876.5625	1562900.875	1709893.6875	724287.0	276896.625	6693638.9375	437671.75	599960.875	845944.5625	6022250.5	321498.5	1073629.25	284036.25	1182441.0	45876.625
Ae_searsii	Ta_caputMedusae	Ae_sharonensis	-45.72061710803557	1.0	0.7704272707523134	27302876.5625	1709893.6875	1562900.875	724287.0	276896.625	6693638.9375	845944.5625	1073629.25	437671.75	6022250.5	284036.25	599960.875	321498.5	1182441.0	45876.625
Ae_sharonensis	Ae_searsii	Ta_caputMedusae	-32.096739487334574	1.0	-0.7375076866302457	27302876.5625	1562900.875	6693638.9375	437671.75	599960.875	1709893.6875	724287.0	276896.625	845944.5625	6022250.5	321498.5	1073629.25	1182441.0	284036.25	45876.625
Ae_searsii	Ae_speltoides	Ae_tauschii	-99999.9	1.0	1.1394212656142686	213359799.4375	13444608.75	14649884.3125	5461024.25	2252627.25	50150617.1875	5341749.0	6984593.875	4366971.1875	46964414.5	2089977.625	6368813.625	2741224.0	8558414.125	339843.875
Ae_searsii	Ae_tauschii	Ae_speltoides	45.108076055836236	0.0	0.4711732719572836	213359799.4375	14649884.3125	13444608.75	5461024.25	2252627.25	50150617.1875	4366971.1875	6368813.625	5341749.0	46964414.5	2741224.0	6984593.875	2089977.625	8558414.125	339843.875
Ae_speltoides	Ae_searsii	Ae_tauschii	-5.519490677347422	0.9999999829582249	0.9016958157398969	213359799.4375	13444608.75	50150617.1875	5341749.0	6984593.875	14649884.3125	5461024.25	2252627.25	4366971.1875	46964414.5	2089977.625	6368813.625	8558414.125	2741224.0	339843.875
Ae_searsii	Ae_speltoides	Ae_umbellulata	-99999.9	1.0	-0.19110912669309096	157900610.875	11674261.125	10847787.5	4224136.75	1877104.75	38184627.375	3762292.375	4903682.75	3688191.125	34282637.875	2053853.5	5099835.625	1973673.875	6486033.625	266982.875
Ae_searsii	Ae_umbellulata	Ae_speltoides	4.813931387987161	7.409179141326661e-07	0.12146812488794406	157900610.875	10847787.5	11674261.125	4224136.75	1877104.75	38184627.375	3688191.125	5099835.625	3762292.375	34282637.875	1973673.875	4903682.75	2053853.5	6486033.625	266982.875
Ae_speltoides	Ae_searsii	Ae_umbellulata	-30.003368811967512	1.0	0.5371326882410127	157900610.875	11674261.125	38184627.375	3762292.375	4903682.75	10847787.5	4224136.75	1877104.75	3688191.125	34282637.875	2053853.5	5099835.625	6486033.625	1973673.875	266982.875
Ae_searsii	Ae_speltoides	Ae_uniaristata	-99999.9	1.0	1.2291457869520597	214507361.9375	12624275.625	16293127.1875	5165313.0	1580944.75	51491720.125	5117670.8125	6375382.0	4862116.5	46976258.1875	2076536.0	7305505.25	2980981.875	8606672.5	344086.25
Ae_searsii	Ae_uniaristata	Ae_speltoides	12.359186527003681	0.0	0.4573672320163293	214507361.9375	16293127.1875	12624275.625	5165313.0	1580944.75	51491720.125	4862116.5	7305505.25	5117670.8125	46976258.1875	2980981.875	6375382.0	2076536.0	8606672.5	344086.25
Ae_speltoides	Ae_searsii	Ae_uniaristata	-2.3040843103243933	0.9893910720213505	0.8642048633818356	214507361.9375	12624275.625	51491720.125	5117670.8125	6375382.0	16293127.1875	5165313.0	1580944.75	4862116.5	46976258.1875	2076536.0	7305505.25	8606672.5	2980981.875	344086.25
Ae_searsii	Ae_speltoides	Er_bonaepartis	77.14418689005662	0.0	0.6376019576670411	52938297.625	3732649.8125	3833708.875	1366113.5625	544324.375	13466589.625	980264.3125	1341259.125	1659126.25	10997082.6875	829465.125	1966017.875	606159.0	2177082.25	97857.5
Ae_searsii	Er_bonaepartis	Ae_speltoides	-58.58304901631338	1.0	0.6985077293277412	52938297.625	3833708.875	3732649.8125	1366113.5625	544324.375	13466589.625	1659126.25	1966017.875	980264.3125	10997082.6875	606159.0	1341259.125	829465.125	2177082.25	97857.5
Ae_speltoides	Ae_searsii	Er_bonaepartis	-33.29723508862619	1.0	-3.156220777778152	52938297.625	3732649.8125	13466589.625	980264.3125	1341259.125	3833708.875	1366113.5625	544324.375	1659126.25	10997082.6875	829465.125	1966017.875	2177082.25	606159.0	97857.5
Ae_searsii	Ae_speltoides	S_vavilovii	87.85879636347694	0.0	0.5187600584370388	53604589.875	3041827.875	3910866.3125	1470599.8125	510598.875	13812325.4375	963579.9375	1228241.625	1510129.875	11506590.625	632581.25	2013750.0	668793.75	2404321.25	98338.5
Ae_searsii	S_vavilovii	Ae_speltoides	-6.8499557565135465	0.9999999999962842	0.9325517634111384	53604589.875	3910866.3125	3041827.875	1470599.8125	510598.875	13812325.4375	1510129.875	2013750.0	963579.9375	11506590.625	668793.75	1228241.625	632581.25	2404321.25	98338.5
Ae_speltoides	Ae_searsii	S_vavilovii	-6.35452220031226	0.9999999998949904	-0.08455812606611614	53604589.875	3041827.875	13812325.4375	963579.9375	1228241.625	3910866.3125	1470599.8125	510598.875	1510129.875	11506590.625	632581.25	2013750.0	2404321.25	668793.75	98338.5
Ae_searsii	Ae_speltoides	T_boeoticum	-177.78357546343693	1.0	0.31918412480920305	95715075.0	123031869.5625	5351947.0	3729633.9375	6540945.75	17365587.9375	13358900.75	26118947.25	8844450.9375	19259034.125	17137137.375	954487.875	1035564.625	1428482.5	638548.375
Ae_searsii	T_boeoticum	Ae_speltoides	-94.43402823990137	1.0	-7.519481254961165	95715075.0	5351947.0	123031869.5625	3729633.9375	6540945.75	17365587.9375	8844450.9375	954487.875	13358900.75	19259034.125	1035564.625	26118947.25	17137137.375	1428482.5	638548.375
Ae_speltoides	Ae_searsii	T_boeoticum	201.4266393178936	0.0	0.3469063975113645	95715075.0	123031869.5625	17365587.9375	13358900.75	26118947.25	5351947.0	3729633.9375	6540945.75	8844450.9375	19259034.125	17137137.375	954487.875	1428482.5	1035564.625	638548.375
Ae_searsii	Ae_speltoides	T_urartu	65.8228954797464	0.0	0.3934465403451099	216588433.8125	11115032.375	15086028.125	5902526.4375	2155123.25	54663087.9375	3894101.125	4894005.75	5196884.875	46846930.4375	2274808.25	7489150.75	2431854.75	9434285.875	348174.25
Ae_searsii	T_urartu	Ae_speltoides	-99999.9	1.0	2.1816977217004956	216588433.8125	15086028.125	11115032.375	5902526.4375	2155123.25	54663087.9375	5196884.875	7489150.75	3894101.125	46846930.4375	2431854.75	4894005.75	2274808.25	9434285.875	348174.25
Ae_speltoides	Ae_searsii	T_urartu	-35.6524026451838	1.0	0.25999416926673924	216588433.8125	11115032.375	54663087.9375	3894101.125	4894005.75	15086028.125	5902526.4375	2155123.25	5196884.875	46846930.4375	2274808.25	7489150.75	9434285.875	2431854.75	348174.25
Ae_searsii	Ae_speltoides	Ta_caputMedusae	82.2262046839639	0.0	0.4180536968142281	53789875.25	2997236.8125	3790013.0	1537035.3125	576615.125	13912924.9375	943856.5	1184071.5	1369979.3125	11756958.125	533412.75	1948871.0	653471.625	2442289.625	90376.125
Ae_searsii	Ta_caputMedusae	Ae_speltoides	-99999.9	1.0	1.6448375165769256	53789875.25	3790013.0	2997236.8125	1537035.3125	576615.125	13912924.9375	1369979.3125	1948871.0	943856.5	11756958.125	653471.625	1184071.5	533412.75	2442289.625	90376.125
Ae_speltoides	Ae_searsii	Ta_caputMedusae	-32.235732156875045	1.0	0.2197426337931611	53789875.25	2997236.8125	13912924.9375	943856.5	1184071.5	3790013.0	1537035.3125	576615.125	1369979.3125	11756958.125	533412.75	1948871.0	2442289.625	653471.625	90376.125
Ae_searsii	Ae_tauschii	Ae_umbellulata	44.36089502244857	0.0	0.37093597805154077	160448444.3125	11663156.625	9920518.125	4323115.1875	1837198.75	38229853.75	3224970.3125	4649313.75	3872506.0625	35580163.0	2134255.5	5301602.25	1569714.5	6573753.25	247528.625
Ae_searsii	Ae_umbellulata	Ae_tauschii	-99999.9	1.0	3.288208234919986	160448444.3125	9920518.125	11663156.625	4323115.1875	1837198.75	38229853.75	3872506.0625	5301602.25	3224970.3125	35580163.0	1569714.5	4649313.75	2134255.5	6573753.25	247528.625
Ae_tauschii	Ae_searsii	Ae_umbellulata	-30.869993031708947	1.0	0.29094945033233166	160448444.3125	11663156.625	38229853.75	3224970.3125	4649313.75	9920518.125	4323115.1875	1837198.75	3872506.0625	35580163.0	2134255.5	5301602.25	6573753.25	1569714.5	247528.625
Ae_searsii	Ae_tauschii	Ae_uniaristata	36.245164723251214	0.0	0.42339105792217474	218066818.9375	12395245.5625	14940473.5	5352385.375	1621870.625	51618002.0	4368016.5	6029620.5	5090816.5625	48766918.1875	2149141.75	7583728.75	2416171.875	8741870.5	321380.375
Ae_searsii	Ae_uniaristata	Ae_tauschii	-99999.9	1.0	1.567109909616922	218066818.9375	14940473.5	12395245.5625	5352385.375	1621870.625	51618002.0	5090816.5625	7583728.75	4368016.5	48766918.1875	2416171.875	6029620.5	2149141.75	8741870.5	321380.375
Ae_tauschii	Ae_searsii	Ae_uniaristata	-13.116496784375585	1.0	0.20993731478244573	218066818.9375	12395245.5625	51618002.0	4368016.5	6029620.5	14940473.5	5352385.375	1621870.625	5090816.5625	48766918.1875	2149141.75	7583728.75	8741870.5	2416171.875	321380.375
Ae_searsii	Ae_tauschii	Er_bonaepartis	82.43503626204775	0.0	0.7005518491911925	53661593.6875	3834915.25	3632616.5	1318605.6875	530526.375	13315897.875	918961.0625	1314796.125	1853920.1875	11243480.375	924355.25	2099340.0	529545.875	2111353.875	95078.875
Ae_searsii	Er_bonaepartis	Ae_tauschii	-110.41977661803892	1.0	0.6359082480310425	53661593.6875	3632616.5	3834915.25	1318605.6875	530526.375	13315897.875	1853920.1875	2099340.0	918961.0625	11243480.375	529545.875	1314796.125	924355.25	2111353.875	95078.875
Ae_tauschii	Ae_searsii	Er_bonaepartis	-47.19850209398185	1.0	3.9457138145074584	53661593.6875	3834915.25	13315897.875	918961.0625	1314796.125	3632616.5	1318605.6875	530526.375	1853920.1875	11243480.375	924355.25	2099340.0	2111353.875	529545.875	95078.875
Ae_searsii	Ae_tauschii	S_vavilovii	89.44447876094289	0.0	0.6383896164108941	54149941.0625	3249434.6875	3841938.875	1391797.75	453978.125	13537539.625	940017.625	1285484.75	1737593.5625	11749947.9375	716525.0	2233460.375	591574.75	2327574.625	98789.25
Ae_searsii	S_vavilovii	Ae_tauschii	-68.46145834055726	1.0	0.6975648449421634	54149941.0625	3841938.875	3249434.6875	1391797.75	453978.125	13537539.625	1737593.5625	2233460.375	940017.625	11749947.9375	591574.75	1285484.75	716525.0	2327574.625	98789.25
Ae_tauschii	Ae_searsii	S_vavilovii	-38.77941240771101	1.0	-3.2627075115479967	54149941.0625	3249434.6875	13537539.625	940017.625	1285484.75	3841938.875	1391797.75	453978.125	1737593.5625	11749947.9375	716525.0	2233460.375	2327574.625	591574.75	98789.25
Ae_searsii	Ae_tauschii	T_boeoticum	-139.81310853892782	1.0	0.28010596974361146	97122838.0625	124932892.0	4944616.3125	3511081.0	6071341.375	17064597.3125	13078079.375	25737983.5	9355624.0625	20014189.0	17982880.125	995303.25	899599.5	1415575.875	600572.25
Ae_searsii	T_boeoticum	Ae_tauschii	-85.41275973173248	1.0	-1.7541476842793142	97122838.0625	4944616.3125	124932892.0	3511081.0	6071341.375	17064597.3125	9355624.0625	995303.25	13078079.375	20014189.0	899599.5	25737983.5	17982880.125	1415575.875	600572.25
Ae_tauschii	Ae_searsii	T_boeoticum	219.51740584065098	0.0	0.37923157045659406	97122838.0625	124932892.0	17064597.3125	13078079.375	25737983.5	4944616.3125	3511081.0	6071341.375	9355624.0625	20014189.0	17982880.125	995303.25	1415575.875	899599.5	600572.25
Ae_searsii	Ae_tauschii	T_urartu	99.91696282869317	0.0	0.47981021371250726	219697057.9375	11297195.5	14132726.375	5893373.5625	2078121.625	54493759.3125	3434161.75	4578973.75	5702478.0	48176596.9375	2592035.625	7766582.125	2119061.5	9466933.25	330666.75
Ae_searsii	T_urartu	Ae_tauschii	-99999.9	1.0	1.0918906621314755	219697057.9375	14132726.375	11297195.5	5893373.5625	2078121.625	54493759.3125	5702478.0	7766582.125	3434161.75	48176596.9375	2119061.5	4578973.75	2592035.625	9466933.25	330666.75
Ae_tauschii	Ae_searsii	T_urartu	-8.408750244801592	1.0	0.07203314261936274	219697057.9375	11297195.5	54493759.3125	3434161.75	4578973.75	14132726.375	5893373.5625	2078121.625	5702478.0	48176596.9375	2592035.625	7766582.125	9466933.25	2119061.5	330666.75
Ae_searsii	Ae_tauschii	Ta_caputMedusae	109.85024912299306	0.0	0.5085329114419862	54514616.8125	3074794.875	3578146.875	1494116.0625	547700.125	13805020.25	844793.0625	1119673.0	1516663.3125	12078072.875	584104.125	2040075.25	544814.875	2415189.75	86868.75
Ae_searsii	Ta_caputMedusae	Ae_tauschii	-3.814466805485712	0.9999317377728012	0.9675307001911674	54514616.8125	3578146.875	3074794.875	1494116.0625	547700.125	13805020.25	1516663.3125	2040075.25	844793.0625	12078072.875	544814.875	1119673.0	584104.125	2415189.75	86868.75
Ae_tauschii	Ae_searsii	Ta_caputMedusae	-3.686457362174317	0.9998862699504931	-0.03597339239752017	54514616.8125	3074794.875	13805020.25	844793.0625	1119673.0	3578146.875	1494116.0625	547700.125	1516663.3125	12078072.875	584104.125	2040075.25	2415189.75	544814.875	86868.75
Ae_searsii	Ae_umbellulata	Ae_uniaristata	-99999.9	1.0	-0.6627833742467949	161066052.3125	9496529.4375	13298295.6875	4041660.8125	1247105.5	38870017.3125	3857842.8125	5148456.875	3784573.1875	35558050.3125	1561338.25	5736475.75	2331526.375	6563089.75	259063.625
Ae_searsii	Ae_uniaristata	Ae_umbellulata	4.935885726546434	3.995314645788284e-07	0.22178906320354708	161066052.3125	13298295.6875	9496529.4375	4041660.8125	1247105.5	38870017.3125	3784573.1875	5736475.75	3857842.8125	35558050.3125	2331526.375	5148456.875	1561338.25	6563089.75	259063.625
Ae_umbellulata	Ae_searsii	Ae_uniaristata	-12.383093846628885	1.0	0.5830899186192056	161066052.3125	9496529.4375	38870017.3125	3857842.8125	5148456.875	13298295.6875	4041660.8125	1247105.5	3784573.1875	35558050.3125	1561338.25	5736475.75	6563089.75	2331526.375	259063.625
Ae_searsii	Ae_umbellulata	Er_bonaepartis	72.7973534817839	0.0	0.657238220900309	39726907.75	2836953.0	3126817.0625	1036302.3125	420935.125	10198977.625	763440.5	1042744.625	1286647.0625	8265953.4375	629216.5	1458030.25	484366.0	1655256.125	73623.625
Ae_searsii	Er_bonaepartis	Ae_umbellulata	-66.78998094707305	1.0	0.6763695621032251	39726907.75	3126817.0625	2836953.0	1036302.3125	420935.125	10198977.625	1286647.0625	1458030.25	763440.5	8265953.4375	484366.0	1042744.625	629216.5	1655256.125	73623.625
Ae_umbellulata	Ae_searsii	Er_bonaepartis	-34.83219929616004	1.0	-11.118002181678914	39726907.75	2836953.0	10198977.625	763440.5	1042744.625	3126817.0625	1036302.3125	420935.125	1286647.0625	8265953.4375	629216.5	1458030.25	1655256.125	484366.0	73623.625
Ae_searsii	Ae_umbellulata	S_vavilovii	76.60009727246754	0.0	0.5861599321051352	40127794.3125	2379137.625	3255928.8125	1087571.875	380668.375	10357075.8125	782654.125	996666.375	1214537.3125	8596742.0	512718.75	1547191.25	561568.25	1791367.75	76007.375
Ae_searsii	S_vavilovii	Ae_umbellulata	-31.895699291829985	1.0	0.7728088934637712	40127794.3125	3255928.8125	2379137.625	1087571.875	380668.375	10357075.8125	1214537.3125	1547191.25	782654.125	8596742.0	561568.25	996666.375	512718.75	1791367.75	76007.375
Ae_umbellulata	Ae_searsii	S_vavilovii	-22.518970740766317	1.0	-0.7134801212543951	40127794.3125	2379137.625	10357075.8125	782654.125	996666.375	3255928.8125	1087571.875	380668.375	1214537.3125	8596742.0	512718.75	1547191.25	1791367.75	561568.25	76007.375
Ae_searsii	Ae_umbellulata	T_boeoticum	-183.96344938619137	1.0	0.33302433767799794	72289532.3125	91954415.75	4098701.875	3170467.0625	5584934.0	13203425.0	10165085.9375	19978401.25	6672637.1875	14644536.5	12853998.25	748715.125	750386.625	1128420.125	488046.0
Ae_searsii	T_boeoticum	Ae_umbellulata	-92.10956423015527	1.0	-359.25460647286144	72289532.3125	4098701.875	91954415.75	3170467.0625	5584934.0	13203425.0	6672637.1875	748715.125	10165085.9375	14644536.5	750386.625	19978401.25	12853998.25	1128420.125	488046.0
Ae_umbellulata	Ae_searsii	T_boeoticum	184.47551922766766	0.0	0.33364204281899923	72289532.3125	91954415.75	13203425.0	10165085.9375	19978401.25	4098701.875	3170467.0625	5584934.0	6672637.1875	14644536.5	12853998.25	748715.125	1128420.125	750386.625	488046.0
Ae_searsii	Ae_umbellulata	T_urartu	71.69903593749339	0.0	0.38663611990409874	162641710.9375	8347376.5	12272036.5	4624627.5625	1675034.25	41673174.375	2920981.9375	3643795.5	3994881.0625	35274430.0	1876212.25	5429689.125	2077919.625	7339789.125	256911.25
Ae_searsii	T_urartu	Ae_umbellulata	-99999.9	1.0	2.41786058339743	162641710.9375	12272036.5	8347376.5	4624627.5625	1675034.25	41673174.375	3994881.0625	5429689.125	2920981.9375	35274430.0	2077919.625	3643795.5	1876212.25	7339789.125	256911.25
Ae_umbellulata	Ae_searsii	T_urartu	-42.045119400773	1.0	0.26988455701589376	162641710.9375	8347376.5	41673174.375	2920981.9375	3643795.5	12272036.5	4624627.5625	1675034.25	3994881.0625	35274430.0	1876212.25	5429689.125	7339789.125	2077919.625	256911.25
Ae_searsii	Ae_umbellulata	Ta_caputMedusae	84.69650358124134	0.0	0.43833042218784024	40335678.3125	2301014.125	3123338.375	1170816.8125	435845.875	10555339.5625	731260.625	896537.125	1074293.0	8829697.3125	432022.25	1430889.75	542888.125	1885967.75	68560.0
Ae_searsii	Ta_caputMedusae	Ae_umbellulata	-99999.9	1.0	1.391563731178709	40335678.3125	3123338.375	2301014.125	1170816.8125	435845.875	10555339.5625	1074293.0	1430889.75	731260.625	8829697.3125	542888.125	896537.125	432022.25	1885967.75	68560.0
Ae_umbellulata	Ae_searsii	Ta_caputMedusae	-23.832238665756602	1.0	0.18005486587822714	40335678.3125	2301014.125	10555339.5625	731260.625	896537.125	3123338.375	1170816.8125	435845.875	1074293.0	8829697.3125	432022.25	1430889.75	1885967.75	542888.125	68560.0
Ae_searsii	Ae_uniaristata	Er_bonaepartis	78.39282123996838	0.0	0.6534403279754781	54202158.4375	4008540.375	3190446.0625	1342365.5	441088.625	13802699.4375	955732.375	1450817.625	1684731.4375	11392254.75	896344.0	1808379.625	451698.875	2235868.125	93274.75
Ae_searsii	Er_bonaepartis	Ae_uniaristata	-69.41731062772152	1.0	0.6804394977435327	54202158.4375	3190446.0625	4008540.375	1342365.5	441088.625	13802699.4375	1684731.4375	1808379.625	955732.375	11392254.75	451698.875	1450817.625	896344.0	2235868.125	93274.75
Ae_uniaristata	Ae_searsii	Er_bonaepartis	-36.81627743806828	1.0	-7.734079277116939	54202158.4375	4008540.375	13802699.4375	955732.375	1450817.625	3190446.0625	1342365.5	441088.625	1684731.4375	11392254.75	896344.0	1808379.625	2235868.125	451698.875	93274.75
Ae_searsii	Ae_uniaristata	S_vavilovii	87.6749815219509	0.0	0.5509205000395313	54799760.5	3354468.8125	3320324.4375	1430863.0	392940.5	14118552.0	951964.3125	1346739.875	1539466.3125	11893389.875	706428.5	1862120.5	532702.125	2449340.875	94200.375
Ae_searsii	S_vavilovii	Ae_uniaristata	-19.882688479199803	1.0	0.8439843647939406	54799760.5	3320324.4375	3354468.8125	1430863.0	392940.5	14118552.0	1539466.3125	1862120.5	951964.3125	11893389.875	532702.125	1346739.875	706428.5	2449340.875	94200.375
Ae_uniaristata	Ae_searsii	S_vavilovii	-16.207252769624876	1.0	-0.2932883309709175	54799760.5	3354468.8125	14118552.0	951964.3125	1346739.875	3320324.4375	1430863.0	392940.5	1539466.3125	11893389.875	706428.5	1862120.5	2449340.875	532702.125	94200.375
Ae_searsii	Ae_uniaristata	T_boeoticum	-166.32983900623913	1.0	0.2877066066343336	97329431.5	128162851.0	4935315.4375	2934664.0625	4934219.5	17846841.625	13966496.75	27464190.125	9510564.4375	20062684.6875	18265988.375	1081049.25	969243.125	1423626.375	628387.75
Ae_searsii	T_boeoticum	Ae_uniaristata	-99.14657715341804	1.0	-2.101886529009915	97329431.5	4935315.4375	128162851.0	2934664.0625	4934219.5	17846841.625	9510564.4375	1081049.25	13966496.75	20062684.6875	969243.125	27464190.125	18265988.375	1423626.375	628387.75
Ae_uniaristata	Ae_searsii	T_boeoticum	245.46343480723993	0.0	0.3734666099070413	97329431.5	128162851.0	17846841.625	13966496.75	27464190.125	4935315.4375	2934664.0625	4934219.5	9510564.4375	20062684.6875	18265988.375	1081049.25	1423626.375	969243.125	628387.75
Ae_searsii	Ae_uniaristata	T_urartu	62.61588060348748	0.0	0.5189339136263521	220818342.0625	13077723.5625	13450914.625	5599991.0	1464226.25	55206594.1875	4192256.8125	6129125.375	5710802.875	48241822.5	2740241.5	7743911.5	2035176.5	9447034.0	349752.25
Ae_searsii	T_urartu	Ae_uniaristata	-4.928901490110738	0.9999995859240545	0.9319904654160743	220818342.0625	13450914.625	13077723.5625	5599991.0	1464226.25	55206594.1875	5710802.875	7743911.5	4192256.8125	48241822.5	2035176.5	6129125.375	2740241.5	9447034.0	349752.25
Ae_uniaristata	Ae_searsii	T_urartu	-4.5692279646924305	0.9999975499321616	-0.08544218410923515	220818342.0625	13077723.5625	55206594.1875	4192256.8125	6129125.375	13450914.625	5599991.0	1464226.25	5710802.875	48241822.5	2740241.5	7743911.5	9447034.0	2035176.5	349752.25
Ae_searsii	Ae_uniaristata	Ta_caputMedusae	81.07761338052143	0.0	0.5082311610836994	54907504.0625	3443784.25	3284058.1875	1449798.375	417757.625	14131462.0	977900.5625	1373055.875	1465595.5	12101739.1875	651704.0	1891728.75	543620.0	2445756.875	88841.75
Ae_searsii	Ta_caputMedusae	Ae_uniaristata	-2.714132507816552	0.9966774697242882	0.9686248777755061	54907504.0625	3284058.1875	3443784.25	1449798.375	417757.625	14131462.0	1465595.5	1891728.75	977900.5625	12101739.1875	543620.0	1373055.875	651704.0	2445756.875	88841.75
Ae_uniaristata	Ae_searsii	Ta_caputMedusae	-2.6262179382860014	0.9956829857543863	-0.03463517033177022	54907504.0625	3443784.25	14131462.0	977900.5625	1373055.875	3284058.1875	1449798.375	417757.625	1465595.5	12101739.1875	651704.0	1891728.75	2445756.875	543620.0	88841.75
Ae_searsii	Er_bonaepartis	S_vavilovii	-99999.9	1.0	-0.6225378391512396	13546416.4375	771343.1875	958493.8125	388190.9375	120441.625	3756333.0	302424.5	337966.875	269517.5	2817289.25	145059.125	375902.25	207031.5	623491.625	24288.375
Ae_searsii	S_vavilovii	Er_bonaepartis	27.623383842251503	0.0	0.21709265748754686	13546416.4375	958493.8125	771343.1875	388190.9375	120441.625	3756333.0	269517.5	375902.25	302424.5	2817289.25	207031.5	337966.875	145059.125	623491.625	24288.375
Er_bonaepartis	Ae_searsii	S_vavilovii	-71.99560044504125	1.0	0.5804808748782496	13546416.4375	771343.1875	3756333.0	302424.5	337966.875	958493.8125	388190.9375	120441.625	269517.5	2817289.25	145059.125	375902.25	623491.625	207031.5	24288.375
Ae_searsii	Er_bonaepartis	T_boeoticum	-290.686740972915	1.0	0.3731872752637108	23999738.0	31447286.0625	1531175.3125	910737.25	1608790.875	4793839.875	3872143.9375	7468439.875	2109002.8125	4604680.75	4082113.375	290901.0	314325.75	370608.375	185205.75
Ae_searsii	T_boeoticum	Er_bonaepartis	-117.61974897046346	1.0	3.121291204733255	23999738.0	1531175.3125	31447286.0625	910737.25	1608790.875	4793839.875	2109002.8125	290901.0	3872143.9375	4604680.75	314325.75	7468439.875	4082113.375	370608.375	185205.75
Er_bonaepartis	Ae_searsii	T_boeoticum	197.55645548974516	0.0	0.2880673020572715	23999738.0	31447286.0625	4793839.875	3872143.9375	7468439.875	1531175.3125	910737.25	1608790.875	2109002.8125	4604680.75	4082113.375	290901.0	370608.375	314325.75	185205.75
Ae_searsii	Er_bonaepartis	T_urartu	-99999.9	1.0	1.560494842249762	54580815.1875	2926388.9375	3850773.1875	1498874.6875	512893.25	14684363.9375	1370718.3125	1419128.375	1013913.3125	11346736.8125	528618.25	1462572.875	803789.75	2453801.625	94401.5
Ae_searsii	T_urartu	Er_bonaepartis	68.62321030641326	0.0	0.4238765179946752	54580815.1875	3850773.1875	2926388.9375	1498874.6875	512893.25	14684363.9375	1013913.3125	1462572.875	1370718.3125	11346736.8125	803789.75	1419128.375	528618.25	2453801.625	94401.5
Er_bonaepartis	Ae_searsii	T_urartu	-24.647922180834215	1.0	0.790975917758049	54580815.1875	2926388.9375	14684363.9375	1370718.3125	1419128.375	3850773.1875	1498874.6875	512893.25	1013913.3125	11346736.8125	528618.25	1462572.875	2453801.625	803789.75	94401.5
Ae_searsii	Er_bonaepartis	Ta_caputMedusae	-99999.9	1.0	-0.9730892533473959	13632873.1875	718501.125	887889.5	409437.8125	157735.125	3822689.3125	288538.125	275360.5	228912.75	2871937.3125	125211.875	317515.0	208591.125	645818.875	22198.375
Ae_searsii	Ta_caputMedusae	Er_bonaepartis	52.14225397709188	0.0	0.24828343275452083	13632873.1875	887889.5	718501.125	409437.8125	157735.125	3822689.3125	228912.75	317515.0	288538.125	2871937.3125	208591.125	275360.5	125211.875	645818.875	22198.375
Er_bonaepartis	Ae_searsii	Ta_caputMedusae	-105.72650002412635	1.0	0.5989059043758018	13632873.1875	718501.125	3822689.3125	288538.125	275360.5	887889.5	409437.8125	157735.125	228912.75	2871937.3125	125211.875	317515.0	645818.875	208591.125	22198.375
Ae_searsii	S_vavilovii	T_boeoticum	-267.2756795576397	1.0	0.3520943628572823	24261231.125	31881980.8125	1245471.3125	815161.75	1404223.0	4874906.0625	3899253.0	7600146.25	2223251.0	4823230.9375	4317045.625	285709.5	275125.875	383289.625	191065.125
Ae_searsii	T_boeoticum	S_vavilovii	-122.02881843121769	1.0	6.25577543435316	24261231.125	1245471.3125	31881980.8125	815161.75	1404223.0	4874906.0625	2223251.0	285709.5	3899253.0	4823230.9375	275125.875	7600146.25	4317045.625	383289.625	191065.125
S_vavilovii	Ae_searsii	T_boeoticum	224.5510513540898	0.0	0.3134533997465151	24261231.125	31881980.8125	4874906.0625	3899253.0	7600146.25	1245471.3125	815161.75	1404223.0	2223251.0	4823230.9375	4317045.625	285709.5	383289.625	275125.875	191065.125
Ae_searsii	S_vavilovii	T_urartu	-99999.9	1.0	-1.982738996175227	55131888.625	3098569.875	3240531.9375	1592603.6875	462267.125	14953423.5625	1270770.4375	1504255.5	1056835.75	11793790.375	662715.625	1396908.125	672255.625	2674694.5	98486.25
Ae_searsii	T_urartu	S_vavilovii	44.73258442322287	0.0	0.28535939500011753	55131888.625	3240531.9375	3098569.875	1592603.6875	462267.125	14953423.5625	1056835.75	1396908.125	1270770.4375	11793790.375	672255.625	1504255.5	662715.625	2674694.5	98486.25
S_vavilovii	Ae_searsii	T_urartu	-67.29358943170536	1.0	0.6247285396861697	55131888.625	3098569.875	14953423.5625	1270770.4375	1504255.5	3240531.9375	1592603.6875	462267.125	1056835.75	11793790.375	662715.625	1396908.125	2674694.5	672255.625	98486.25
Ae_searsii	S_vavilovii	Ta_caputMedusae	-99999.9	1.0	-0.3562236949443759	13672451.9375	847888.125	831295.625	397072.8125	114108.0	3802694.625	303141.4375	365438.125	278469.5625	2948518.25	165421.625	370430.75	184921.0	663889.875	24384.25
Ae_searsii	Ta_caputMedusae	S_vavilovii	20.246214292138628	0.0	0.17219929139828005	13672451.9375	831295.625	847888.125	397072.8125	114108.0	3802694.625	278469.5625	370430.75	303141.4375	2948518.25	184921.0	365438.125	165421.625	663889.875	24384.25
S_vavilovii	Ae_searsii	Ta_caputMedusae	-77.08188968228937	1.0	0.5580420131543273	13672451.9375	847888.125	3802694.625	303141.4375	365438.125	831295.625	397072.8125	114108.0	278469.5625	2948518.25	165421.625	370430.75	663889.875	184921.0	24384.25
Ae_searsii	T_boeoticum	T_urartu	-112.72233476954948	1.0	13.437540830984814	98403654.0	4260697.375	127748958.25	3456482.875	5385535.75	19150212.8125	8943038.9375	1027686.625	14870723.6875	19779187.0625	993840.875	29380893.25	17494351.0	1583526.75	683452.75
Ae_searsii	T_urartu	T_boeoticum	-234.5077420790284	1.0	0.341812374216273	98403654.0	127748958.25	4260697.375	3456482.875	5385535.75	19150212.8125	14870723.6875	29380893.25	8943038.9375	19779187.0625	17494351.0	1027686.625	993840.875	1583526.75	683452.75
T_boeoticum	Ae_searsii	T_urartu	217.05605616204195	0.0	0.6753670194914996	98403654.0	4260697.375	19150212.8125	8943038.9375	1027686.625	127748958.25	3456482.875	5385535.75	14870723.6875	19779187.0625	993840.875	29380893.25	1583526.75	17494351.0	683452.75
Ae_searsii	T_boeoticum	Ta_caputMedusae	-117.5463485743273	1.0	8.294238745922247	24374341.75	1254469.3125	31869044.125	869097.5625	1485883.75	4878237.0625	2273296.875	270374.25	3870004.1875	4940362.375	255031.875	7578587.375	4414637.375	398845.25	180316.875
Ae_searsii	Ta_caputMedusae	T_boeoticum	-251.2076548116513	1.0	0.3472904280797935	24374341.75	31869044.125	1254469.3125	869097.5625	1485883.75	4878237.0625	3870004.1875	7578587.375	2273296.875	4940362.375	4414637.375	270374.25	255031.875	398845.25	180316.875
T_boeoticum	Ae_searsii	Ta_caputMedusae	220.92064927601317	0.0	0.6812337018852909	24374341.75	1254469.3125	4878237.0625	2273296.875	270374.25	31869044.125	869097.5625	1485883.75	3870004.1875	4940362.375	255031.875	7578587.375	398845.25	4414637.375	180316.875
Ae_searsii	T_urartu	Ta_caputMedusae	21.40167165396996	0.0	0.12473578516833468	55448927.875	3105128.75	2884985.5	1685470.375	544813.75	15201613.5	980538.375	1255931.25	1080999.75	12098916.375	540362.75	1362460.875	615314.625	2763065.125	86565.125
Ae_searsii	Ta_caputMedusae	T_urartu	-99999.9	1.0	-0.1993244667632588	55448927.875	2884985.5	3105128.75	1685470.375	544813.75	15201613.5	1080999.75	1362460.875	980538.375	12098916.375	615314.625	1255931.25	540362.75	2763065.125	86565.125
T_urartu	Ae_searsii	Ta_caputMedusae	-128.7726933930578	1.0	0.4616384704437262	55448927.875	3105128.75	15201613.5	980538.375	1255931.25	2884985.5	1685470.375	544813.75	1080999.75	12098916.375	540362.75	1362460.875	2763065.125	615314.625	86565.125
Ae_sharonensis	Ae_speltoides	Ae_tauschii	-37.08044058117626	1.0	0.36004464564188754	167816870.125	12289758.6875	12442125.5625	2329402.125	2246482.25	11460428.4375	3073198.875	2720933.875	2654732.125	37745854.8125	2197127.25	2770342.75	2519640.625	2211346.75	174602.75
Ae_sharonensis	Ae_tauschii	Ae_speltoides	-16.218650772908152	1.0	4.49303577803606	167816870.125	12442125.5625	12289758.6875	2329402.125	2246482.25	11460428.4375	2654732.125	2770342.75	3073198.875	37745854.8125	2519640.625	2720933.875	2197127.25	2211346.75	174602.75
Ae_speltoides	Ae_sharonensis	Ae_tauschii	28.827570492217287	0.0	0.30429507072009937	167816870.125	12289758.6875	11460428.4375	3073198.875	2720933.875	12442125.5625	2329402.125	2246482.25	2654732.125	37745854.8125	2197127.25	2770342.75	2211346.75	2519640.625	174602.75
Ae_sharonensis	Ae_speltoides	Ae_umbellulata	-9.102083597084553	1.0	0.14800457164033892	124958332.9375	10019195.6875	9367492.0625	1784025.0625	1729614.0	8759529.125	2285208.125	1978346.625	2198145.0	27832081.125	1908827.0	2206818.125	1961452.75	1673534.25	138195.125
Ae_sharonensis	Ae_umbellulata	Ae_speltoides	-7.520913160038063	0.9999999999999726	-0.26620183916823326	124958332.9375	9367492.0625	10019195.6875	1784025.0625	1729614.0	8759529.125	2198145.0	2206818.125	2285208.125	27832081.125	1961452.75	1978346.625	1908827.0	1673534.25	138195.125
Ae_speltoides	Ae_sharonensis	Ae_umbellulata	43.29449799033088	0.0	0.45244027114518365	124958332.9375	10019195.6875	8759529.125	2285208.125	1978346.625	9367492.0625	1784025.0625	1729614.0	2198145.0	27832081.125	1908827.0	2206818.125	1673534.25	1961452.75	138195.125
Ae_sharonensis	Ae_speltoides	Ae_uniaristata	-18.008987917909952	1.0	-2.7996527574943	168261624.875	12272856.25	13271067.0	2305082.125	2065116.5	12849224.125	2801044.625	2130788.125	3166478.75	37664319.75	2250304.625	3697933.75	2634084.0	2323456.625	184871.875
Ae_sharonensis	Ae_uniaristata	Ae_speltoides	-31.278335382520677	1.0	0.29786841012910703	168261624.875	13271067.0	12272856.25	2305082.125	2065116.5	12849224.125	3166478.75	3697933.75	2801044.625	37664319.75	2634084.0	2130788.125	2250304.625	2323456.625	184871.875
Ae_speltoides	Ae_sharonensis	Ae_uniaristata	42.450554972536864	0.0	0.6346121738416133	168261624.875	12272856.25	12849224.125	2801044.625	2130788.125	13271067.0	2305082.125	2065116.5	3166478.75	37664319.75	2250304.625	3697933.75	2323456.625	2634084.0	184871.875
Ae_sharonensis	Ae_speltoides	Er_bonaepartis	1.093734523480459	0.13703575657157674	0.9932150151133009	41960380.1875	3204238.875	3252155.9375	581276.625	520129.125	3298797.6875	577957.125	521869.375	1063879.6875	8931056.5	765672.5	884165.0	592655.0	599617.25	50911.125
Ae_sharonensis	Er_bonaepartis	Ae_speltoides	-159.01178809870407	1.0	0.5017136872346563	41960380.1875	3252155.9375	3204238.875	581276.625	520129.125	3298797.6875	1063879.6875	884165.0	577957.125	8931056.5	592655.0	521869.375	765672.5	599617.25	50911.125
Ae_speltoides	Ae_sharonensis	Er_bonaepartis	-1.0862628561184533	0.8613186021291981	1.006925962540182	41960380.1875	3204238.875	3298797.6875	577957.125	521869.375	3252155.9375	581276.625	520129.125	1063879.6875	8931056.5	765672.5	884165.0	599617.25	592655.0	50911.125
Ae_sharonensis	Ae_speltoides	S_vavilovii	14.39517375681622	0.0	0.8911546906953027	42472232.125	2712479.5	3332343.3125	620509.4375	504666.125	3496552.5625	578198.6875	437984.375	924611.625	9362366.75	564133.75	932963.375	660435.875	679767.625	50832.875
Ae_sharonensis	S_vavilovii	Ae_speltoides	-103.46315839096233	1.0	0.532520957910087	42472232.125	3332343.3125	2712479.5	620509.4375	504666.125	3496552.5625	924611.625	932963.375	578198.6875	9362366.75	660435.875	437984.375	564133.75	679767.625	50832.875
Ae_speltoides	Ae_sharonensis	S_vavilovii	-12.63695247782253	1.0	1.1616200682652198	42472232.125	2712479.5	3496552.5625	578198.6875	437984.375	3332343.3125	620509.4375	504666.125	924611.625	9362366.75	564133.75	932963.375	679767.625	660435.875	50832.875
Ae_sharonensis	Ae_speltoides	T_boeoticum	-13.586320948092672	1.0	1.04997399048677	72758247.875	102665742.5625	4684253.75	3377223.9375	6467338.625	4526392.125	3585302.6875	6700714.75	7957122.375	15449887.1875	15556306.0	514866.375	652599.25	520648.875	325951.625
Ae_sharonensis	T_boeoticum	Ae_speltoides	-299.04048386268715	1.0	0.4883777199474766	72758247.875	4684253.75	102665742.5625	3377223.9375	6467338.625	4526392.125	7957122.375	514866.375	3585302.6875	15449887.1875	652599.25	6700714.75	15556306.0	520648.875	325951.625
Ae_speltoides	Ae_sharonensis	T_boeoticum	14.232968084080698	0.0	0.9565414073936626	72758247.875	102665742.5625	4526392.125	3585302.6875	6700714.75	4684253.75	3377223.9375	6467338.625	7957122.375	15449887.1875	15556306.0	514866.375	520648.875	652599.25	325951.625
Ae_sharonensis	Ae_speltoides	T_urartu	-10.253423159359496	1.0	1.5208270125101802	171901837.0625	9556603.5	13080112.875	2366837.6875	1915145.875	12941950.5625	2523159.0	2042721.875	2979620.875	38143246.8125	2074831.0	3227736.625	2491295.0	2514339.375	177100.875
Ae_sharonensis	T_urartu	Ae_speltoides	-40.19365770344744	1.0	0.4269010828375932	171901837.0625	13080112.875	9556603.5	2366837.6875	1915145.875	12941950.5625	2979620.875	3227736.625	2523159.0	38143246.8125	2491295.0	2042721.875	2074831.0	2514339.375	177100.875
Ae_speltoides	Ae_sharonensis	T_urartu	13.764841425975895	0.0	0.7967489300868738	171901837.0625	9556603.5	12941950.5625	2523159.0	2042721.875	13080112.875	2366837.6875	1915145.875	2979620.875	38143246.8125	2074831.0	3227736.625	2514339.375	2491295.0	177100.875
Ae_sharonensis	Ae_speltoides	Ta_caputMedusae	1.438240147404932	0.0751830099007682	0.973331491463791	42774546.75	2539381.9375	3310784.4375	624145.625	498655.0	3350661.75	619669.1875	477572.375	783047.5625	9590477.5	479939.25	832332.25	689004.375	669741.625	46430.375
Ae_sharonensis	Ta_caputMedusae	Ae_speltoides	-51.053800262581895	1.0	0.5069449440849726	42774546.75	3310784.4375	2539381.9375	624145.625	498655.0	3350661.75	783047.5625	832332.25	619669.1875	9590477.5	689004.375	477572.375	479939.25	669741.625	46430.375
Ae_speltoides	Ae_sharonensis	Ta_caputMedusae	-1.3988335115521215	0.9190684879570556	1.0289876833813068	42774546.75	2539381.9375	3350661.75	619669.1875	477572.375	3310784.4375	624145.625	498655.0	783047.5625	9590477.5	479939.25	832332.25	669741.625	689004.375	46430.375
Ae_sharonensis	Ae_tauschii	Ae_umbellulata	-5.911672044988406	0.999999998301035	1.4895645517604377	126387004.875	9844281.75	9090642.5	1906396.25	1842474.125	8991831.3125	1975108.5625	1962076.0	2184174.8125	28696912.6875	1893134.375	2136201.75	1723729.625	1692011.875	131117.5
Ae_sharonensis	Ae_umbellulata	Ae_tauschii	-23.89871193213459	1.0	0.4294309903938845	126387004.875	9090642.5	9844281.75	1906396.25	1842474.125	8991831.3125	2184174.8125	2136201.75	1975108.5625	28696912.6875	1723729.625	1962076.0	1893134.375	1692011.875	131117.5
Ae_tauschii	Ae_sharonensis	Ae_umbellulata	7.8546191105848795	1.9984014443252818e-15	0.8016908453938362	126387004.875	9844281.75	8991831.3125	1975108.5625	1962076.0	9090642.5	1906396.25	1842474.125	2184174.8125	28696912.6875	1893134.375	2136201.75	1692011.875	1723729.625	131117.5
Ae_sharonensis	Ae_tauschii	Ae_uniaristata	13.078527425442402	0.0	0.8399735700711921	170308141.375	11953080.125	12809295.25	2561117.625	2314954.625	13204274.5625	2408492.6875	2123083.0	3209616.0625	38829186.5625	2284091.625	3677871.75	2363965.625	2441998.875	180831.25
Ae_sharonensis	Ae_uniaristata	Ae_tauschii	-55.57024126676732	1.0	0.5526430190908844	170308141.375	12809295.25	11953080.125	2561117.625	2314954.625	13204274.5625	3209616.0625	3677871.75	2408492.6875	38829186.5625	2363965.625	2123083.0	2284091.625	2441998.875	180831.25
Ae_tauschii	Ae_sharonensis	Ae_uniaristata	-10.586889441592305	1.0	1.307790066418149	170308141.375	11953080.125	13204274.5625	2408492.6875	2123083.0	12809295.25	2561117.625	2314954.625	3209616.0625	38829186.5625	2284091.625	3677871.75	2441998.875	2363965.625	180831.25
Ae_sharonensis	Ae_tauschii	Er_bonaepartis	3.82581339175174	6.519346735223142e-05	0.9811657828365999	42352374.0	3231289.6875	3232918.8125	585523.0	566292.0	3279032.1875	573978.875	552589.25	1175368.375	9074046.5625	830932.625	910449.625	571579.0	576614.5	50663.5
Ae_sharonensis	Er_bonaepartis	Ae_tauschii	-195.47937455093754	1.0	0.5048454445224331	42352374.0	3232918.8125	3231289.6875	585523.0	566292.0	3279032.1875	1175368.375	910449.625	573978.875	9074046.5625	571579.0	552589.25	830932.625	576614.5	50663.5
Ae_tauschii	Ae_sharonensis	Er_bonaepartis	-3.75237401839877	0.9999123889012947	1.0199621304640099	42352374.0	3231289.6875	3279032.1875	573978.875	552589.25	3232918.8125	585523.0	566292.0	1175368.375	9074046.5625	830932.625	910449.625	576614.5	571579.0	50663.5
Ae_sharonensis	Ae_tauschii	S_vavilovii	2.265902122436925	0.011728652729380729	0.9851559534940472	42677970.8125	2856066.9375	3442801.0	588430.5	483662.0	3459649.25	581549.25	480321.75	1038237.6875	9502048.6875	627651.125	972589.75	647265.25	655749.5	50066.5
Ae_sharonensis	S_vavilovii	Ae_tauschii	-148.11539485465957	1.0	0.5037955230065231	42677970.8125	3442801.0	2856066.9375	588430.5	483662.0	3459649.25	1038237.6875	972589.75	581549.25	9502048.6875	647265.25	480321.75	627651.125	655749.5	50066.5
Ae_tauschii	Ae_sharonensis	S_vavilovii	-2.2317601610915183	0.9871846329442739	1.015535893063386	42677970.8125	2856066.9375	3459649.25	581549.25	480321.75	3442801.0	588430.5	483662.0	1038237.6875	9502048.6875	627651.125	972589.75	655749.5	647265.25	50066.5
Ae_sharonensis	Ae_tauschii	T_boeoticum	-7.597189360851637	0.9999999999999847	1.025163319596113	73553384.625	103571241.6875	4646781.75	3441023.4375	6588340.75	4522412.0	3556171.4375	6771283.5	8247345.25	15929413.5625	16042095.125	524995.125	563746.125	506629.875	307848.75
Ae_sharonensis	T_boeoticum	Ae_tauschii	-317.109606235055	1.0	0.4939379808874616	73553384.625	4646781.75	103571241.6875	3441023.4375	6588340.75	4522412.0	8247345.25	524995.125	3556171.4375	15929413.5625	563746.125	6771283.5	16042095.125	506629.875	307848.75
Ae_tauschii	Ae_sharonensis	T_boeoticum	7.7836674568438085	3.552713678800501e-15	0.9766029246572768	73553384.625	103571241.6875	4522412.0	3556171.4375	6771283.5	4646781.75	3441023.4375	6588340.75	8247345.25	15929413.5625	16042095.125	524995.125	506629.875	563746.125	307848.75
Ae_sharonensis	Ae_tauschii	T_urartu	12.772736861048951	0.0	0.8559536433572822	173607982.5625	9507733.4375	12900839.5625	2464923.6875	2071609.5	13108200.875	2317580.875	2025744.5	3193122.75	38986092.125	2236000.625	3161661.75	2361934.125	2546903.75	174401.875
Ae_sharonensis	T_urartu	Ae_tauschii	-63.12554273914812	1.0	0.5459372237294404	173607982.5625	12900839.5625	9507733.4375	2464923.6875	2071609.5	13108200.875	3193122.75	3161661.75	2317580.875	38986092.125	2361934.125	2025744.5	2236000.625	2546903.75	174401.875
Ae_tauschii	Ae_sharonensis	T_urartu	-10.62324404275357	1.0	1.2536648482305217	173607982.5625	9507733.4375	13108200.875	2317580.875	2025744.5	12900839.5625	2464923.6875	2071609.5	3193122.75	38986092.125	2236000.625	3161661.75	2546903.75	2361934.125	174401.875
Ae_sharonensis	Ae_tauschii	Ta_caputMedusae	12.935313009187936	0.0	0.8752900579329094	43177488.5	2532211.0625	3269748.25	632343.9375	554696.0	3346601.125	594202.8125	501047.5	861900.375	9789389.1875	502381.875	845616.0	639479.25	659326.0	46464.125
Ae_sharonensis	Ta_caputMedusae	Ae_tauschii	-77.85256392769193	1.0	0.5383517528265233	43177488.5	3269748.25	2532211.0625	632343.9375	554696.0	3346601.125	861900.375	845616.0	594202.8125	9789389.1875	639479.25	501047.5	502381.875	659326.0	46464.125
Ae_tauschii	Ae_sharonensis	Ta_caputMedusae	-11.092310085328428	1.0	1.1992584840881002	43177488.5	2532211.0625	3346601.125	594202.8125	501047.5	3269748.25	632343.9375	554696.0	861900.375	9789389.1875	502381.875	845616.0	659326.0	639479.25	46464.125
Ae_sharonensis	Ae_umbellulata	Ae_uniaristata	-16.406890663655222	1.0	2.2445891668680513	126406744.1875	9359851.0625	10872326.125	1826673.25	1537401.125	9952143.75	2047163.5	1761708.25	2444812.8125	28582780.1875	1819559.25	2768993.375	2050703.75	1806091.375	137853.0
Ae_sharonensis	Ae_uniaristata	Ae_umbellulata	-45.99635683127558	1.0	0.3914684658266217	126406744.1875	10872326.125	9359851.0625	1826673.25	1537401.125	9952143.75	2444812.8125	2768993.375	2047163.5	28582780.1875	2050703.75	1761708.25	1819559.25	1806091.375	137853.0
Ae_umbellulata	Ae_sharonensis	Ae_uniaristata	25.5042518571365	0.0	0.7370827429295569	126406744.1875	9359851.0625	9952143.75	2047163.5	1761708.25	10872326.125	1826673.25	1537401.125	2444812.8125	28582780.1875	1819559.25	2768993.375	1806091.375	2050703.75	137853.0
Ae_sharonensis	Ae_umbellulata	Er_bonaepartis	-2.074365690364363	0.9809773843856657	1.0125597790992806	31555552.75	2437308.125	2631621.875	441889.125	404680.375	2534796.1875	446709.1875	414675.25	835298.9375	6743470.3125	597599.625	634976.5	454957.375	455209.125	37884.25
Ae_sharonensis	Er_bonaepartis	Ae_umbellulata	-169.30814015433896	1.0	0.49691811688193877	31555552.75	2631621.875	2437308.125	441889.125	404680.375	2534796.1875	835298.9375	634976.5	446709.1875	6743470.3125	454957.375	414675.25	597599.625	455209.125	37884.25
Ae_umbellulata	Ae_sharonensis	Er_bonaepartis	2.100096096983199	0.01786013184583879	0.9878962810110617	31555552.75	2437308.125	2534796.1875	446709.1875	414675.25	2631621.875	441889.125	404680.375	835298.9375	6743470.3125	597599.625	634976.5	455209.125	454957.375	37884.25
Ae_sharonensis	Ae_umbellulata	S_vavilovii	-5.640208818176127	0.9999999914843928	1.049145527393999	31846828.625	2129848.75	2759109.5	452575.75	371033.375	2657392.125	466148.0	361243.75	755884.75	7028911.0	480670.625	691056.75	538479.125	502172.0	38198.875
Ae_sharonensis	S_vavilovii	Ae_umbellulata	-126.04587275007356	1.0	0.4885571644346157	31846828.625	2759109.5	2129848.75	452575.75	371033.375	2657392.125	755884.75	691056.75	466148.0	7028911.0	538479.125	361243.75	480670.625	502172.0	38198.875
Ae_umbellulata	Ae_sharonensis	S_vavilovii	5.904415288817118	1.775428026817849e-09	0.9571692866018422	31846828.625	2129848.75	2657392.125	466148.0	361243.75	2759109.5	452575.75	371033.375	755884.75	7028911.0	480670.625	691056.75	502172.0	538479.125	38198.875
Ae_sharonensis	Ae_umbellulata	T_boeoticum	3.503807551049164	0.00022937237285436396	0.9878165168153229	54972587.125	76954751.5	3629082.9375	2817055.8125	5399125.375	3520903.875	2776702.875	5287977.125	6048451.8125	11809656.5625	11789852.25	391619.5	447906.75	399753.375	246623.125
Ae_sharonensis	T_boeoticum	Ae_umbellulata	-280.5790707363024	1.0	0.5031025709781821	54972587.125	3629082.9375	76954751.5	2817055.8125	5399125.375	3520903.875	6048451.8125	391619.5	2776702.875	11809656.5625	447906.75	5287977.125	11789852.25	399753.375	246623.125
Ae_umbellulata	Ae_sharonensis	T_boeoticum	-3.4605924603376033	0.9997304587646243	1.0126456887950568	54972587.125	76954751.5	3520903.875	2776702.875	5287977.125	3629082.9375	2817055.8125	5399125.375	6048451.8125	11809656.5625	11789852.25	391619.5	399753.375	447906.75	246623.125
Ae_sharonensis	Ae_umbellulata	T_urartu	3.655817991693758	0.000128214910322777	0.9303372310165405	129407993.875	7120977.75	10488839.25	1895991.75	1549898.125	10092301.3125	1862471.5625	1580178.25	2310129.3125	28862858.9375	1690791.625	2265581.25	1953905.125	1948443.625	132422.25
Ae_sharonensis	T_urartu	Ae_umbellulata	-45.16715641950668	1.0	0.5194478822371177	129407993.875	10488839.25	7120977.75	1895991.75	1549898.125	10092301.3125	2310129.3125	2265581.25	1862471.5625	28862858.9375	1953905.125	1580178.25	1690791.625	1948443.625	132422.25
Ae_umbellulata	Ae_sharonensis	T_urartu	-3.3820738097881646	0.9996402430915245	1.0880679383068101	129407993.875	7120977.75	10092301.3125	1862471.5625	1580178.25	10488839.25	1895991.75	1549898.125	2310129.3125	28862858.9375	1690791.625	2265581.25	1948443.625	1953905.125	132422.25
Ae_sharonensis	Ae_umbellulata	Ta_caputMedusae	0.43741221749693787	0.3309062445304817	0.9930277822047819	32162009.8125	1918580.0	2670963.0625	476508.5	404480.625	2567472.0625	475466.75	387454.625	623839.4375	7244049.0	377114.25	601699.125	518801.375	503572.875	34895.5
Ae_sharonensis	Ta_caputMedusae	Ae_umbellulata	-61.86162906434336	1.0	0.5017614765459842	32162009.8125	2670963.0625	1918580.0	476508.5	404480.625	2567472.0625	623839.4375	601699.125	475466.75	7244049.0	518801.375	387454.625	377114.25	503572.875	34895.5
Ae_umbellulata	Ae_sharonensis	Ta_caputMedusae	-0.43434107155185	0.6679795750637095	1.0071211688150226	32162009.8125	1918580.0	2567472.0625	475466.75	387454.625	2670963.0625	476508.5	404480.625	623839.4375	7244049.0	377114.25	601699.125	503572.875	518801.375	34895.5
Ae_sharonensis	Ae_uniaristata	Er_bonaepartis	3.5515621520186356	0.00019151633601866003	0.9725756656601531	42609940.9375	3282525.0	3078318.8125	625059.75	553811.0	3765107.25	614029.3125	679068.75	1005212.375	9156248.1875	780471.0	639149.125	514482.25	660283.875	48989.375
Ae_sharonensis	Er_bonaepartis	Ae_uniaristata	-122.40091790924275	1.0	0.5071502185616168	42609940.9375	3078318.8125	3282525.0	625059.75	553811.0	3765107.25	1005212.375	639149.125	614029.3125	9156248.1875	514482.25	679068.75	780471.0	660283.875	48989.375
Ae_uniaristata	Ae_sharonensis	Er_bonaepartis	-3.4514164961846556	0.9997211260038927	1.029882889388761	42609940.9375	3282525.0	3765107.25	614029.3125	679068.75	3078318.8125	625059.75	553811.0	1005212.375	9156248.1875	780471.0	639149.125	660283.875	514482.25	48989.375
Ae_sharonensis	Ae_uniaristata	S_vavilovii	8.62563645355008	0.0	0.9038395857358674	43044068.625	2845368.0625	3212416.125	655264.5625	517149.375	3961287.9375	628904.625	596191.5	876669.3125	9577722.25	609223.5	686294.75	614752.375	747014.375	49403.625
Ae_sharonensis	S_vavilovii	Ae_uniaristata	-72.44921891750116	1.0	0.5280921298288958	43044068.625	3212416.125	2845368.0625	655264.5625	517149.375	3961287.9375	876669.3125	686294.75	628904.625	9577722.25	614752.375	596191.5	609223.5	747014.375	49403.625
Ae_uniaristata	Ae_sharonensis	S_vavilovii	-7.70794620435627	0.9999999999999936	1.1351481085917114	43044068.625	2845368.0625	3961287.9375	628904.625	596191.5	3212416.125	655264.5625	517149.375	876669.3125	9577722.25	609223.5	686294.75	747014.375	614752.375	49403.625
Ae_sharonensis	Ae_uniaristata	T_boeoticum	-57.71003785355948	1.0	1.395417995737194	73440835.5	105291391.25	4988708.75	3317592.75	6314632.5	5411540.625	4412555.25	8423357.125	8276644.375	15897087.25	16145242.125	534511.0	654804.75	565819.375	342071.375
Ae_sharonensis	T_boeoticum	Ae_uniaristata	-261.36699384362987	1.0	0.43794939177412534	73440835.5	4988708.75	105291391.25	3317592.75	6314632.5	5411540.625	8276644.375	534511.0	4412555.25	15897087.25	654804.75	8423357.125	16145242.125	565819.375	342071.375
Ae_uniaristata	Ae_sharonensis	T_boeoticum	74.06326503830464	0.0	0.8191344655972371	73440835.5	105291391.25	5411540.625	4412555.25	8423357.125	4988708.75	3317592.75	6314632.5	8276644.375	15897087.25	16145242.125	534511.0	565819.375	654804.75	342071.375
Ae_sharonensis	Ae_uniaristata	T_urartu	-5.671376720182062	0.999999992897281	-0.18969619955851505	173713452.4375	10689689.5625	13277079.6875	2354815.1875	1672782.375	14408032.875	2883493.5	3046046.125	2967790.875	38901390.75	2380640.625	2656354.625	2432297.375	2691770.5	181024.5
Ae_sharonensis	T_urartu	Ae_uniaristata	-6.575673641095492	0.9999999999756586	0.12089578607520063	173713452.4375	13277079.6875	10689689.5625	2354815.1875	1672782.375	14408032.875	2967790.875	2656354.625	2883493.5	38901390.75	2432297.375	3046046.125	2380640.625	2691770.5	181024.5
Ae_uniaristata	Ae_sharonensis	T_urartu	41.23990864632606	0.0	0.5369189680060683	173713452.4375	10689689.5625	14408032.875	2883493.5	3046046.125	13277079.6875	2354815.1875	1672782.375	2967790.875	38901390.75	2380640.625	2656354.625	2691770.5	2432297.375	181024.5
Ae_sharonensis	Ae_uniaristata	Ta_caputMedusae	-12.27483018397571	1.0	-171.73497805358096	43321304.5625	2729439.9375	3243713.25	628010.375	501443.125	3739290.875	699339.125	697946.25	770254.9375	9787404.0625	532174.0	651932.875	642353.0	695536.625	46943.0
Ae_sharonensis	Ta_caputMedusae	Ae_uniaristata	-24.4785987316674	1.0	0.3326875949622438	43321304.5625	3243713.25	2729439.9375	628010.375	501443.125	3739290.875	770254.9375	651932.875	699339.125	9787404.0625	642353.0	697946.25	532174.0	695536.625	46943.0
Ae_uniaristata	Ae_sharonensis	Ta_caputMedusae	24.621135790856485	0.0	0.6660221768110657	43321304.5625	2729439.9375	3739290.875	699339.125	697946.25	3243713.25	628010.375	501443.125	770254.9375	9787404.0625	532174.0	651932.875	695536.625	642353.0	46943.0
Ae_sharonensis	Er_bonaepartis	S_vavilovii	-27.965584094330296	1.0	0.636941893319031	10780202.75	677364.8125	814879.5	179107.5625	133046.125	1041737.625	199626.8125	138085.75	163628.25	2302939.9375	136594.0	167625.875	201900.25	189049.375	13290.375
Ae_sharonensis	S_vavilovii	Er_bonaepartis	21.096678262664017	0.0	0.6993016417247215	10780202.75	814879.5	677364.8125	179107.5625	133046.125	1041737.625	163628.25	167625.875	199626.8125	2302939.9375	201900.25	138085.75	136594.0	189049.375	13290.375
Er_bonaepartis	Ae_sharonensis	S_vavilovii	-99999.9	1.0	-3.0713302496310715	10780202.75	677364.8125	1041737.625	199626.8125	138085.75	814879.5	179107.5625	133046.125	163628.25	2302939.9375	136594.0	167625.875	189049.375	201900.25	13290.375
Ae_sharonensis	Er_bonaepartis	T_boeoticum	-65.04773825311898	1.0	2.2198951899271737	18277047.375	26273363.875	1314007.25	832643.125	1593551.875	1407079.0625	1215409.5625	2211832.625	1911945.9375	3710949.5625	3746475.25	159005.875	214755.75	154387.625	102575.25
Ae_sharonensis	T_boeoticum	Er_bonaepartis	-183.41787566825298	1.0	0.39222942026669294	18277047.375	1314007.25	26273363.875	832643.125	1593551.875	1407079.0625	1911945.9375	159005.875	1215409.5625	3710949.5625	214755.75	2211832.625	3746475.25	154387.625	102575.25
Er_bonaepartis	Ae_sharonensis	T_boeoticum	100.79331010294352	0.0	0.7382022517059298	18277047.375	26273363.875	1407079.0625	1215409.5625	2211832.625	1314007.25	832643.125	1593551.875	1911945.9375	3710949.5625	3746475.25	159005.875	154387.625	214755.75	102575.25
Ae_sharonensis	Er_bonaepartis	T_urartu	-109.16323602617824	1.0	0.5444401397643648	43523472.25	2446847.25	3308889.0625	638584.3125	505173.875	3764295.6875	957614.5625	659083.5	576341.125	9279368.75	493794.625	596144.625	779520.625	710299.75	49389.0
Ae_sharonensis	T_urartu	Er_bonaepartis	21.297879333022998	0.0	0.859659854915247	43523472.25	3308889.0625	2446847.25	638584.3125	505173.875	3764295.6875	576341.125	596144.625	957614.5625	9279368.75	779520.625	659083.5	493794.625	710299.75	49389.0
Er_bonaepartis	Ae_sharonensis	T_urartu	-99999.9	1.0	-0.24239222527030543	43523472.25	2446847.25	3764295.6875	957614.5625	659083.5	3308889.0625	638584.3125	505173.875	576341.125	9279368.75	493794.625	596144.625	710299.75	779520.625	49389.0
Ae_sharonensis	Er_bonaepartis	Ta_caputMedusae	-33.06105811295368	1.0	0.760877859032934	10907822.625	585902.25	767424.0625	187198.9375	163315.875	1004497.0	212818.125	132261.75	131298.8125	2355167.4375	110902.875	132038.25	205794.0	190097.5	12504.5
Ae_sharonensis	Ta_caputMedusae	Er_bonaepartis	72.1380130086629	0.0	0.5932152975084038	10907822.625	767424.0625	585902.25	187198.9375	163315.875	1004497.0	131298.8125	132038.25	212818.125	2355167.4375	205794.0	132261.75	110902.875	190097.5	12504.5
Er_bonaepartis	Ae_sharonensis	Ta_caputMedusae	-99999.9	1.0	1.8460500108360252	10907822.625	585902.25	1004497.0	212818.125	132261.75	767424.0625	187198.9375	163315.875	131298.8125	2355167.4375	110902.875	132038.25	190097.5	205794.0	12504.5
Ae_sharonensis	S_vavilovii	T_boeoticum	-77.47893977860102	1.0	2.438482244402387	18473517.75	26661828.3125	1140963.9375	770298.625	1455457.375	1474911.375	1241204.9375	2315143.125	2039474.5625	3907706.75	4013854.375	144996.625	189991.625	165982.75	105077.875
Ae_sharonensis	T_boeoticum	S_vavilovii	-208.81946879829096	1.0	0.386113975370996	18473517.75	1140963.9375	26661828.3125	770298.625	1455457.375	1474911.375	2039474.5625	144996.625	1241204.9375	3907706.75	189991.625	2315143.125	4013854.375	165982.75	105077.875
S_vavilovii	Ae_sharonensis	T_boeoticum	123.18445165693478	0.0	0.729376980599624	18473517.75	26661828.3125	1474911.375	1241204.9375	2315143.125	1140963.9375	770298.625	1455457.375	2039474.5625	3907706.75	4013854.375	144996.625	165982.75	189991.625	105077.875
Ae_sharonensis	S_vavilovii	T_urartu	-61.36820001104198	1.0	0.5676522581809101	43926060.3125	2603738.0	2887333.375	654462.8125	452797.75	3940005.0625	832250.5	705497.875	598823.625	9674348.4375	599397.875	518786.625	610568.375	778578.125	49566.25
Ae_sharonensis	T_urartu	S_vavilovii	19.205361377749337	0.0	0.80752085866185	43926060.3125	2887333.375	2603738.0	654462.8125	452797.75	3940005.0625	598823.625	518786.625	832250.5	9674348.4375	610568.375	705497.875	599397.875	778578.125	49566.25
S_vavilovii	Ae_sharonensis	T_urartu	-99999.9	1.0	-0.45550446792224225	43926060.3125	2603738.0	3940005.0625	832250.5	705497.875	2887333.375	654462.8125	452797.75	598823.625	9674348.4375	599397.875	518786.625	778578.125	610568.375	49566.25
Ae_sharonensis	S_vavilovii	Ta_caputMedusae	-49.520401924790406	1.0	0.5351531122189315	10929056.1875	695151.9375	737175.25	167409.875	121111.75	1013263.8125	205314.1875	177055.125	161677.0	2428180.625	152265.5	144391.75	176842.5	190715.25	12922.25
Ae_sharonensis	Ta_caputMedusae	S_vavilovii	7.489761862441967	3.4861002973229915e-14	0.8838795271932256	10929056.1875	737175.25	695151.9375	167409.875	121111.75	1013263.8125	161677.0	144391.75	205314.1875	2428180.625	176842.5	177055.125	152265.5	190715.25	12922.25
S_vavilovii	Ae_sharonensis	Ta_caputMedusae	-99999.9	1.0	-0.17819766368848144	10929056.1875	695151.9375	1013263.8125	205314.1875	177055.125	737175.25	167409.875	121111.75	161677.0	2428180.625	152265.5	144391.75	190715.25	176842.5	12922.25
Ae_sharonensis	T_boeoticum	T_urartu	-283.3182999614171	1.0	0.433606881460777	75025074.1875	3715147.875	107153103.125	2940535.3125	5174840.75	5313518.625	8217046.3125	530665.0	4177570.1875	16031256.75	610282.0	8049891.625	16208734.875	600821.125	340208.25
Ae_sharonensis	T_urartu	T_boeoticum	-66.42165964933727	1.0	1.4414133124110986	75025074.1875	107153103.125	3715147.875	2940535.3125	5174840.75	5313518.625	4177570.1875	8049891.625	8217046.3125	16031256.75	16208734.875	530665.0	610282.0	600821.125	340208.25
T_boeoticum	Ae_sharonensis	T_urartu	86.76239367004163	0.0	0.18991727374607614	75025074.1875	3715147.875	5313518.625	8217046.3125	530665.0	107153103.125	2940535.3125	5174840.75	4177570.1875	16031256.75	610282.0	8049891.625	600821.125	16208734.875	340208.25
Ae_sharonensis	T_boeoticum	Ta_caputMedusae	-268.1957299177828	1.0	0.4180767592900671	18617595.875	1059422.0	26824200.875	737342.0	1391841.75	1378636.0625	2101205.9375	135264.625	1121351.9375	4023132.5625	156765.125	2117226.5	4131122.0	152579.0	93981.75
Ae_sharonensis	Ta_caputMedusae	T_boeoticum	-75.51326980041559	1.0	1.644480597639588	18617595.875	26824200.875	1059422.0	737342.0	1391841.75	1378636.0625	1121351.9375	2117226.5	2101205.9375	4023132.5625	4131122.0	135264.625	156765.125	152579.0	93981.75
T_boeoticum	Ae_sharonensis	Ta_caputMedusae	105.10731750188766	0.0	0.21970117123010377	18617595.875	1059422.0	1378636.0625	2101205.9375	135264.625	26824200.875	737342.0	1391841.75	1121351.9375	4023132.5625	156765.125	2117226.5	152579.0	4131122.0	93981.75
Ae_sharonensis	T_urartu	Ta_caputMedusae	17.483623275878053	0.0	0.44084619969943495	44375929.375	2612107.1875	2472582.5625	686857.25	500507.375	3827706.5625	620257.0	538080.625	672765.75	9949171.8125	495791.625	592782.5	594518.0	785127.75	44599.625
Ae_sharonensis	Ta_caputMedusae	T_urartu	-99999.9	1.0	1.3668013717796041	44375929.375	2472582.5625	2612107.1875	686857.25	500507.375	3827706.5625	672765.75	592782.5	620257.0	9949171.8125	594518.0	538080.625	495791.625	785127.75	44599.625
T_urartu	Ae_sharonensis	Ta_caputMedusae	-4.69198899977688	0.9999986456368474	0.17463371410336248	44375929.375	2612107.1875	3827706.5625	620257.0	538080.625	2472582.5625	686857.25	500507.375	672765.75	9949171.8125	495791.625	592782.5	785127.75	594518.0	44599.625
Ae_speltoides	Ae_tauschii	Ae_umbellulata	19.615194558895055	0.0	0.27020633297838326	249277806.8125	20086309.6875	18922083.0625	4660945.9375	4149883.75	19800295.75	3746305.25	3820153.0	4084951.25	55949021.375	3806032.625	3970829.625	3302607.25	3864068.875	274678.75
Ae_speltoides	Ae_umbellulata	Ae_tauschii	-99999.9	1.0	-1.4267869081854516	249277806.8125	18922083.0625	20086309.6875	4660945.9375	4149883.75	19800295.75	4084951.25	3970829.625	3746305.25	55949021.375	3302607.25	3820153.0	3806032.625	3864068.875	274678.75
Ae_tauschii	Ae_speltoides	Ae_umbellulata	-33.36300402249689	1.0	0.3864088409279835	249277806.8125	20086309.6875	19800295.75	3746305.25	3820153.0	18922083.0625	4660945.9375	4149883.75	4084951.25	55949021.375	3806032.625	3970829.625	3864068.875	3302607.25	274678.75
Ae_speltoides	Ae_tauschii	Ae_uniaristata	43.02360467217016	0.0	0.4415442404410982	336258526.8125	23894075.9375	26921388.875	6008548.625	4869320.25	28320244.4375	4653790.9375	4277080.125	5724933.0	75866841.75	4425813.75	6489990.375	4539078.875	5377748.125	363612.125
Ae_speltoides	Ae_uniaristata	Ae_tauschii	-99999.9	1.0	1.3601347351592878	336258526.8125	26921388.875	23894075.9375	6008548.625	4869320.25	28320244.4375	5724933.0	6489990.375	4653790.9375	75866841.75	4539078.875	4277080.125	4425813.75	5377748.125	363612.125
Ae_tauschii	Ae_speltoides	Ae_uniaristata	-11.391735005131943	1.0	0.17310805958333747	336258526.8125	23894075.9375	28320244.4375	4653790.9375	4277080.125	26921388.875	6008548.625	4869320.25	5724933.0	75866841.75	4425813.75	6489990.375	5377748.125	4539078.875	363612.125
Ae_speltoides	Ae_tauschii	Er_bonaepartis	4.449702391881698	4.303194105159669e-06	0.9677630542221588	83871686.625	6341288.125	6964554.0625	1221079.1875	1173247.0	6884476.1875	1193858.3125	1121897.25	2011037.375	17980406.375	1534886.5	1599017.0	1172126.125	1167881.125	101226.75
Ae_speltoides	Er_bonaepartis	Ae_tauschii	-129.13173571405338	1.0	0.5084687462131813	83871686.625	6964554.0625	6341288.125	1221079.1875	1173247.0	6884476.1875	2011037.375	1599017.0	1193858.3125	17980406.375	1172126.125	1121897.25	1534886.5	1167881.125	101226.75
Ae_tauschii	Ae_speltoides	Er_bonaepartis	-4.301479317949706	0.9999915108321042	1.0356884009132568	83871686.625	6341288.125	6884476.1875	1193858.3125	1121897.25	6964554.0625	1221079.1875	1173247.0	2011037.375	17980406.375	1534886.5	1599017.0	1167881.125	1172126.125	101226.75
Ae_speltoides	Ae_tauschii	S_vavilovii	-9.542716268108203	1.0	1.170764959680523	84764115.1875	5392402.25	7437980.9375	1212811.0	957189.875	7038647.1875	1278123.25	1079103.375	1725904.1875	18838240.625	1134518.0	1673210.5	1351582.25	1336538.25	100586.125
Ae_speltoides	S_vavilovii	Ae_tauschii	-74.96760113779182	1.0	0.46601414883557196	84764115.1875	7437980.9375	5392402.25	1212811.0	957189.875	7038647.1875	1725904.1875	1673210.5	1278123.25	18838240.625	1351582.25	1079103.375	1134518.0	1336538.25	100586.125
Ae_tauschii	Ae_speltoides	S_vavilovii	10.934593899303147	0.0	0.8870822337315942	84764115.1875	5392402.25	7038647.1875	1278123.25	1079103.375	7437980.9375	1212811.0	957189.875	1725904.1875	18838240.625	1134518.0	1673210.5	1336538.25	1351582.25	100586.125
Ae_speltoides	Ae_tauschii	T_boeoticum	9.78112059047392	0.0	0.9662915779918865	145096199.25	205732845.4375	10116623.8125	7781798.125	14601783.375	10055992.5625	7481077.375	14285559.125	16101591.5	30954085.9375	31547667.375	1064936.375	1180786.375	1343675.625	693646.75
Ae_speltoides	T_boeoticum	Ae_tauschii	-270.6062095439074	1.0	0.5088758940768932	145096199.25	10116623.8125	205732845.4375	7781798.125	14601783.375	10055992.5625	16101591.5	1064936.375	7481077.375	30954085.9375	1180786.375	14285559.125	31547667.375	1343675.625	693646.75
Ae_tauschii	Ae_speltoides	T_boeoticum	-9.439912876275347	1.0	1.03750068917726	145096199.25	205732845.4375	10055992.5625	7481077.375	14285559.125	10116623.8125	7781798.125	14601783.375	16101591.5	30954085.9375	31547667.375	1064936.375	1343675.625	1180786.375	693646.75
Ae_speltoides	Ae_tauschii	T_urartu	22.570270925128302	0.0	0.46125268581317913	343598396.9375	18673431.4375	27338705.875	5471633.375	4579068.875	27762016.75	4821988.125	4168892.5	5378186.9375	77020026.1875	3954048.75	5749728.25	4845687.875	5184931.0	352520.125
Ae_speltoides	T_urartu	Ae_tauschii	-99999.9	1.0	1.2019361597009632	343598396.9375	27338705.875	18673431.4375	5471633.375	4579068.875	27762016.75	5378186.9375	5749728.25	4821988.125	77020026.1875	4845687.875	4168892.5	3954048.75	5184931.0	352520.125
Ae_tauschii	Ae_speltoides	T_urartu	-3.792009914374038	0.9999252586804337	0.1257535766742109	343598396.9375	18673431.4375	27762016.75	4821988.125	4168892.5	27338705.875	5471633.375	4579068.875	5378186.9375	77020026.1875	3954048.75	5749728.25	5184931.0	4845687.875	352520.125
Ae_speltoides	Ae_tauschii	Ta_caputMedusae	14.394231085224492	0.0	0.6615561840291485	85543035.5625	4883566.4375	6998838.75	1341873.5	1152146.5	6994795.0	1260161.0	1071699.75	1419884.4375	19342076.4375	886213.125	1508987.75	1280135.25	1370680.5	92471.0
Ae_speltoides	Ta_caputMedusae	Ae_tauschii	-13.742174839222955	1.0	0.671856720341768	85543035.5625	6998838.75	4883566.4375	1341873.5	1152146.5	6994795.0	1419884.4375	1508987.75	1260161.0	19342076.4375	1280135.25	1071699.75	886213.125	1370680.5	92471.0
Ae_tauschii	Ae_speltoides	Ta_caputMedusae	-7.030323658980888	0.9999999999989629	-21.0751371886872	85543035.5625	4883566.4375	6994795.0	1260161.0	1071699.75	6998838.75	1341873.5	1152146.5	1419884.4375	19342076.4375	886213.125	1508987.75	1370680.5	1280135.25	92471.0
Ae_speltoides	Ae_umbellulata	Ae_uniaristata	16.104062239202975	0.0	0.6231004155487969	249796509.375	18680689.875	22437204.125	4248277.75	3184388.875	21106978.3125	3964054.6875	3532697.5	4433939.8125	55769643.0625	3395741.125	5078790.875	4013290.25	3978373.0	282102.375
Ae_speltoides	Ae_uniaristata	Ae_umbellulata	-10.519601694738562	1.0	0.7167830691059139	249796509.375	22437204.125	18680689.875	4248277.75	3184388.875	21106978.3125	4433939.8125	5078790.875	3964054.6875	55769643.0625	4013290.25	3532697.5	3395741.125	3978373.0	282102.375
Ae_umbellulata	Ae_speltoides	Ae_uniaristata	-6.36307312336986	0.9999999999006731	-1.883727463195381	249796509.375	18680689.875	21106978.3125	3964054.6875	3532697.5	22437204.125	4248277.75	3184388.875	4433939.8125	55769643.0625	3395741.125	5078790.875	3978373.0	4013290.25	282102.375
Ae_speltoides	Ae_umbellulata	Er_bonaepartis	-2.7789041662554856	0.9972728108324818	1.0265150054142442	62573152.625	4764374.5	5532617.5	919491.75	836044.625	5249189.5625	932767.9375	844033.875	1446748.8125	13338736.8125	1079159.75	1153100.0	943298.125	927928.0	76026.125
Ae_speltoides	Er_bonaepartis	Ae_umbellulata	-110.36277151621066	1.0	0.4936248060976937	62573152.625	5532617.5	4764374.5	919491.75	836044.625	5249189.5625	1446748.8125	1153100.0	932767.9375	13338736.8125	943298.125	844033.875	1079159.75	927928.0	76026.125
Ae_umbellulata	Ae_speltoides	Er_bonaepartis	2.850683593370822	0.0021813321168735467	0.975438721854761	62573152.625	4764374.5	5249189.5625	932767.9375	844033.875	5532617.5	919491.75	836044.625	1446748.8125	13338736.8125	1079159.75	1153100.0	927928.0	943298.125	76026.125
Ae_speltoides	Ae_umbellulata	S_vavilovii	-15.644301185495442	1.0	1.5996668336344455	63256777.75	4046580.125	5882236.0625	922178.3125	704119.5	5387631.4375	1016380.6875	790077.5	1267674.25	13907081.875	856058.25	1201294.25	1143481.875	1040115.125	76261.0
Ae_speltoides	S_vavilovii	Ae_umbellulata	-57.37692393227994	1.0	0.421075710112192	63256777.75	5882236.0625	4046580.125	922178.3125	704119.5	5387631.4375	1267674.25	1201294.25	1016380.6875	13907081.875	1143481.875	790077.5	856058.25	1040115.125	76261.0
Ae_umbellulata	Ae_speltoides	S_vavilovii	21.508877707979916	0.0	0.7857567965990316	63256777.75	4046580.125	5387631.4375	1016380.6875	790077.5	5882236.0625	922178.3125	704119.5	1267674.25	13907081.875	856058.25	1201294.25	1040115.125	1143481.875	76261.0
Ae_speltoides	Ae_umbellulata	T_boeoticum	18.84934462504416	0.0	0.9324278142022246	108504136.875	152996002.25	7692098.4375	6153901.1875	11589537.5	7693486.4375	5718128.5625	10930472.125	11731350.0	22889722.25	23011340.125	783874.5	903452.625	1005841.5	538311.625
Ae_speltoides	T_boeoticum	Ae_umbellulata	-241.25254493752493	1.0	0.518798422161997	108504136.875	7692098.4375	152996002.25	6153901.1875	11589537.5	7693486.4375	11731350.0	783874.5	5718128.5625	22889722.25	903452.625	10930472.125	23011340.125	1005841.5	538311.625
Ae_umbellulata	Ae_speltoides	T_boeoticum	-17.483349962755433	1.0	1.0847530278276591	108504136.875	152996002.25	7693486.4375	5718128.5625	10930472.125	7692098.4375	6153901.1875	11589537.5	11731350.0	22889722.25	23011340.125	783874.5	1005841.5	903452.625	538311.625
Ae_speltoides	Ae_umbellulata	T_urartu	5.165996077988127	1.1980214553730661e-07	0.22950964200374982	256236861.1875	14066132.8125	21862334.5	4194053.375	3347569.125	21155673.3125	3893088.1875	3214086.25	3982738.125	56893228.625	2947243.0	4278307.125	4122595.0	4075817.5	271767.875
Ae_speltoides	T_urartu	Ae_umbellulata	-99999.9	1.0	-0.7368570026892421	256236861.1875	21862334.5	14066132.8125	4194053.375	3347569.125	21155673.3125	3982738.125	4278307.125	3893088.1875	56893228.625	4122595.0	3214086.25	2947243.0	4075817.5	271767.875
Ae_umbellulata	Ae_speltoides	T_urartu	-12.176849010286015	1.0	0.41249915970097917	256236861.1875	14066132.8125	21155673.3125	3893088.1875	3214086.25	21862334.5	4194053.375	3347569.125	3982738.125	56893228.625	2947243.0	4278307.125	4075817.5	4122595.0	271767.875
Ae_speltoides	Ae_umbellulata	Ta_caputMedusae	-0.5881412210295281	0.7217812901376475	1.115329055036442	63765744.875	3711742.5625	5625409.3125	1022948.375	834586.625	5317689.375	1026027.0625	827348.125	1055800.5625	14277624.375	673958.625	1105695.125	1092867.625	1087935.75	71376.625
Ae_speltoides	Ta_caputMedusae	Ae_umbellulata	-6.27596197072338	0.9999999998255139	0.47541993051972486	63765744.875	5625409.3125	3711742.5625	1022948.375	834586.625	5317689.375	1055800.5625	1105695.125	1026027.0625	14277624.375	1092867.625	827348.125	673958.625	1087935.75	71376.625
Ae_umbellulata	Ae_speltoides	Ta_caputMedusae	0.6489571487981244	0.2581829749587379	0.9143163783236562	63765744.875	3711742.5625	5317689.375	1026027.0625	827348.125	5625409.3125	1022948.375	834586.625	1055800.5625	14277624.375	673958.625	1105695.125	1087935.75	1092867.625	71376.625
Ae_speltoides	Ae_uniaristata	Er_bonaepartis	2.1105778172391108	0.01740424674003438	0.9756568371487692	84587154.375	6513416.5	6374953.25	1275740.375	1094453.75	7584086.1875	1262453.1875	1348384.25	1794994.3125	18133460.0625	1448966.0	1248765.375	1072367.875	1352138.75	100348.75
Ae_speltoides	Er_bonaepartis	Ae_uniaristata	-82.47989591488583	1.0	0.5063164336731234	84587154.375	6374953.25	6513416.5	1275740.375	1094453.75	7584086.1875	1794994.3125	1248765.375	1262453.1875	18133460.0625	1072367.875	1348384.25	1448966.0	1352138.75	100348.75
Ae_uniaristata	Ae_speltoides	Er_bonaepartis	-2.05791776550884	0.980201052297663	1.0262609894820163	84587154.375	6513416.5	7584086.1875	1262453.1875	1348384.25	6374953.25	1275740.375	1094453.75	1794994.3125	18133460.0625	1448966.0	1248765.375	1352138.75	1072367.875	100348.75
Ae_speltoides	Ae_uniaristata	S_vavilovii	-4.09888536450209	0.9999792315255909	1.206215967249842	85673306.5625	5456086.3125	6721751.75	1297259.125	937849.0	7810805.375	1326403.125	1224838.625	1496874.6875	18989674.1875	1094923.0	1250122.875	1287095.125	1516124.75	97223.5
Ae_speltoides	S_vavilovii	Ae_uniaristata	-28.0744341084992	1.0	0.4606254878496516	85673306.5625	6721751.75	5456086.3125	1297259.125	937849.0	7810805.375	1496874.6875	1250122.875	1326403.125	18989674.1875	1287095.125	1224838.625	1094923.0	1516124.75	97223.5
Ae_uniaristata	Ae_speltoides	S_vavilovii	4.799635174682596	7.958006273955931e-07	0.8725998612626302	85673306.5625	5456086.3125	7810805.375	1326403.125	1224838.625	6721751.75	1297259.125	937849.0	1496874.6875	18989674.1875	1094923.0	1250122.875	1516124.75	1287095.125	97223.5
Ae_speltoides	Ae_uniaristata	T_boeoticum	-47.23942940705329	1.0	1.306651844298231	145175201.4375	209871002.3125	10260745.8125	7000050.0625	13052311.125	11305318.25	8740707.375	16717073.375	16157695.5	30859717.875	31683572.875	1082844.0	1302870.25	1368443.875	729737.875
Ae_speltoides	T_boeoticum	Ae_uniaristata	-248.52792222398142	1.0	0.4474903229101177	145175201.4375	10260745.8125	209871002.3125	7000050.0625	13052311.125	11305318.25	16157695.5	1082844.0	8740707.375	30859717.875	1302870.25	16717073.375	31683572.875	1368443.875	729737.875
Ae_uniaristata	Ae_speltoides	T_boeoticum	58.325824160545615	0.0	0.840281798695673	145175201.4375	209871002.3125	11305318.25	8740707.375	16717073.375	10260745.8125	7000050.0625	13052311.125	16157695.5	30859717.875	31683572.875	1082844.0	1368443.875	1302870.25	729737.875
Ae_speltoides	Ae_uniaristata	T_urartu	-21.572077017412308	1.0	0.41088669829174795	344573776.75	21312570.0	26987215.4375	5086798.6875	3518292.125	29460620.75	5799988.75	5973707.75	5302562.6875	76802628.1875	4202473.875	5373958.125	4959632.375	5457514.875	368463.625
Ae_speltoides	T_urartu	Ae_uniaristata	-6.526279417395766	0.9999999999661195	1.766038557287068	344573776.75	26987215.4375	21312570.0	5086798.6875	3518292.125	29460620.75	5302562.6875	5373958.125	5799988.75	76802628.1875	4959632.375	5973707.75	4202473.875	5457514.875	368463.625
Ae_uniaristata	Ae_speltoides	T_urartu	9.357124558757818	0.0	0.23226552174101717	344573776.75	21312570.0	29460620.75	5799988.75	5973707.75	26987215.4375	5086798.6875	3518292.125	5302562.6875	76802628.1875	4202473.875	5373958.125	5457514.875	4959632.375	368463.625
Ae_speltoides	Ae_uniaristata	Ta_caputMedusae	-19.06002487230542	1.0	0.43131681959735574	86033391.0	5342441.8125	6663726.4375	1291626.375	978296.875	7528637.125	1439164.4375	1411990.375	1327264.4375	19321755.875	937587.875	1273321.75	1287160.25	1437492.625	93692.75
Ae_speltoides	Ta_caputMedusae	Ae_uniaristata	-4.603980465385151	0.9999979253860327	1.4673112652035623	86033391.0	6663726.4375	5342441.8125	1291626.375	978296.875	7528637.125	1327264.4375	1273321.75	1439164.4375	19321755.875	1287160.25	1411990.375	937587.875	1437492.625	93692.75
Ae_uniaristata	Ae_speltoides	Ta_caputMedusae	6.070262356128446	6.409065500534439e-10	0.19455626381440266	86033391.0	5342441.8125	7528637.125	1439164.4375	1411990.375	6663726.4375	1291626.375	978296.875	1327264.4375	19321755.875	937587.875	1273321.75	1437492.625	1287160.25	93692.75
Ae_speltoides	Er_bonaepartis	S_vavilovii	-41.68386017299924	1.0	0.5898651222274633	21554612.125	1312597.6875	1646915.6875	343935.375	247998.125	1996281.4375	404907.0	288725.25	317216.25	4606146.1875	268684.0	318978.0	403420.25	367667.125	26165.5
Ae_speltoides	S_vavilovii	Er_bonaepartis	18.266796570452048	0.0	0.7664613740728238	21554612.125	1646915.6875	1312597.6875	343935.375	247998.125	1996281.4375	317216.25	318978.0	404907.0	4606146.1875	403420.25	288725.25	268684.0	367667.125	26165.5
Er_bonaepartis	Ae_speltoides	S_vavilovii	-99999.9	1.0	-0.7800634990146704	21554612.125	1312597.6875	1996281.4375	404907.0	288725.25	1646915.6875	343935.375	247998.125	317216.25	4606146.1875	268684.0	318978.0	367667.125	403420.25	26165.5
Ae_speltoides	Er_bonaepartis	T_boeoticum	-60.98528823797346	1.0	1.7511737954472495	36263401.25	52705031.0625	2619178.125	1678627.6875	3177243.875	2854714.75	2330749.6875	4278047.25	3851009.0	7342476.1875	7557022.75	301937.375	399115.25	340777.625	202787.125
Ae_speltoides	T_boeoticum	Er_bonaepartis	-203.15723209092727	1.0	0.4116997744669507	36263401.25	2619178.125	52705031.0625	1678627.6875	3177243.875	2854714.75	3851009.0	301937.375	2330749.6875	7342476.1875	399115.25	4278047.25	7557022.75	340777.625	202787.125
Er_bonaepartis	Ae_speltoides	T_boeoticum	87.1451991224685	0.0	0.7691197609455805	36263401.25	52705031.0625	2854714.75	2330749.6875	4278047.25	2619178.125	1678627.6875	3177243.875	3851009.0	7342476.1875	7557022.75	301937.375	340777.625	399115.25	202787.125
Ae_speltoides	Er_bonaepartis	T_urartu	-96.85705396821838	1.0	0.5481175434511532	86660341.6875	5006271.5	6588142.0	1257738.0625	1006948.5	7511214.3125	1817514.375	1243609.875	1138525.375	18526310.0625	956099.125	1180695.625	1535095.875	1371387.625	97413.0
Ae_speltoides	T_urartu	Er_bonaepartis	20.62714953999391	0.0	0.8506484145963422	86660341.6875	6588142.0	5006271.5	1257738.0625	1006948.5	7511214.3125	1138525.375	1180695.625	1817514.375	18526310.0625	1535095.875	1243609.875	956099.125	1371387.625	97413.0
Er_bonaepartis	Ae_speltoides	T_urartu	-99999.9	1.0	-0.270591307895653	86660341.6875	5006271.5	7511214.3125	1817514.375	1243609.875	6588142.0	1257738.0625	1006948.5	1138525.375	18526310.0625	956099.125	1180695.625	1371387.625	1535095.875	97413.0
Ae_speltoides	Er_bonaepartis	Ta_caputMedusae	-34.40976964213224	1.0	0.7553172335788055	21751312.625	1155854.4375	1522671.6875	358528.625	318002.375	1965953.25	410596.0625	263079.125	249867.8125	4703144.0	202987.125	257333.375	382287.875	357540.75	23603.875
Ae_speltoides	Ta_caputMedusae	Er_bonaepartis	71.81059231601172	0.0	0.5966398505878463	21751312.625	1522671.6875	1155854.4375	358528.625	318002.375	1965953.25	249867.8125	257333.375	410596.0625	4703144.0	382287.875	263079.125	202987.125	357540.75	23603.875
Er_bonaepartis	Ae_speltoides	Ta_caputMedusae	-99999.9	1.0	1.9200270791413308	21751312.625	1155854.4375	1965953.25	410596.0625	263079.125	1522671.6875	358528.625	318002.375	249867.8125	4703144.0	202987.125	257333.375	357540.75	382287.875	23603.875
Ae_speltoides	S_vavilovii	T_boeoticum	-76.17496954358356	1.0	1.814760865953962	36759128.75	53649088.5625	2164547.6875	1492925.375	2780128.375	2896975.4375	2308948.0	4337965.5	4126519.25	7746171.1875	8108237.5	295389.125	341747.625	356315.5	203859.125
Ae_speltoides	T_boeoticum	S_vavilovii	-245.84359192037516	1.0	0.40833606459387417	36759128.75	2164547.6875	53649088.5625	1492925.375	2780128.375	2896975.4375	4126519.25	295389.125	2308948.0	7746171.1875	341747.625	4337965.5	8108237.5	356315.5	203859.125
S_vavilovii	Ae_speltoides	T_boeoticum	110.37472848357012	0.0	0.7634454076271957	36759128.75	53649088.5625	2896975.4375	2308948.0	4337965.5	2164547.6875	1492925.375	2780128.375	4126519.25	7746171.1875	8108237.5	295389.125	356315.5	341747.625	203859.125
Ae_speltoides	S_vavilovii	T_urartu	-44.63562335043204	1.0	0.5284494099508731	87699447.0	5373286.1875	5550467.0625	1274637.25	864032.0	7680130.3125	1544322.75	1287636.5	1242096.125	19328301.5625	1178998.625	1127684.25	1190745.625	1504906.125	97647.625
Ae_speltoides	T_urartu	S_vavilovii	5.385878732446953	3.612667742736164e-08	0.9027949227486818	87699447.0	5550467.0625	5373286.1875	1274637.25	864032.0	7680130.3125	1242096.125	1127684.25	1544322.75	19328301.5625	1190745.625	1287636.5	1178998.625	1504906.125	97647.625
S_vavilovii	Ae_speltoides	T_urartu	-99999.9	1.0	-0.13722073315042788	87699447.0	5373286.1875	7680130.3125	1544322.75	1287636.5	5550467.0625	1274637.25	864032.0	1242096.125	19328301.5625	1178998.625	1127684.25	1504906.125	1190745.625	97647.625
Ae_speltoides	S_vavilovii	Ta_caputMedusae	-46.371377177250295	1.0	0.4720917440382073	21844871.6875	1396234.4375	1430851.3125	310500.8125	209836.0	1941589.0	388898.125	333225.75	318789.875	4846769.125	289102.625	295717.875	328391.25	365947.375	24644.75
Ae_speltoides	Ta_caputMedusae	S_vavilovii	-4.902913523130022	0.9999995271940121	1.1340855943795767	21844871.6875	1430851.3125	1396234.4375	310500.8125	209836.0	1941589.0	318789.875	295717.875	388898.125	4846769.125	328391.25	333225.75	289102.625	365947.375	24644.75
S_vavilovii	Ae_speltoides	Ta_caputMedusae	5.4825964652277035	2.1007378281368005e-08	0.09562128419835296	21844871.6875	1396234.4375	1941589.0	388898.125	333225.75	1430851.3125	310500.8125	209836.0	318789.875	4846769.125	289102.625	295717.875	365947.375	328391.25	24644.75
Ae_speltoides	T_boeoticum	T_urartu	-287.3623519079765	1.0	0.4452561344510903	148704332.1875	7593120.875	214360917.75	6234252.3125	10766802.375	11066622.25	16532191.3125	1051960.875	8266718.1875	31612326.5	1178628.5	15990422.375	32645654.25	1422706.75	701286.5
Ae_speltoides	T_urartu	T_boeoticum	-56.71563737294457	1.0	1.3260811023442978	148704332.1875	214360917.75	7593120.875	6234252.3125	10766802.375	11066622.25	8266718.1875	15990422.375	16532191.3125	31612326.5	32645654.25	1051960.875	1178628.5	1422706.75	701286.5
T_boeoticum	Ae_speltoides	T_urartu	70.66191676870324	0.0	0.16483366893497892	148704332.1875	7593120.875	11066622.25	16532191.3125	1051960.875	214360917.75	6234252.3125	10766802.375	8266718.1875	31612326.5	1178628.5	15990422.375	1422706.75	32645654.25	701286.5
Ae_speltoides	T_boeoticum	Ta_caputMedusae	-285.70775114300284	1.0	0.4298449084509744	36931848.6875	2097122.9375	53782035.625	1482126.625	2736610.625	2798338.75	4216021.75	264851.625	2154914.3125	7927544.4375	295534.875	4096061.625	8283455.75	359038.5	182396.875
Ae_speltoides	Ta_caputMedusae	T_boeoticum	-70.3101795802523	1.0	1.484605716730602	36931848.6875	53782035.625	2097122.9375	1482126.625	2736610.625	2798338.75	2154914.3125	4096061.625	4216021.75	7927544.4375	8283455.75	264851.625	295534.875	359038.5	182396.875
T_boeoticum	Ae_speltoides	Ta_caputMedusae	93.26086243494342	0.0	0.19749055739247812	36931848.6875	2097122.9375	2798338.75	4216021.75	264851.625	53782035.625	1482126.625	2736610.625	2154914.3125	7927544.4375	295534.875	4096061.625	359038.5	8283455.75	182396.875
Ae_speltoides	T_urartu	Ta_caputMedusae	4.370093384472434	6.214541331983625e-06	0.15569017014495243	88380828.4375	5134287.75	5036917.3125	1372116.5	1006320.75	7630939.6875	1233870.0	1114669.125	1259362.5625	19804790.625	957704.125	1137007.5	1110052.375	1545072.75	88526.5
Ae_speltoides	Ta_caputMedusae	T_urartu	-99999.9	1.0	-0.2921402797056544	88380828.4375	5036917.3125	5134287.75	1372116.5	1006320.75	7630939.6875	1259362.5625	1137007.5	1233870.0	19804790.625	1110052.375	1114669.125	957704.125	1545072.75	88526.5
T_urartu	Ae_speltoides	Ta_caputMedusae	-19.328980220876865	1.0	0.4492180915023305	88380828.4375	5134287.75	7630939.6875	1233870.0	1114669.125	5036917.3125	1372116.5	1006320.75	1259362.5625	19804790.625	957704.125	1137007.5	1545072.75	1110052.375	88526.5
Ae_tauschii	Ae_umbellulata	Ae_uniaristata	-14.660312720822104	1.0	-1.3395245364873267	253361307.875	18483475.4375	22402280.4375	3471573.75	2896309.0	20001629.25	4182741.6875	3702797.25	4589929.9375	57618648.875	3428099.125	5159011.0	4086218.375	3460476.75	263924.25
Ae_tauschii	Ae_uniaristata	Ae_umbellulata	-23.054261275686873	1.0	0.2669133982535989	253361307.875	22402280.4375	18483475.4375	3471573.75	2896309.0	20001629.25	4589929.9375	5159011.0	4182741.6875	57618648.875	4086218.375	3702797.25	3428099.125	3460476.75	263924.25
Ae_umbellulata	Ae_tauschii	Ae_uniaristata	40.26504065875273	0.0	0.6112825582444834	253361307.875	18483475.4375	20001629.25	4182741.6875	3702797.25	22402280.4375	3471573.75	2896309.0	4589929.9375	57618648.875	3428099.125	5159011.0	3460476.75	4086218.375	263924.25
Ae_tauschii	Ae_umbellulata	Er_bonaepartis	-5.580169216965429	0.9999999879541703	1.036500840458855	63254149.8125	4892398.0625	5379981.0625	862614.1875	800587.625	5168075.75	888670.625	839751.75	1628585.625	13586975.0	1177443.75	1199715.0	887924.0	883491.25	72171.5
Ae_tauschii	Er_bonaepartis	Ae_umbellulata	-164.0381666377948	1.0	0.49134847195275305	63254149.8125	5379981.0625	4892398.0625	862614.1875	800587.625	5168075.75	1628585.625	1199715.0	888670.625	13586975.0	887924.0	839751.75	1177443.75	883491.25	72171.5
Ae_umbellulata	Ae_tauschii	Er_bonaepartis	5.776677370525341	3.821148064631075e-09	0.9671016155839212	63254149.8125	4892398.0625	5168075.75	888670.625	839751.75	5379981.0625	862614.1875	800587.625	1628585.625	13586975.0	1177443.75	1199715.0	883491.25	887924.0	72171.5
Ae_tauschii	Ae_umbellulata	S_vavilovii	-8.129263116076588	0.9999999999999998	1.079679139012552	63770216.1875	4280724.75	5606995.8125	896039.25	748848.5	5421914.375	935694.3125	742146.875	1473033.75	14150999.9375	931256.625	1337071.625	1070580.5	988081.75	75799.75
Ae_tauschii	S_vavilovii	Ae_umbellulata	-118.28351315873105	1.0	0.482206831737995	63770216.1875	5606995.8125	4280724.75	896039.25	748848.5	5421914.375	1473033.75	1337071.625	935694.3125	14150999.9375	1070580.5	742146.875	931256.625	988081.75	75799.75
Ae_umbellulata	Ae_tauschii	S_vavilovii	8.729193838539075	0.0	0.9356927095849517	63770216.1875	4280724.75	5421914.375	935694.3125	742146.875	5606995.8125	896039.25	748848.5	1473033.75	14150999.9375	931256.625	1337071.625	988081.75	1070580.5	75799.75
Ae_tauschii	Ae_umbellulata	T_boeoticum	9.643822379867702	0.0	0.9674241713643095	109945667.3125	154952492.1875	7377286.375	5856790.125	11183050.5	7430102.0625	5633871.0625	10745093.125	12254033.875	23661090.375	23874458.5	806346.625	881875.375	869249.125	490804.375
Ae_tauschii	T_boeoticum	Ae_umbellulata	-276.7546290291743	1.0	0.508562345403814	109945667.3125	7377286.375	154952492.1875	5856790.125	11183050.5	7430102.0625	12254033.875	806346.625	5633871.0625	23661090.375	881875.375	10745093.125	23874458.5	869249.125	490804.375
Ae_umbellulata	Ae_tauschii	T_boeoticum	-9.319088396018023	1.0	1.03610420147669	109945667.3125	154952492.1875	7430102.0625	5633871.0625	10745093.125	7377286.375	5856790.125	11183050.5	12254033.875	23661090.375	23874458.5	806346.625	869249.125	881875.375	490804.375
Ae_tauschii	Ae_umbellulata	T_urartu	-6.651776884332966	0.9999999999854433	1.3722266548906905	259286630.1875	14334379.5625	21590323.625	3688120.375	3015159.5	20634627.4375	3835365.5625	3139191.75	4378190.125	58310097.0	3226452.375	4224025.625	4108834.125	3826144.0	252853.75
Ae_tauschii	T_urartu	Ae_umbellulata	-31.17378631900919	1.0	0.4402847486572374	259286630.1875	21590323.625	14334379.5625	3688120.375	3015159.5	20634627.4375	4378190.125	4224025.625	3835365.5625	58310097.0	4108834.125	3139191.75	3226452.375	3826144.0	252853.75
Ae_umbellulata	Ae_tauschii	T_urartu	8.45612068563575	0.0	0.8241459922599315	259286630.1875	14334379.5625	20634627.4375	3835365.5625	3139191.75	21590323.625	3688120.375	3015159.5	4378190.125	58310097.0	3226452.375	4224025.625	3826144.0	4108834.125	252853.75
Ae_tauschii	Ae_umbellulata	Ta_caputMedusae	-9.652303619639044	1.0	1.3428005635579312	64456430.25	3815815.6875	5504097.125	918016.0625	753478.625	5237554.5625	971149.25	792215.75	1179279.8125	14606720.5	717754.25	1102614.75	1062493.125	1000952.875	66136.375
Ae_tauschii	Ta_caputMedusae	Ae_umbellulata	-47.461806047406256	1.0	0.44340239529425485	64456430.25	5504097.125	3815815.6875	918016.0625	753478.625	5237554.5625	1179279.8125	1102614.75	971149.25	14606720.5	1062493.125	792215.75	717754.25	1000952.875	66136.375
Ae_umbellulata	Ae_tauschii	Ta_caputMedusae	12.116418701388318	0.0	0.8309996658284879	64456430.25	3815815.6875	5237554.5625	971149.25	792215.75	5504097.125	918016.0625	753478.625	1179279.8125	14606720.5	717754.25	1102614.75	1000952.875	1062493.125	66136.375
Ae_tauschii	Ae_uniaristata	Er_bonaepartis	-0.49069592633602244	0.6881792323659202	1.0035424287742767	85564690.25	6691198.9375	6136038.9375	1198968.25	1032401.375	7448342.4375	1202015.0	1324366.375	2065135.5	18472574.1875	1616371.625	1324940.625	1014006.875	1305993.375	96420.25
Ae_tauschii	Er_bonaepartis	Ae_uniaristata	-139.50102276218695	1.0	0.4991190737342585	85564690.25	6136038.9375	6691198.9375	1198968.25	1032401.375	7448342.4375	2065135.5	1324940.625	1202015.0	18472574.1875	1014006.875	1324366.375	1616371.625	1305993.375	96420.25
Ae_uniaristata	Ae_tauschii	Er_bonaepartis	0.49242804579508315	0.3112083910869756	0.9964948217585082	85564690.25	6691198.9375	7448342.4375	1202015.0	1324366.375	6136038.9375	1198968.25	1032401.375	2065135.5	18472574.1875	1616371.625	1324940.625	1305993.375	1014006.875	96420.25
Ae_tauschii	Ae_uniaristata	S_vavilovii	6.918751680030335	2.2923885012460232e-12	0.9315289126576471	86338250.3125	5815579.5625	6344534.875	1246583.0	962053.5	7882439.3125	1204700.5625	1121739.5	1774498.75	19329901.5	1210804.875	1414678.25	1200367.25	1449773.125	95304.625
Ae_tauschii	S_vavilovii	Ae_uniaristata	-87.20882069547557	1.0	0.519077118395429	86338250.3125	6344534.875	5815579.5625	1246583.0	962053.5	7882439.3125	1774498.75	1414678.25	1204700.5625	19329901.5	1200367.25	1121739.5	1210804.875	1449773.125	95304.625
Ae_uniaristata	Ae_tauschii	S_vavilovii	-6.410195859436589	0.9999999999269943	1.0861719483476762	86338250.3125	5815579.5625	7882439.3125	1204700.5625	1121739.5	6344534.875	1246583.0	962053.5	1774498.75	19329901.5	1210804.875	1414678.25	1449773.125	1200367.25	95304.625
Ae_tauschii	Ae_uniaristata	T_boeoticum	-56.39519656930441	1.0	1.330699088267773	147108466.8125	212666252.5625	9774620.0625	6499431.8125	12333783.0	10900455.9375	8561286.0625	16360667.125	16857975.3125	31947476.0625	32856052.5	1086982.125	1236111.0	1143418.625	654415.0
Ae_tauschii	T_boeoticum	Ae_uniaristata	-283.3236621134544	1.0	0.44473791140450925	147108466.8125	9774620.0625	212666252.5625	6499431.8125	12333783.0	10900455.9375	16857975.3125	1086982.125	8561286.0625	31947476.0625	1236111.0	16360667.125	32856052.5	1143418.625	654415.0
Ae_uniaristata	Ae_tauschii	T_boeoticum	70.41026598099846	0.0	0.8339945071404818	147108466.8125	212666252.5625	10900455.9375	8561286.0625	16360667.125	9774620.0625	6499431.8125	12333783.0	16857975.3125	31947476.0625	32856052.5	1086982.125	1143418.625	1236111.0	654415.0
Ae_tauschii	Ae_uniaristata	T_urartu	-6.753555626849314	0.9999999999927456	-0.16879718223693432	348796695.5	21716467.125	26426495.6875	4350787.0625	3033862.875	28495505.6875	5726105.8125	5935350.875	5924728.75	78750931.625	4600177.75	5470693.875	4893009.875	5065495.375	346375.125
Ae_tauschii	T_urartu	Ae_uniaristata	-7.7289012019565115	0.9999999999999944	0.1120539892868504	348796695.5	26426495.6875	21716467.125	4350787.0625	3033862.875	28495505.6875	5924728.75	5470693.875	5726105.8125	78750931.625	4893009.875	5935350.875	4600177.75	5065495.375	346375.125
Ae_uniaristata	Ae_tauschii	T_urartu	53.51699493392267	0.0	0.5336733465404578	348796695.5	21716467.125	28495505.6875	5726105.8125	5935350.875	26426495.6875	4350787.0625	3033862.875	5924728.75	78750931.625	4600177.75	5470693.875	5065495.375	4893009.875	346375.125
Ae_tauschii	Ae_uniaristata	Ta_caputMedusae	-15.245857223471447	1.0	-1.6981591422006335	86980247.6875	5487292.9375	6481029.5	1154195.125	876294.75	7363945.5625	1384787.5625	1395149.75	1529917.125	19763691.875	1017651.375	1319522.125	1260738.625	1322496.75	88965.25
Ae_tauschii	Ta_caputMedusae	Ae_uniaristata	-24.841248177174666	1.0	0.2786390076347328	86980247.6875	6481029.5	5487292.9375	1154195.125	876294.75	7363945.5625	1529917.125	1319522.125	1384787.5625	19763691.875	1260738.625	1395149.75	1017651.375	1322496.75	88965.25
Ae_uniaristata	Ae_tauschii	Ta_caputMedusae	39.46958751231088	0.0	0.6196817637218147	86980247.6875	5487292.9375	7363945.5625	1384787.5625	1395149.75	6481029.5	1154195.125	876294.75	1529917.125	19763691.875	1017651.375	1319522.125	1322496.75	1260738.625	88965.25
Ae_tauschii	Er_bonaepartis	S_vavilovii	-31.57066232310213	1.0	0.5979580286182339	21645418.75	1367326.3125	1629603.0	347582.8125	260982.375	2083062.9375	393844.375	274169.125	325039.4375	4649155.625	261490.875	341709.875	396595.5	363898.125	25924.875
Ae_tauschii	S_vavilovii	Er_bonaepartis	15.38446263565055	0.0	0.7532152003355288	21645418.75	1629603.0	1367326.3125	347582.8125	260982.375	2083062.9375	325039.4375	341709.875	393844.375	4649155.625	396595.5	274169.125	261490.875	363898.125	25924.875
Er_bonaepartis	Ae_tauschii	S_vavilovii	-99999.9	1.0	-0.9504678635329956	21645418.75	1367326.3125	2083062.9375	393844.375	274169.125	1629603.0	347582.8125	260982.375	325039.4375	4649155.625	261490.875	341709.875	363898.125	396595.5	25924.875
Ae_tauschii	Er_bonaepartis	T_boeoticum	-64.70249241222722	1.0	1.9979411848117568	36606455.5625	53053895.25	2609818.6875	1673459.25	3206137.25	2870300.375	2408016.4375	4393702.875	3878646.25	7451961.3125	7585550.375	332837.375	408021.25	305845.5	201752.25
Ae_tauschii	T_boeoticum	Er_bonaepartis	-194.24096253233128	1.0	0.40008245446262974	36606455.5625	2609818.6875	53053895.25	1673459.25	3206137.25	2870300.375	3878646.25	332837.375	2408016.4375	7451961.3125	408021.25	4393702.875	7585550.375	305845.5	201752.25
Er_bonaepartis	Ae_tauschii	T_boeoticum	97.02040168252206	0.0	0.7501288749465382	36606455.5625	53053895.25	2870300.375	2408016.4375	4393702.875	2609818.6875	1673459.25	3206137.25	3878646.25	7451961.3125	7585550.375	332837.375	305845.5	408021.25	201752.25
Ae_tauschii	Er_bonaepartis	T_urartu	-125.90827873628758	1.0	0.5320338368760612	87438844.25	4920221.25	6684269.6875	1206461.6875	957781.875	7537051.25	1934690.625	1290732.625	1106762.3125	18798495.1875	906103.25	1182836.5	1596218.75	1344194.625	94259.125
Ae_tauschii	T_urartu	Er_bonaepartis	17.23767904695998	0.0	0.8925222087013224	87438844.25	6684269.6875	4920221.25	1206461.6875	957781.875	7537051.25	1106762.3125	1182836.5	1934690.625	18798495.1875	1596218.75	1290732.625	906103.25	1344194.625	94259.125
Er_bonaepartis	Ae_tauschii	T_urartu	-99999.9	1.0	-0.15862320716219294	87438844.25	4920221.25	7537051.25	1934690.625	1290732.625	6684269.6875	1206461.6875	957781.875	1106762.3125	18798495.1875	906103.25	1182836.5	1344194.625	1596218.75	94259.125
Ae_tauschii	Er_bonaepartis	Ta_caputMedusae	-50.469508022103554	1.0	0.7074795966262531	21905456.0625	1167902.875	1558890.3125	349129.625	297142.625	2011203.75	423058.5625	258628.75	244256.625	4760097.0625	201986.625	245245.0	411125.75	359745.0	22930.375
Ae_tauschii	Ta_caputMedusae	Er_bonaepartis	71.59427544595871	0.0	0.6303057262504905	21905456.0625	1558890.3125	1167902.875	349129.625	297142.625	2011203.75	244256.625	245245.0	423058.5625	4760097.0625	411125.75	258628.75	201986.625	359745.0	22930.375
Er_bonaepartis	Ae_tauschii	Ta_caputMedusae	-99999.9	1.0	3.3891154401591583	21905456.0625	1167902.875	2011203.75	423058.5625	258628.75	1558890.3125	349129.625	297142.625	244256.625	4760097.0625	201986.625	245245.0	359745.0	411125.75	22930.375
Ae_tauschii	S_vavilovii	T_boeoticum	-76.85247150943586	1.0	2.2013605131807514	36965009.875	53716588.0	2271603.25	1571958.375	2972696.25	3027228.6875	2480398.4375	4643536.0	4145014.5625	7843682.0625	8137811.25	314764.375	360980.375	334527.0	209986.5
Ae_tauschii	T_boeoticum	S_vavilovii	-217.67614122810824	1.0	0.3928137907430519	36965009.875	2271603.25	53716588.0	1571958.375	2972696.25	3027228.6875	4145014.5625	314764.375	2480398.4375	7843682.0625	360980.375	4643536.0	8137811.25	334527.0	209986.5
S_vavilovii	Ae_tauschii	T_boeoticum	118.79359113022014	0.0	0.7390661953176023	36965009.875	53716588.0	3027228.6875	2480398.4375	4643536.0	2271603.25	1571958.375	2972696.25	4145014.5625	7843682.0625	8137811.25	314764.375	334527.0	360980.375	209986.5
Ae_tauschii	S_vavilovii	T_urartu	-75.41258594815118	1.0	0.555383314271917	88160471.75	5178867.6875	5856043.5625	1255361.5	883957.25	7911401.0625	1688097.75	1416343.5	1147554.625	19571007.8125	1127446.875	1016983.5	1240451.125	1482350.875	95622.125
Ae_tauschii	T_urartu	S_vavilovii	18.787414335496685	0.0	0.8337211768335004	88160471.75	5856043.5625	5178867.6875	1255361.5	883957.25	7911401.0625	1147554.625	1016983.5	1688097.75	19571007.8125	1240451.125	1416343.5	1127446.875	1482350.875	95622.125
S_vavilovii	Ae_tauschii	T_urartu	-99999.9	1.0	-0.3317855610930837	88160471.75	5178867.6875	7911401.0625	1688097.75	1416343.5	5856043.5625	1255361.5	883957.25	1147554.625	19571007.8125	1127446.875	1016983.5	1482350.875	1240451.125	95622.125
Ae_tauschii	S_vavilovii	Ta_caputMedusae	-64.4247503803187	1.0	0.521681034918482	21927821.9375	1375668.9375	1501542.0625	314157.5625	219766.25	2024986.75	411749.25	361268.375	305310.375	4903169.25	280741.5	276575.125	348111.0	363726.75	24542.875
Ae_tauschii	Ta_caputMedusae	S_vavilovii	5.840434373628171	2.6115776208257557e-09	0.9232588284468471	21927821.9375	1501542.0625	1375668.9375	314157.5625	219766.25	2024986.75	305310.375	276575.125	411749.25	4903169.25	348111.0	361268.375	280741.5	363726.75	24542.875
S_vavilovii	Ae_tauschii	Ta_caputMedusae	-99999.9	1.0	-0.09969279786352957	21927821.9375	1375668.9375	2024986.75	411749.25	361268.375	1501542.0625	314157.5625	219766.25	305310.375	4903169.25	280741.5	276575.125	363726.75	348111.0	24542.875
Ae_tauschii	T_boeoticum	T_urartu	-302.00489640423274	1.0	0.44047897569025546	150296441.0625	7361692.0	216383126.5625	5949015.375	10459502.0	10914473.9375	16899152.25	1110829.25	8278734.3125	32366369.625	1154427.75	16000977.375	33288630.75	1242781.25	666745.5
Ae_tauschii	T_urartu	T_boeoticum	-64.25367412319825	1.0	1.3703434129498169	150296441.0625	216383126.5625	7361692.0	5949015.375	10459502.0	10914473.9375	8278734.3125	16000977.375	16899152.25	32366369.625	33288630.75	1110829.25	1154427.75	1242781.25	666745.5
T_boeoticum	Ae_tauschii	T_urartu	81.61860961635844	0.0	0.1754325476416011	150296441.0625	7361692.0	10914473.9375	16899152.25	1110829.25	216383126.5625	5949015.375	10459502.0	8278734.3125	32366369.625	1154427.75	16000977.375	1242781.25	33288630.75	666745.5
Ae_tauschii	T_boeoticum	Ta_caputMedusae	-286.6680604537128	1.0	0.4232100243772264	37302395.4375	2071393.6875	54171497.625	1459481.625	2728618.875	2797837.875	4301391.625	294273.375	2216187.5625	8097708.9375	307145.625	4179212.0	8432669.375	325963.875	181592.5
Ae_tauschii	Ta_caputMedusae	T_boeoticum	-76.33015241050325	1.0	1.569595036123969	37302395.4375	54171497.625	2071393.6875	1459481.625	2728618.875	2797837.875	2216187.5625	4179212.0	4301391.625	8097708.9375	8432669.375	294273.375	307145.625	325963.875	181592.5
T_boeoticum	Ae_tauschii	Ta_caputMedusae	104.02982966418101	0.0	0.21027693720094295	37302395.4375	2071393.6875	2797837.875	4301391.625	294273.375	54171497.625	1459481.625	2728618.875	2216187.5625	8097708.9375	307145.625	4179212.0	325963.875	8432669.375	181592.5
Ae_tauschii	T_urartu	Ta_caputMedusae	11.02565783041242	0.0	0.630727339156608	89171645.9375	5174607.25	4979641.5625	1282103.5	932635.0	7612257.375	1220576.8125	1114427.125	1325666.0	20173306.9375	951116.375	1164610.375	1117893.25	1467543.75	84936.75
Ae_tauschii	Ta_caputMedusae	T_urartu	-7.806453406699962	0.9999999999999971	0.7069491727095261	89171645.9375	4979641.5625	5174607.25	1282103.5	932635.0	7612257.375	1325666.0	1164610.375	1220576.8125	20173306.9375	1117893.25	1114427.125	951116.375	1467543.75	84936.75
T_urartu	Ae_tauschii	Ta_caputMedusae	-4.5704532565478235	0.9999975642111169	-2.4249635559637746	89171645.9375	5174607.25	7612257.375	1220576.8125	1114427.125	4979641.5625	1282103.5	932635.0	1325666.0	20173306.9375	951116.375	1164610.375	1467543.75	1117893.25	84936.75
Ae_umbellulata	Ae_uniaristata	Er_bonaepartis	5.054305066867557	2.163403571842082e-07	0.953309579730215	63653106.625	4974224.125	4828477.125	976541.125	840505.0	6120108.375	952780.125	1028042.5	1437924.375	13685402.875	1123913.75	864814.75	827751.5	1060840.0	73653.75
Ae_umbellulata	Er_bonaepartis	Ae_uniaristata	-98.14282640641441	1.0	0.5125516691274158	63653106.625	4828477.125	4974224.125	976541.125	840505.0	6120108.375	1437924.375	864814.75	952780.125	13685402.875	827751.5	1028042.5	1123913.75	1060840.0	73653.75
Ae_uniaristata	Ae_umbellulata	Er_bonaepartis	-4.806759429268347	0.9999992320204376	1.0542956853770575	63653106.625	4974224.125	6120108.375	952780.125	1028042.5	4828477.125	976541.125	840505.0	1437924.375	13685402.875	1123913.75	864814.75	1060840.0	827751.5	73653.75
Ae_umbellulata	Ae_uniaristata	S_vavilovii	16.190935078992172	0.0	0.8017985823394481	64291154.6875	4273869.1875	4995458.25	1038971.0	786270.125	6410153.9375	966626.9375	924035.25	1259285.625	14254886.25	892585.0	935183.75	942636.125	1226508.375	74886.5
Ae_umbellulata	S_vavilovii	Ae_uniaristata	-49.30742989899836	1.0	0.5705144504959018	64291154.6875	4995458.25	4273869.1875	1038971.0	786270.125	6410153.9375	1259285.625	935183.75	966626.9375	14254886.25	942636.125	924035.25	892585.0	1226508.375	74886.5
Ae_uniaristata	Ae_umbellulata	S_vavilovii	-12.188600382237093	1.0	1.488908477995412	64291154.6875	4273869.1875	6410153.9375	966626.9375	924035.25	4995458.25	1038971.0	786270.125	1259285.625	14254886.25	892585.0	935183.75	1226508.375	942636.125	74886.5
Ae_umbellulata	Ae_uniaristata	T_boeoticum	-59.57711522641072	1.0	1.568193838300976	109736116.75	157439317.25	7794898.8125	5286160.4375	10054865.5	8724265.375	7138697.0	13676674.125	12251628.9375	23567692.1875	23920876.125	797455.375	978760.5	919626.0	530954.625
Ae_umbellulata	T_boeoticum	Ae_uniaristata	-224.00773503245458	1.0	0.42331200757558923	109736116.75	7794898.8125	157439317.25	5286160.4375	10054865.5	8724265.375	12251628.9375	797455.375	7138697.0	23567692.1875	978760.5	13676674.125	23920876.125	919626.0	530954.625
Ae_uniaristata	Ae_umbellulata	T_boeoticum	81.16331774080734	0.0	0.7899143230957971	109736116.75	157439317.25	8724265.375	7138697.0	13676674.125	7794898.8125	5286160.4375	10054865.5	12251628.9375	23567692.1875	23920876.125	797455.375	919626.0	978760.5	530954.625
Ae_umbellulata	Ae_uniaristata	T_urartu	-21.41227090835142	1.0	0.3020647403272505	259427718.5	16130089.6875	20847257.625	3712488.4375	2548063.25	23710953.875	4577684.1875	4588185.25	4203229.5	58070826.4375	3480753.125	3626096.25	4027779.5	4458448.0	270273.375
Ae_umbellulata	T_urartu	Ae_uniaristata	-12.145090375330925	1.0	-3.2201080092143215	259427718.5	20847257.625	16130089.6875	3712488.4375	2548063.25	23710953.875	4203229.5	3626096.25	4577684.1875	58070826.4375	4027779.5	4588185.25	3480753.125	4458448.0	270273.375
Ae_uniaristata	Ae_umbellulata	T_urartu	28.06182143494259	0.0	0.36192030334746883	259427718.5	16130089.6875	23710953.875	4577684.1875	4588185.25	20847257.625	3712488.4375	2548063.25	4203229.5	58070826.4375	3480753.125	3626096.25	4458448.0	4027779.5	270273.375
Ae_umbellulata	Ae_uniaristata	Ta_caputMedusae	-1.715425536012372	0.9568664150041681	0.06924297388224289	64670897.8125	4112438.3125	5099315.1875	976464.4375	719106.75	6127089.5	1090014.875	1069435.75	1081567.375	14569437.125	761863.625	856390.625	1023743.5	1146253.625	68980.5
Ae_umbellulata	Ta_caputMedusae	Ae_uniaristata	-1.5878077343155312	0.9438350856577993	-0.08739808352737527	64670897.8125	5099315.1875	4112438.3125	976464.4375	719106.75	6127089.5	1081567.375	856390.625	1090014.875	14569437.125	1023743.5	1069435.75	761863.625	1146253.625	68980.5
Ae_uniaristata	Ae_umbellulata	Ta_caputMedusae	21.343150387382337	0.0	0.48068289593060254	64670897.8125	4112438.3125	6127089.5	1090014.875	1069435.75	5099315.1875	976464.4375	719106.75	1081567.375	14569437.125	761863.625	856390.625	1146253.625	1023743.5	68980.5
Ae_umbellulata	Er_bonaepartis	S_vavilovii	-20.210303386522803	1.0	0.6638972375180004	16194846.9375	1027653.125	1232144.125	270022.3125	197409.0	1619279.4375	292297.25	206671.25	248298.0	3458001.6875	211209.5	249955.0	288949.75	287626.125	19986.5
Ae_umbellulata	S_vavilovii	Er_bonaepartis	19.71071508005938	0.0	0.6694592977974985	16194846.9375	1232144.125	1027653.125	270022.3125	197409.0	1619279.4375	248298.0	249955.0	292297.25	3458001.6875	288949.75	206671.25	211209.5	287626.125	19986.5
Er_bonaepartis	Ae_umbellulata	S_vavilovii	-99999.9	1.0	-39.45391600454037	16194846.9375	1027653.125	1619279.4375	292297.25	206671.25	1232144.125	270022.3125	197409.0	248298.0	3458001.6875	211209.5	249955.0	287626.125	288949.75	19986.5
Ae_umbellulata	Er_bonaepartis	T_boeoticum	-64.99966610497273	1.0	2.375232486095857	27406724.0	39632144.4375	2010877.5625	1277703.875	2433813.625	2193936.4375	1869514.375	3410504.75	2891659.75	5569722.5625	5683445.5	226188.0	318623.0	248980.125	155846.0
Ae_umbellulata	T_boeoticum	Er_bonaepartis	-177.2638251317932	1.0	0.38774890569927845	27406724.0	2010877.5625	39632144.4375	1277703.875	2433813.625	2193936.4375	2891659.75	226188.0	1869514.375	5569722.5625	318623.0	3410504.75	5683445.5	248980.125	155846.0
Er_bonaepartis	Ae_umbellulata	T_boeoticum	102.63373053285996	0.0	0.7316984669330632	27406724.0	39632144.4375	2193936.4375	1869514.375	3410504.75	2010877.5625	1277703.875	2433813.625	2891659.75	5569722.5625	5683445.5	226188.0	248980.125	318623.0	155846.0
Ae_umbellulata	Er_bonaepartis	T_urartu	-112.704716833301	1.0	0.5486793333393167	65344324.5	3735648.3125	5059927.1875	944138.375	736382.625	5943747.0	1431289.8125	933955.875	839050.3125	13997196.5	729512.625	859652.0	1167238.75	1065047.125	71402.0
Ae_umbellulata	T_urartu	Er_bonaepartis	24.312604695172936	0.0	0.8492988544390141	65344324.5	5059927.1875	3735648.3125	944138.375	736382.625	5943747.0	839050.3125	859652.0	1431289.8125	13997196.5	1167238.75	933955.875	729512.625	1065047.125	71402.0
Er_bonaepartis	Ae_umbellulata	T_urartu	-99999.9	1.0	-0.27505400772842986	65344324.5	3735648.3125	5943747.0	1431289.8125	933955.875	5059927.1875	944138.375	736382.625	839050.3125	13997196.5	729512.625	859652.0	1065047.125	1167238.75	71402.0
Ae_umbellulata	Er_bonaepartis	Ta_caputMedusae	-32.95806479331061	1.0	0.7651723986288657	16374916.4375	889333.375	1171714.9375	275644.0	232411.5	1581363.0	313690.5625	193850.875	189718.0	3544888.5625	164012.875	184096.875	301068.0	284784.25	17828.75
Ae_umbellulata	Ta_caputMedusae	Er_bonaepartis	74.43391700446021	0.0	0.5906308314998585	16374916.4375	1171714.9375	889333.375	275644.0	232411.5	1581363.0	189718.0	184096.875	313690.5625	3544888.5625	301068.0	193850.875	164012.875	284784.25	17828.75
Er_bonaepartis	Ae_umbellulata	Ta_caputMedusae	-99999.9	1.0	1.794632612381881	16374916.4375	889333.375	1581363.0	313690.5625	193850.875	1171714.9375	275644.0	232411.5	189718.0	3544888.5625	164012.875	184096.875	284784.25	301068.0	17828.75
Ae_umbellulata	S_vavilovii	T_boeoticum	-76.70162656778963	1.0	2.8345505803282434	27710762.375	40105894.75	1707434.6875	1180475.3125	2224042.375	2269395.3125	1915688.3125	3585227.25	3051660.5	5826728.5	5995227.375	234093.125	276993.875	262944.75	160492.5
Ae_umbellulata	T_boeoticum	S_vavilovii	-195.2127444574626	1.0	0.3777561483625379	27710762.375	1707434.6875	40105894.75	1180475.3125	2224042.375	2269395.3125	3051660.5	234093.125	1915688.3125	5826728.5	276993.875	3585227.25	5995227.375	262944.75	160492.5
S_vavilovii	Ae_umbellulata	T_boeoticum	126.34371604349197	0.0	0.7179199235458339	27710762.375	40105894.75	2269395.3125	1915688.3125	3585227.25	1707434.6875	1180475.3125	2224042.375	3051660.5	5826728.5	5995227.375	234093.125	262944.75	276993.875	160492.5
Ae_umbellulata	S_vavilovii	T_urartu	-67.46434402403469	1.0	0.5827765666859746	65964010.8125	3905909.6875	4388350.625	989458.0	669322.625	6164592.8125	1279557.3125	1034581.625	874347.375	14518044.0	852939.125	787665.375	961893.75	1204300.125	72983.75
Ae_umbellulata	T_urartu	S_vavilovii	26.76966980341137	0.0	0.7787697944380201	65964010.8125	4388350.625	3905909.6875	989458.0	669322.625	6164592.8125	874347.375	787665.375	1279557.3125	14518044.0	961893.75	1034581.625	852939.125	1204300.125	72983.75
S_vavilovii	Ae_umbellulata	T_urartu	-99999.9	1.0	-0.6578175232041786	65964010.8125	3905909.6875	6164592.8125	1279557.3125	1034581.625	4388350.625	989458.0	669322.625	874347.375	14518044.0	852939.125	787665.375	1204300.125	961893.75	72983.75
Ae_umbellulata	S_vavilovii	Ta_caputMedusae	-53.5166021127028	1.0	0.5633464806738725	16396856.375	1049621.5	1125337.4375	249063.4375	164865.0	1592380.0625	307980.6875	258281.875	231968.875	3633675.125	215320.375	206745.75	271749.875	297310.25	18701.375
Ae_umbellulata	Ta_caputMedusae	S_vavilovii	15.52758996055024	0.0	0.8163975076894574	16396856.375	1125337.4375	1049621.5	249063.4375	164865.0	1592380.0625	231968.875	206745.75	307980.6875	3633675.125	271749.875	258281.875	215320.375	297310.25	18701.375
S_vavilovii	Ae_umbellulata	Ta_caputMedusae	-99999.9	1.0	-0.4087389769009942	16396856.375	1049621.5	1592380.0625	307980.6875	258281.875	1125337.4375	249063.4375	164865.0	231968.875	3633675.125	215320.375	206745.75	297310.25	271749.875	18701.375
Ae_umbellulata	T_boeoticum	T_urartu	-273.8075249908285	1.0	0.42751366794948065	112501583.0625	5660540.1875	161444857.1875	4512922.3125	7909907.75	8328972.875	12485130.5	792135.625	6531751.75	24071255.5	914566.75	12608866.875	24641037.5	998054.0	515948.125
Ae_umbellulata	T_urartu	T_boeoticum	-69.33721230802983	1.0	1.5131030969890786	112501583.0625	161444857.1875	5660540.1875	4512922.3125	7909907.75	8328972.875	6531751.75	12608866.875	12485130.5	24071255.5	24641037.5	792135.625	914566.75	998054.0	515948.125
T_boeoticum	Ae_umbellulata	T_urartu	92.8499117682545	0.0	0.20206404112105422	112501583.0625	5660540.1875	8328972.875	12485130.5	792135.625	161444857.1875	4512922.3125	7909907.75	6531751.75	24071255.5	914566.75	12608866.875	998054.0	24641037.5	515948.125
Ae_umbellulata	T_boeoticum	Ta_caputMedusae	-255.89716527344459	1.0	0.4096061485465246	27909246.75	1602002.625	40392701.6875	1114862.3125	2081705.375	2144618.625	3165703.25	204317.5	1742861.4375	6016116.3125	236317.875	3290901.25	6227654.25	255233.5	141774.25
Ae_umbellulata	Ta_caputMedusae	T_boeoticum	-78.35965868596458	1.0	1.79009234767603	27909246.75	40392701.6875	1602002.625	1114862.3125	2081705.375	2144618.625	1742861.4375	3290901.25	3165703.25	6016116.3125	6227654.25	204317.5	236317.875	255233.5	141774.25
T_boeoticum	Ae_umbellulata	Ta_caputMedusae	112.94523008101692	0.0	0.23442949573253968	27909246.75	1602002.625	2144618.625	3165703.25	204317.5	40392701.6875	1114862.3125	2081705.375	1742861.4375	6016116.3125	236317.875	3290901.25	255233.5	6227654.25	141774.25
Ae_umbellulata	T_urartu	Ta_caputMedusae	19.565934115272512	0.0	0.48212486507974245	66598383.4375	3960770.125	3764534.5625	1013414.75	713757.125	6044055.1875	913347.0	813195.0	1006506.8125	14961705.0	737657.125	845234.75	861087.25	1189959.625	64127.25
Ae_umbellulata	Ta_caputMedusae	T_urartu	-99999.9	1.0	1.0800902878922922	66598383.4375	3764534.5625	3960770.125	1013414.75	713757.125	6044055.1875	1006506.8125	845234.75	913347.0	14961705.0	861087.25	813195.0	737657.125	1189959.625	64127.25
T_urartu	Ae_umbellulata	Ta_caputMedusae	-1.4508428728043887	0.9265881478285426	0.064574836221548	66598383.4375	3960770.125	6044055.1875	913347.0	813195.0	3764534.5625	1013414.75	713757.125	1006506.8125	14961705.0	737657.125	845234.75	1189959.625	861087.25	64127.25
Ae_uniaristata	Er_bonaepartis	S_vavilovii	-38.36332871646426	1.0	0.596682080142762	21978510.625	1411607.375	1720286.5625	334762.0625	279547.875	1787694.625	389908.125	249966.0	308323.1875	4736550.6875	278785.375	287580.5	407594.75	313824.75	25211.5
Ae_uniaristata	S_vavilovii	Er_bonaepartis	18.39266860654846	0.0	0.7552495659232542	21978510.625	1720286.5625	1411607.375	334762.0625	279547.875	1787694.625	308323.1875	287580.5	389908.125	4736550.6875	407594.75	249966.0	278785.375	313824.75	25211.5
Er_bonaepartis	Ae_uniaristata	S_vavilovii	-99999.9	1.0	-0.9209845095413823	21978510.625	1411607.375	1787694.625	389908.125	249966.0	1720286.5625	334762.0625	279547.875	308323.1875	4736550.6875	278785.375	287580.5	313824.75	407594.75	25211.5
Ae_uniaristata	Er_bonaepartis	T_boeoticum	-24.096983124220014	1.0	1.1130721798842793	36783345.6875	54519417.0625	2771651.25	1837313.25	3520037.75	2739036.5625	2038400.6875	3674677.5	4017887.0	7574030.125	7877931.625	321260.25	394138.75	319000.625	201788.875
Ae_uniaristata	T_boeoticum	Er_bonaepartis	-261.30547739894075	1.0	0.4758311857907219	36783345.6875	2771651.25	54519417.0625	1837313.25	3520037.75	2739036.5625	4017887.0	321260.25	2038400.6875	7574030.125	394138.75	3674677.5	7877931.625	319000.625	201788.875
Er_bonaepartis	Ae_uniaristata	T_boeoticum	26.544891229131526	0.0	0.9155684114283783	36783345.6875	54519417.0625	2739036.5625	2038400.6875	3674677.5	2771651.25	1837313.25	3520037.75	4017887.0	7574030.125	7877931.625	321260.25	319000.625	394138.75	201788.875
Ae_uniaristata	Er_bonaepartis	T_urartu	-64.45440033495441	1.0	0.562447234189063	88037457.5625	5744733.8125	6743093.9375	1327995.9375	1297143.75	7052573.5625	1706075.4375	903511.375	1220077.4375	18940670.1875	1088327.25	1224368.5	1519861.375	1239158.0	95887.875
Ae_uniaristata	T_urartu	Er_bonaepartis	18.397776664822555	0.0	0.8182934806492158	88037457.5625	6743093.9375	5744733.8125	1327995.9375	1297143.75	7052573.5625	1220077.4375	1224368.5	1706075.4375	18940670.1875	1519861.375	903511.375	1088327.25	1239158.0	95887.875
Er_bonaepartis	Ae_uniaristata	T_urartu	-99999.9	1.0	-0.39945995165845555	88037457.5625	5744733.8125	7052573.5625	1706075.4375	903511.375	6743093.9375	1327995.9375	1297143.75	1220077.4375	18940670.1875	1088327.25	1224368.5	1239158.0	1519861.375	95887.875
Ae_uniaristata	Er_bonaepartis	Ta_caputMedusae	-9.51121168312862	1.0	0.8853640469528264	22129788.5	1317939.625	1590109.25	365034.375	361290.5	1818699.5625	380461.6875	194248.375	261312.4375	4812310.5625	242350.875	236413.25	386939.25	323835.5	23099.25
Ae_uniaristata	Ta_caputMedusae	Er_bonaepartis	63.946413462924056	0.0	0.5346103789212322	22129788.5	1590109.25	1317939.625	365034.375	361290.5	1818699.5625	261312.4375	236413.25	380461.6875	4812310.5625	386939.25	194248.375	242350.875	323835.5	23099.25
Er_bonaepartis	Ae_uniaristata	Ta_caputMedusae	-99999.9	1.0	1.1747253867378677	22129788.5	1317939.625	1818699.5625	380461.6875	194248.375	1590109.25	365034.375	361290.5	261312.4375	4812310.5625	242350.875	236413.25	323835.5	386939.25	23099.25
Ae_uniaristata	S_vavilovii	T_boeoticum	-42.502685199922745	1.0	1.1929722529134243	37251774.5	55341504.625	2332720.125	1685518.625	3181658.625	2789845.8125	2048678.8125	3789143.25	4293768.5625	7956167.9375	8415527.875	331775.5	349924.625	348182.875	205174.25
Ae_uniaristata	T_boeoticum	S_vavilovii	-305.2582023911436	1.0	0.4625865681279907	37251774.5	2332720.125	55341504.625	1685518.625	3181658.625	2789845.8125	4293768.5625	331775.5	2048678.8125	7956167.9375	349924.625	3789143.25	8415527.875	348182.875	205174.25
S_vavilovii	Ae_uniaristata	T_boeoticum	49.37781485852878	0.0	0.8777818704848089	37251774.5	55341504.625	2789845.8125	2048678.8125	3789143.25	2332720.125	1685518.625	3181658.625	4293768.5625	7956167.9375	8415527.875	331775.5	348182.875	349924.625	205174.25
Ae_uniaristata	S_vavilovii	T_urartu	-14.740958433750082	1.0	0.6320267860629173	88919123.0625	6105388.0	5841172.125	1370914.0625	1152524.25	7344082.125	1455729.3125	951312.75	1310051.5625	19711865.875	1346942.0	1120526.625	1232363.375	1436273.375	96724.5
Ae_uniaristata	T_urartu	S_vavilovii	10.577951284398882	0.0	0.7053237807158653	88919123.0625	5841172.125	6105388.0	1370914.0625	1152524.25	7344082.125	1310051.5625	1120526.625	1455729.3125	19711865.875	1232363.375	951312.75	1346942.0	1436273.375	96724.5
S_vavilovii	Ae_uniaristata	T_urartu	-99999.9	1.0	-2.540939975576917	88919123.0625	6105388.0	7344082.125	1455729.3125	951312.75	5841172.125	1370914.0625	1152524.25	1310051.5625	19711865.875	1346942.0	1120526.625	1436273.375	1232363.375	96724.5
Ae_uniaristata	S_vavilovii	Ta_caputMedusae	-25.239377403306015	1.0	0.4859055761566506	22182896.9375	1551180.5625	1527927.9375	327778.5625	260227.5	1813755.5	369967.625	273393.875	330091.875	4946545.875	332287.75	271431.5	349946.875	346819.125	24268.5
Ae_uniaristata	Ta_caputMedusae	S_vavilovii	-1.3839266335744127	0.9168094820571415	1.0615857929880084	22182896.9375	1527927.9375	1551180.5625	327778.5625	260227.5	1813755.5	330091.875	271431.5	369967.625	4946545.875	349946.875	273393.875	332287.75	346819.125	24268.5
S_vavilovii	Ae_uniaristata	Ta_caputMedusae	1.464212390720814	0.07156800241902639	0.05198177625351455	22182896.9375	1551180.5625	1813755.5	369967.625	273393.875	1527927.9375	327778.5625	260227.5	330091.875	4946545.875	332287.75	271431.5	346819.125	349946.875	24268.5
Ae_uniaristata	T_boeoticum	T_urartu	-295.7960729258487	1.0	0.491954621666306	150059663.875	9021920.375	219928118.25	7524267.625	13519647.875	11468748.75	16955813.625	1090104.625	7822982.5	32285657.0	1213145.0	15087920.125	33472483.75	1402708.5	719730.125
Ae_uniaristata	T_urartu	T_boeoticum	-9.368420293930132	1.0	1.033813781316269	150059663.875	219928118.25	9021920.375	7524267.625	13519647.875	11468748.75	7822982.5	15087920.125	16955813.625	32285657.0	33472483.75	1090104.625	1213145.0	1402708.5	719730.125
T_boeoticum	Ae_uniaristata	T_urartu	9.674840773926558	0.0	0.030699575153990927	150059663.875	9021920.375	11468748.75	16955813.625	1090104.625	219928118.25	7524267.625	13519647.875	7822982.5	32285657.0	1213145.0	15087920.125	1402708.5	33472483.75	719730.125
Ae_uniaristata	T_boeoticum	Ta_caputMedusae	-315.6072388004392	1.0	0.47709532580348346	37367223.0	2359030.375	55307640.4375	1755576.5625	3301787.875	2783153.875	4335360.5	303259.75	1981579.9375	8096774.3125	312108.625	3715757.75	8499207.75	353932.75	189132.5
Ae_uniaristata	Ta_caputMedusae	T_boeoticum	-27.648943815214434	1.0	1.1062157148444378	37367223.0	55307640.4375	2359030.375	1755576.5625	3301787.875	2783153.875	1981579.9375	3715757.75	4335360.5	8096774.3125	8499207.75	303259.75	312108.625	353932.75	189132.5
T_boeoticum	Ae_uniaristata	Ta_caputMedusae	30.303717466156176	0.0	0.0805490045496811	37367223.0	2359030.375	2783153.875	4335360.5	303259.75	55307640.4375	1755576.5625	3301787.875	1981579.9375	8096774.3125	312108.625	3715757.75	353932.75	8499207.75	189132.5
Ae_uniaristata	T_urartu	Ta_caputMedusae	-99999.9	1.0	-0.01871681084560933	89486138.8125	5597491.375	5704518.25	1506494.6875	1339064.875	7445554.4375	1228483.75	1018421.375	1223375.875	20127077.6875	1055603.25	849317.875	1228633.5	1501856.875	87878.375
Ae_uniaristata	Ta_caputMedusae	T_urartu	0.8228059974363809	0.20530910833775518	0.017721728144969227	89486138.8125	5704518.25	5597491.375	1506494.6875	1339064.875	7445554.4375	1223375.875	849317.875	1228483.75	20127077.6875	1228633.5	1018421.375	1055603.25	1501856.875	87878.375
T_urartu	Ae_uniaristata	Ta_caputMedusae	-44.78360702403723	1.0	0.5045514205939001	89486138.8125	5597491.375	7445554.4375	1228483.75	1018421.375	5704518.25	1506494.6875	1339064.875	1223375.875	20127077.6875	1055603.25	849317.875	1501856.875	1228633.5	87878.375
Er_bonaepartis	S_vavilovii	T_boeoticum	-20.668624121593	1.0	1.074296889993652	9352570.375	14033748.25	566540.3125	418838.1875	763774.375	681156.875	459099.375	874114.375	1041256.5625	1918843.8125	2035914.25	76374.125	80088.625	95702.25	49461.25
Er_bonaepartis	T_boeoticum	S_vavilovii	-319.5268753373884	1.0	0.4832882266777681	9352570.375	566540.3125	14033748.25	418838.1875	763774.375	681156.875	1041256.5625	76374.125	459099.375	1918843.8125	80088.625	874114.375	2035914.25	95702.25	49461.25
S_vavilovii	Er_bonaepartis	T_boeoticum	22.098037635664713	0.0	0.9392448631611452	9352570.375	14033748.25	681156.875	459099.375	874114.375	566540.3125	418838.1875	763774.375	1041256.5625	1918843.8125	2035914.25	76374.125	95702.25	80088.625	49461.25
Er_bonaepartis	S_vavilovii	T_urartu	-99999.9	1.0	-0.061732628281786356	22530727.1875	1465651.75	1425192.6875	391145.25	245580.375	1709903.125	320895.3125	288987.875	316810.75	4831024.3125	286518.25	266067.75	299712.25	407358.625	25169.5
Er_bonaepartis	T_urartu	S_vavilovii	2.6255971660018824	0.004324894165029791	0.05208634698992991	22530727.1875	1425192.6875	1465651.75	391145.25	245580.375	1709903.125	316810.75	266067.75	320895.3125	4831024.3125	299712.25	288987.875	286518.25	407358.625	25169.5
S_vavilovii	Er_bonaepartis	T_urartu	-45.157354505362385	1.0	0.5141251803120235	22530727.1875	1465651.75	1709903.125	320895.3125	288987.875	1425192.6875	391145.25	245580.375	316810.75	4831024.3125	286518.25	266067.75	407358.625	299712.25	25169.5
Er_bonaepartis	S_vavilovii	Ta_caputMedusae	-19.256416080126428	1.0	0.7351503991930496	5658599.0	339576.25	375637.5625	84026.1875	48490.0	386971.0	90984.25	91593.5	71670.5625	1222478.1875	62159.5	60600.875	75891.25	88947.625	5817.25
Er_bonaepartis	Ta_caputMedusae	S_vavilovii	34.19415331926263	0.0	0.6098549660653353	5658599.0	375637.5625	339576.25	84026.1875	48490.0	386971.0	71670.5625	60600.875	90984.25	1222478.1875	75891.25	91593.5	62159.5	88947.625	5817.25
S_vavilovii	Er_bonaepartis	Ta_caputMedusae	-99999.9	1.0	2.2891119834184415	5658599.0	339576.25	386971.0	90984.25	91593.5	375637.5625	84026.1875	48490.0	71670.5625	1222478.1875	62159.5	60600.875	88947.625	75891.25	5817.25
Er_bonaepartis	T_boeoticum	T_urartu	-299.75131654841135	1.0	0.5137966690579515	37660464.0	2116640.625	55718617.25	1891771.125	3166858.5	2768715.25	4129764.875	308676.75	1764759.0	7738794.875	304629.0	3408805.5	8134061.5	424631.25	197064.5
Er_bonaepartis	T_urartu	T_boeoticum	17.011688118593444	0.0	0.949032420712852	37660464.0	55718617.25	2116640.625	1891771.125	3166858.5	2768715.25	1764759.0	3408805.5	4129764.875	7738794.875	8134061.5	308676.75	304629.0	424631.25	197064.5
T_boeoticum	Er_bonaepartis	T_urartu	-99999.9	1.0	-0.06016732855265853	37660464.0	2116640.625	2768715.25	4129764.875	308676.75	55718617.25	1891771.125	3166858.5	1764759.0	7738794.875	304629.0	3408805.5	424631.25	8134061.5	197064.5
Er_bonaepartis	T_boeoticum	Ta_caputMedusae	-385.4244898803116	1.0	0.4966738481213654	9425038.375	502674.0	14144513.25	383509.5	675753.375	621553.1875	1067280.5625	79305.875	392546.6875	1961213.4375	71496.5	746241.25	2087237.625	99773.0	45186.375
Er_bonaepartis	Ta_caputMedusae	T_boeoticum	-5.094034499508008	0.9999998244351929	1.0135755332266092	9425038.375	14144513.25	502674.0	383509.5	675753.375	621553.1875	392546.6875	746241.25	1067280.5625	1961213.4375	2087237.625	79305.875	71496.5	99773.0	45186.375
T_boeoticum	Er_bonaepartis	Ta_caputMedusae	5.162262502590738	1.2221634382303392e-07	0.013044283898178174	9425038.375	502674.0	621553.1875	1067280.5625	79305.875	14144513.25	383509.5	675753.375	392546.6875	1961213.4375	71496.5	746241.25	99773.0	2087237.625	45186.375
Er_bonaepartis	T_urartu	Ta_caputMedusae	-99999.9	1.0	-5.418780818349966	22781759.875	1234964.25	1408765.3125	419222.6875	234443.125	1624990.6875	328345.1875	318438.25	251625.75	4940863.0	241895.625	213003.625	285915.875	422650.0	22694.75
Er_bonaepartis	Ta_caputMedusae	T_urartu	54.78980449916764	0.0	0.31401676412397656	22781759.875	1408765.3125	1234964.25	419222.6875	234443.125	1624990.6875	251625.75	213003.625	328345.1875	4940863.0	285915.875	318438.25	241895.625	422650.0	22694.75
T_urartu	Er_bonaepartis	Ta_caputMedusae	-64.90089891982207	1.0	0.6484081718912726	22781759.875	1234964.25	1624990.6875	328345.1875	318438.25	1408765.3125	419222.6875	234443.125	251625.75	4940863.0	241895.625	213003.625	422650.0	285915.875	22694.75
S_vavilovii	T_boeoticum	T_urartu	-339.7359514090717	1.0	0.5274983404022222	38056484.1875	2227435.0625	56475185.8125	1893028.3125	3281536.375	2382539.125	4335694.125	275911.75	1608715.0	8096451.0	319945.25	3081986.875	8581396.625	371600.375	199994.125
S_vavilovii	T_urartu	T_boeoticum	39.543458309425276	0.0	0.9055842903334758	38056484.1875	56475185.8125	2227435.0625	1893028.3125	3281536.375	2382539.125	1608715.0	3081986.875	4335694.125	8096451.0	8581396.625	275911.75	319945.25	371600.375	199994.125
T_boeoticum	S_vavilovii	T_urartu	-99999.9	1.0	-0.1317270058991754	38056484.1875	2227435.0625	2382539.125	4335694.125	275911.75	56475185.8125	1893028.3125	3281536.375	1608715.0	8096451.0	319945.25	3081986.875	371600.375	8581396.625	199994.125
S_vavilovii	T_boeoticum	Ta_caputMedusae	-342.72821096469653	1.0	0.5107602406014368	9450888.25	605207.4375	14153911.875	455588.0625	844651.375	603794.625	1087554.5625	73685.125	427789.375	2013817.8125	80640.375	808471.625	2136453.25	90724.0	49929.25
S_vavilovii	Ta_caputMedusae	T_boeoticum	15.075790305406484	0.0	0.9595693018339568	9450888.25	14153911.875	605207.4375	455588.0625	844651.375	603794.625	427789.375	808471.625	1087554.5625	2013817.8125	2136453.25	73685.125	80640.375	90724.0	49929.25
T_boeoticum	S_vavilovii	Ta_caputMedusae	-99999.9	1.0	-0.04601153342640212	9450888.25	605207.4375	603794.625	1087554.5625	73685.125	14153911.875	455588.0625	844651.375	427789.375	2013817.8125	80640.375	808471.625	90724.0	2136453.25	49929.25
S_vavilovii	T_urartu	Ta_caputMedusae	13.60234934126917	0.0	0.1423698711610171	22825647.375	1452889.5	1406618.375	399553.625	308727.625	1564577.875	282572.125	214804.125	301991.5	5069465.625	303716.0	234866.875	292763.0	372463.5	23310.875
S_vavilovii	Ta_caputMedusae	T_urartu	-99999.9	1.0	-0.24851153817852584	22825647.375	1406618.375	1452889.5	399553.625	308727.625	1564577.875	301991.5	234866.875	282572.125	5069465.625	292763.0	214804.125	303716.0	372463.5	23310.875
T_urartu	S_vavilovii	Ta_caputMedusae	-68.33763222176684	1.0	0.4547425960570956	22825647.375	1452889.5	1564577.875	282572.125	214804.125	1406618.375	399553.625	308727.625	301991.5	5069465.625	303716.0	234866.875	372463.5	292763.0	23310.875
T_boeoticum	T_urartu	Ta_caputMedusae	22.188690010818057	0.0	0.05008622578701563	38386738.75	2206120.375	2023636.5625	4501382.8125	287625.0	56846233.625	1541157.375	2922098.625	1697241.5625	8330798.4375	325454.125	2947855.25	321112.375	8876241.875	176415.25
T_boeoticum	Ta_caputMedusae	T_urartu	-99999.9	1.0	-0.05894290939208188	38386738.75	2023636.5625	2206120.375	4501382.8125	287625.0	56846233.625	1697241.5625	2947855.25	1541157.375	8330798.4375	321112.375	2922098.625	325454.125	8876241.875	176415.25
T_urartu	T_boeoticum	Ta_caputMedusae	-398.6324427821863	1.0	0.4864612891613516	38386738.75	2206120.375	56846233.625	1541157.375	2922098.625	2023636.5625	4501382.8125	287625.0	1697241.5625	8330798.4375	325454.125	2947855.25	8876241.875	321112.375	176415.25
