P1	Hybrid	P2	Zscore	Pvalue	Gamma	AAAA	AAAB	AABA	AABB	AABC	ABAA	ABAB	ABAC	ABBA	BAAA	ABBC	CABC	BACA	BCAA	ABCD
Ae_bicornis	Ae_caudata	Ae_comosa	42.884692706047	0.0	0.24584584339665042	93494351.5625	8918334.8125	6203721.875	1916038.0	2302017.0	6608355.25	1110794.0	860078.625	1373294.5625	21023321.3125	1552434.75	961740.75	1188842.75	1273118.375	94334.375
Ae_bicornis	Ae_caudata	Ae_longissima	12.491478440898824	0.0	0.30431682301904683	136647453.0625	16825886.9375	10068145.25	2584784.25	3452362.5	9529755.125	2301367.75	1427627.125	2425344.3125	30907387.1875	2867808.5	2014769.0	2088393.25	1744869.875	147085.875
Ae_bicornis	Ae_caudata	Ae_mutica	67.15266427867842	0.0	0.5770091392091402	191433607.6875	13795884.75	15180839.5	3217096.5625	3359853.25	14445129.375	2290347.0625	1400190.875	3554542.0625	42844911.125	2783900.625	3339741.625	2869071.375	2718739.0	190623.125
Ae_bicornis	Ae_caudata	Ae_searsii	67.9794987350616	0.0	0.4850046662868831	121555547.3125	29331709.0625	7577310.0	2919364.0	4357476.125	7734999.0625	2042582.0625	2161075.75	2868304.75	26950866.625	5013604.0	654938.625	1374008.5	1412630.0	159879.125
Ae_bicornis	Ae_sharonensis	Ae_caudata	30.972922073655166	0.0	0.5575244602061475	95123015.6875	7287268.5	7584181.0	1531971.3125	1879989.75	6473379.625	1320582.9375	1247767.75	1586934.8125	21617861.0	1573031.5	806373.375	1397817.375	1183678.125	84780.25
Ae_bicornis	Ae_caudata	Ae_speltoides	68.73626551207158	0.0	0.6002496752268327	186878433.0	17084883.375	14306364.4375	3228214.4375	3769836.75	13869861.0	2294684.0	1566100.625	3696437.3125	41442393.9375	3346346.375	3010408.5	2651104.625	2455701.375	197616.25
Ae_bicornis	Ae_caudata	Ae_tauschii	55.37622474285201	0.0	0.4207456584077656	189531082.3125	16245394.375	14200188.5	3412823.3125	3888208.0	13570632.375	2378928.3125	1738219.125	3129905.5625	42804003.875	2956208.625	2851779.0	2603846.0	2502262.125	187567.5
Ae_bicornis	Ae_caudata	Ae_umbellulata	75.54759468470999	0.0	0.5053291553548941	140539180.8125	13728024.25	10872558.875	2592583.6875	2747260.625	10532419.5625	1706412.25	1227445.375	2611677.375	31580664.0625	2511392.75	2397221.125	1978848.25	1945272.875	144726.125
Ae_bicornis	Ae_uniaristata	Ae_caudata	27.3858158332365	0.0	0.6974032396592303	195571911.1875	16144944.5	11077816.0	2591727.8125	2272499.0	11947052.75	2267814.8125	1806464.0	3014346.1875	44193871.125	3196569.0	2427859.125	2160887.375	2360132.375	158828.75
Ae_bicornis	Ae_caudata	S_vavilovii	47.907633195404344	0.0	0.7755537286384612	48060950.6875	3486426.75	4060727.0	746595.8125	748334.5	3665245.0	593129.1875	379432.625	1123419.1875	10519851.5	757648.125	942860.625	763109.125	696729.5	55023.375
Ae_bicornis	Ae_caudata	T_boeoticum	109.99192526817495	0.0	0.7921785059149666	80486634.25	121303567.0625	5815752.125	4686437.9375	8782308.875	6319085.1875	2946733.375	5549283.125	9578177.1875	17247112.875	18595524.625	668298.0	612064.875	836679.25	347290.25
Ae_bicornis	Ae_caudata	T_urartu	63.159754191274445	0.0	0.6679039022037886	193388527.9375	13668038.5	15595303.4375	3164876.5	3284921.875	14715759.5625	2339385.375	1489933.875	3999593.8125	42735966.0	3081106.0	3819166.75	2942055.0	2662853.25	205090.125
Ae_bicornis	Ae_caudata	Ta_caputMedusae	6.513793252209463	3.682021354478593e-11	0.9398083472918254	48229775.8125	3496195.25	4136846.0	688761.6875	691454.0	3516071.875	666679.6875	449752.625	1011459.1875	10758073.875	669146.625	924959.875	823392.875	627382.5	50735.125
Ae_bicornis	Ae_longissima	Ae_comosa	27.279967785269054	0.0	0.16743330520550287	89923118.375	7735225.9375	9515944.3125	2249855.75	3288294.125	6632904.5625	1344361.0	1154204.625	1526460.5	20465002.5625	1404341.875	884151.75	1568792.0	1242808.0	108522.625
Ae_bicornis	Ae_comosa	Ae_mutica	52.65230133716659	0.0	0.38754832006768664	124489514.75	8362491.75	12738997.5625	2438001.5625	2759498.125	9915690.5625	1689974.9375	935299.0	2163312.625	27957833.5	1678877.125	2059945.5	2215498.25	1901076.375	137740.375
Ae_bicornis	Ae_comosa	Ae_searsii	40.29691500420059	0.0	0.28579448022124204	78976494.9375	18466428.5	6796483.0	2267533.5625	3559308.75	5195610.4375	1557127.75	1593849.375	1841401.75	17451130.9375	3174003.875	488535.125	1147040.625	952751.875	120297.5
Ae_bicornis	Ae_sharonensis	Ae_comosa	71.92095648611975	0.0	0.45146666330535334	62062727.6875	6035494.6875	4486132.6875	1216625.8125	1615467.375	4419976.75	789611.5	796619.125	1141062.75	14158363.0	1152445.875	580777.625	794037.875	827754.25	62621.0
Ae_bicornis	Ae_comosa	Ae_speltoides	60.847905186040805	0.0	0.38290791344675273	121764440.0	10203562.0	11847463.3125	2586609.5625	3270159.375	9537315.4375	1689718.9375	1055271.375	2246242.875	27054878.625	2042612.5	1842645.125	2073114.375	1754505.625	144154.875
Ae_bicornis	Ae_comosa	Ae_tauschii	15.228018013850209	0.0	0.12154603512869698	123509451.0	9630187.0625	11831817.625	2700961.4375	3318329.125	9351683.6875	1735151.375	1171312.875	1868784.3125	27961994.75	1750819.375	1739355.875	1995283.5	1809155.375	136457.625
Ae_bicornis	Ae_comosa	Ae_umbellulata	48.77636562315981	0.0	0.2685350911045859	91945501.9375	7925013.625	8822546.0625	2093053.25	2565204.125	7251923.5	1233504.8125	804651.125	1549061.875	20655680.5625	1453072.75	1443281.625	1474302.125	1391857.0	106501.625
Ae_bicornis	Ae_uniaristata	Ae_comosa	78.78184860691196	0.0	0.5404810073004439	126817893.625	13901492.9375	6809134.875	2048189.8125	1768114.75	8227598.375	1310624.0625	1153336.0	2178140.5	28850135.0625	2478892.625	1716961.375	1280184.125	1648738.875	111418.0
Ae_bicornis	Ae_comosa	Er_bonaepartis	44.691026104306545	0.0	0.7720683028662871	30912151.5625	2475332.5	3343792.0	533570.5625	626475.625	2413370.375	434649.6875	295472.125	769722.3125	6592987.375	584543.0	528088.5	552053.125	418077.375	38216.875
Ae_bicornis	Ae_comosa	S_vavilovii	52.696786471198735	0.0	0.6824761163151514	31200415.0	2174799.9375	3431422.3125	562018.5	609185.0	2519469.25	443715.3125	253829.0	697992.5625	6848924.875	487887.625	576017.375	603453.5	485635.875	39111.875
Ae_bicornis	Ae_comosa	T_boeoticum	168.92697134428565	0.0	0.6618668750843533	52582351.75	77476293.875	4833491.125	4081805.75	7718820.75	4372510.625	2030249.5	3851343.25	6045996.625	11259247.5	11754082.0	446274.125	411098.625	637974.625	260520.875
Ae_bicornis	Ae_comosa	T_urartu	70.59733619613269	0.0	0.4740902038550912	126073708.0625	8012147.9375	12820903.1875	2496774.6875	2862230.875	10148923.75	1686331.75	977985.5	2416919.125	27923128.875	1847362.25	2336648.375	2213140.375	1893872.875	146282.375
Ae_bicornis	Ae_comosa	Ta_caputMedusae	43.18782357180604	0.0	0.5515077206823461	31414032.8125	2041446.1875	3378467.0	570098.75	641180.0	2449991.8125	465413.8125	275825.375	594144.125	7039788.125	389421.5	538155.75	615441.25	458348.5	35878.0
Ae_bicornis	Ae_longissima	Ae_mutica	65.15638356432967	0.0	0.4798348141255465	183805507.9375	12136620.9375	22179446.25	3812069.0	4771941.125	15022750.625	2691988.625	1637264.375	3725224.9375	41533067.5625	2651688.875	2707832.25	3811797.125	2913151.125	207906.25
Ae_bicornis	Ae_longissima	Ae_searsii	53.661230844201945	0.0	0.30114475818067227	116274400.0625	27036894.3125	12150309.5625	3711950.8125	6060681.5	7768166.5625	2355808.9375	2889020.875	2940186.0625	26168126.5625	4704256.5	786470.75	1883121.125	1416199.25	180261.125
Ae_bicornis	Ae_sharonensis	Ae_longissima	59.81140542396885	0.0	0.1763839947083724	92772645.5625	9289729.6875	5337616.5	2488995.125	3300508.625	7237340.4375	869663.3125	868051.75	1216456.25	21849283.75	1591447.5	860362.25	890296.125	1512106.875	91026.25
Ae_bicornis	Ae_longissima	Ae_speltoides	78.7947946264962	0.0	0.41336344009139825	180230823.375	14311479.875	20173392.125	4232102.125	5884075.5	14420476.8125	2579057.9375	1841918.5	3743847.3125	40374274.6875	3027824.75	2422016.875	3386714.375	2647857.75	219088.0
Ae_bicornis	Ae_longissima	Ae_tauschii	37.97608677590448	0.0	0.2456200223932805	182427621.8125	13787826.3125	20581046.375	4265380.25	5851675.25	14101084.8125	2715152.6875	2092095.625	3219894.25	41688965.125	2656045.25	2309305.0	3397473.5	2734714.0	209491.75
Ae_bicornis	Ae_longissima	Ae_umbellulata	69.33597293708796	0.0	0.3437019678969326	135890500.0	11279858.75	15327907.0	3316801.75	4548245.25	10996944.0625	1939139.4375	1361963.25	2660618.4375	30751461.8125	2268202.75	1882050.25	2561881.75	2136112.375	163580.125
Ae_longissima	Ae_bicornis	Ae_uniaristata	39.13444509983574	0.0	0.2556808009757333	185311673.875	11423113.4375	11756414.875	3837543.6875	3285711.875	25743692.3125	2405787.0	2637881.875	2897609.1875	42366190.875	2284560.125	1837429.25	2196724.125	4414609.5	177347.0
Ae_bicornis	Ae_longissima	Er_bonaepartis	54.74008257747852	0.0	0.7560646165178191	45718337.4375	3515335.0	5696008.0	881233.8125	1142833.25	3653138.25	691720.6875	481223.375	1279106.4375	9788843.0	903080.625	674675.875	932853.625	648747.0	57459.625
Ae_bicornis	Ae_longissima	S_vavilovii	46.95879865590898	0.0	0.7403816131221073	46008208.9375	3157204.0625	6007462.1875	874063.1875	1034286.125	3810505.25	712287.75	423477.25	1173640.125	10156372.375	755751.75	766931.0	1029590.75	740711.75	58591.5
Ae_bicornis	Ae_longissima	T_boeoticum	198.263530709864	0.0	0.5919941435201939	78231175.375	112945749.5625	7967779.0	7260150.5625	13923097.0	6583973.625	3157819.1875	6107358.25	9110077.25	16933847.9375	17475345.125	633854.5	551459.25	938251.25	370410.125
Ae_bicornis	Ae_longissima	T_urartu	87.1179305943533	0.0	0.4857548716227584	186394163.25	11259805.25	21930962.4375	4006390.0625	5028746.5	15655190.4375	2490451.1875	1443287.875	3922403.875	41730839.75	2683895.375	2876526.0	3611583.125	3054999.25	213506.625
Ae_bicornis	Ae_longissima	Ta_caputMedusae	50.654164862727	0.0	0.6083966000238789	46429054.875	2920665.0625	5809630.3125	912683.0	1113123.0	3743501.375	731262.8125	453765.875	1013117.9375	10483751.625	608751.5	703501.5	1031414.875	735562.125	55243.125
Ae_mutica	Ae_bicornis	Ae_searsii	36.01047965066629	0.0	0.4440410600536667	160607185.0625	41588049.3125	11332022.6875	4168366.8125	5005572.625	11080072.3125	3461618.8125	4939790.5	4026094.1875	35400579.6875	7123931.75	922236.5	1984136.0	2168442.875	245819.875
Ae_bicornis	Ae_sharonensis	Ae_mutica	77.3566880631403	0.0	0.6284551882036875	127419728.625	9071690.375	10336039.125	2183567.0	2505373.375	9962886.9375	1488543.6875	1108741.375	2664151.5625	28897191.6875	2031836.75	1797092.25	1889991.875	1885829.5	123086.875
Ae_bicornis	Ae_mutica	Ae_speltoides	10.721706089150958	0.0	0.09040576130390758	252048259.5625	21845686.6875	16491202.125	5260101.25	5528418.625	22319542.3125	3376214.8125	3082342.625	3563456.75	56498544.375	4076927.375	2392389.5	3018030.375	4339829.25	268617.375
Ae_bicornis	Ae_tauschii	Ae_mutica	40.45197353272712	0.0	0.37728126783114635	253485808.875	18244300.625	22733635.3125	4687302.3125	4787990.375	21162128.4375	3508989.0625	2532656.0	4222883.625	57368004.25	3489895.125	3720390.0	4089969.0	4136663.125	263001.875
Ae_bicornis	Ae_umbellulata	Ae_mutica	4.9774480222417425	3.2263883353866873e-07	0.10653154892021419	188246562.4375	13831335.6875	18894301.625	3549567.0	3562080.5	16463520.9375	2968045.6875	2035264.75	3037382.625	42223429.375	2719669.625	2481269.875	3543080.875	3196575.75	201411.25
Ae_bicornis	Ae_uniaristata	Ae_mutica	38.27537446021797	0.0	0.816529203301729	260657718.4375	21419788.875	16511862.5625	3307511.0	2617985.625	18068698.3125	2702553.625	1801324.0	5394891.4375	58953515.625	4305134.125	5226023.25	3042595.75	3485148.875	236885.5
Ae_bicornis	Ae_mutica	Er_bonaepartis	38.00158732531591	0.0	0.7290849729601793	63896231.0	5394660.25	4914359.5625	1040021.4375	994364.0	5622199.0	875194.5	814829.25	1318775.8125	13756672.9375	1205533.25	704530.125	869309.5	1001139.625	71668.75
Ae_bicornis	Ae_mutica	S_vavilovii	58.796160886777635	0.0	0.4486711155240492	64757350.5	4574576.0625	4836909.875	1202615.5625	1055178.0	5985476.75	851930.9375	660960.75	1137317.875	14317468.1875	998857.125	742248.25	959567.75	1242332.75	72623.625
Ae_bicornis	Ae_mutica	T_boeoticum	24.388718562879518	0.0	0.9294006784006595	107234832.1875	164171563.875	7878942.5625	6063393.25	11222226.625	9975704.875	5507083.3125	10463780.75	12830593.25	23005150.0625	25042388.375	936551.375	902972.125	1291734.125	530389.25
Ae_bicornis	Ae_mutica	T_urartu	30.416788780400495	0.0	0.2569689596274416	260426084.6875	17876174.5625	18788046.0	4893778.5	4499035.25	23845221.1875	3405795.3125	2562740.5	3920397.625	58166081.75	3857660.125	3052842.5	3552994.5	4712307.125	266797.375
Ae_bicornis	Ae_mutica	Ta_caputMedusae	6.762561886468351	6.817435505013236e-12	0.12960590527849064	65019779.0625	4498705.875	4959654.1875	1120877.25	990492.125	5780473.4375	919391.625	736108.25	949393.8125	14678105.375	807119.875	708192.5	988760.75	1123547.125	65625.75
Ae_bicornis	Ae_sharonensis	Ae_searsii	74.58892853585144	0.0	0.562262296099402	80518110.0625	19674510.875	5538569.25	1968813.6875	3007661.125	5245831.1875	1391344.5	1879190.625	2133088.125	18247053.1875	3529086.75	440007.625	920050.5	946794.375	101706.125
Ae_bicornis	Ae_searsii	Ae_speltoides	14.326535854754544	0.0	0.5651045309361885	157733925.0625	13076715.375	39228823.375	3977327.3125	6059491.125	11045996.25	3756971.8125	941598.0	4043302.4375	34526920.75	2432401.375	4515146.125	6572741.25	1889369.125	255564.625
Ae_bicornis	Ae_tauschii	Ae_searsii	24.19821327510659	0.0	0.3401899765061351	160370472.125	39342026.4375	12069437.75	4134550.3125	6248280.625	10861371.3125	3461087.5	4201865.125	3808316.6875	35802768.375	6584532.375	987620.375	2016929.25	1967864.375	237849.375
Ae_bicornis	Ae_searsii	Ae_umbellulata	9.24163525158413	0.0	0.43695762832339996	118436788.9375	10585729.75	29742647.625	3038429.4375	4638969.25	8284216.125	2900303.8125	764736.875	3007498.3125	26107186.875	1902748.375	3549619.0	5018247.5	1414158.375	190590.75
Ae_bicornis	Ae_uniaristata	Ae_searsii	5.909941030569198	1.7169077271006472e-09	0.9588241215310944	164244149.625	43044947.25	8515612.0	2721124.5	3620745.875	9366812.0625	2640667.9375	2833044.875	4514184.5625	36722978.5625	7539056.0	1386197.75	1563696.625	1724736.75	188629.625
Ae_searsii	Ae_bicornis	Er_bonaepartis	46.52148460062423	0.0	0.7523587448928354	39918172.4375	3169131.6875	2771132.625	982938.25	286603.75	10522504.4375	812423.6875	1217108.75	1330463.875	8341943.375	730403.875	1278951.875	432140.625	1706693.75	69555.0
Ae_searsii	Ae_bicornis	S_vavilovii	50.005863859477955	0.0	0.6927388551702063	40302863.4375	2738587.625	2900151.0	1016215.5625	240528.375	10677890.8125	831311.125	1180225.0	1248189.375	8657751.9375	603773.875	1364034.375	502847.75	1814315.25	71850.5
Ae_bicornis	Ae_searsii	T_boeoticum	259.4604783985528	0.0	0.3679871920939486	70542082.8125	96656023.25	13657212.6875	11062317.875	21597967.625	5117087.5625	2035961.0	3505957.125	7291524.9375	14486855.75	13854787.0	852120.0	973260.0	933823.25	460629.125
Ae_searsii	Ae_bicornis	T_urartu	35.24351675357474	0.0	0.6660905234917225	162548500.375	10520670.0625	11632088.6875	4045326.0	980343.875	42016824.8125	3524398.25	5130844.5	4563557.25	35320375.0625	2328490.5	5508868.875	1935692.875	7132272.0	263721.875
Ae_searsii	Ae_bicornis	Ta_caputMedusae	67.97715638456026	0.0	0.5413598930690842	40491721.875	2705097.125	2797800.875	1083810.125	283027.25	10812041.125	801457.0	1140208.625	1134735.0	8914083.625	514810.875	1319793.625	473191.875	1897745.5	65935.5
Ae_bicornis	Ae_sharonensis	Ae_speltoides	96.0438936765274	0.0	0.5747959322772783	124748220.125	10887417.8125	9383362.1875	2359824.5	2992279.625	9637153.625	1427371.9375	1216353.25	2687872.4375	28116516.625	2348479.25	1574118.375	1662526.375	1748423.125	126204.75
Ae_bicornis	Ae_sharonensis	Ae_tauschii	78.4566767460801	0.0	0.4997483576217955	126245360.625	10545310.9375	9634450.25	2370822.8125	2978687.625	9382986.9375	1533524.5	1410655.25	2369980.4375	28955009.5	2131328.25	1551596.0	1674963.125	1776064.375	123277.375
Ae_bicornis	Ae_sharonensis	Ae_umbellulata	91.52660418154565	0.0	0.5542611972207941	93718680.5625	8818053.375	7328674.8125	1792837.25	2200860.5	7301770.375	1108857.6875	947203.0	1959363.25	21328433.3125	1809489.75	1267919.25	1284733.875	1398757.5	94177.5
Ae_sharonensis	Ae_bicornis	Ae_uniaristata	68.83789362554425	0.0	0.4489168577652293	129017416.1875	8225899.3125	7840265.5	2189014.625	2199360.625	12029082.4375	1409497.1875	1373096.125	2044498.5	29593432.625	1709090.875	1174715.625	1445591.75	2178471.125	108010.5
Ae_bicornis	Ae_sharonensis	Er_bonaepartis	33.535354041434196	0.0	0.8768205600329493	31627504.1875	2655454.1875	2754899.8125	475856.5625	553970.75	2404106.4375	402769.8125	343089.125	923018.6875	6804523.1875	681886.5	467003.125	476675.75	412847.625	34003.25
Ae_bicornis	Ae_sharonensis	S_vavilovii	44.45257427570261	0.0	0.8219658382527053	31905877.4375	2379624.5625	2862859.75	488524.0	503441.5	2530289.0	393047.25	295696.25	833853.8125	7088448.0625	558684.375	518508.0	503115.0	486125.25	34203.75
Ae_bicornis	Ae_sharonensis	T_boeoticum	119.4863147743214	0.0	0.7746362602306097	53753189.5	80138773.3125	3910771.25	3406706.3125	6433316.375	4363675.0	2095307.0625	4074176.625	6602941.75	11817568.0625	12694639.375	394443.75	303373.125	565894.875	204152.625
Ae_bicornis	Ae_sharonensis	T_urartu	85.17355503869595	0.0	0.6566606633078168	128910599.5625	8806481.3125	10491785.875	2192841.625	2487493.125	10322705.8125	1433914.3125	1025408.25	2885416.25	28923301.875	2175066.25	1963370.75	1872073.875	1924690.625	126890.5
Ae_bicornis	Ae_sharonensis	Ta_caputMedusae	49.32349946946569	0.0	0.7466367452263943	32218483.375	2205013.1875	2737766.25	525656.8125	574515.125	2479907.125	418082.8125	322691.25	735092.875	7312642.0625	475859.75	483727.625	523713.0	487719.125	33477.625
Ae_bicornis	Ae_tauschii	Ae_speltoides	49.013295543015474	0.0	0.39046478955585284	247695247.0625	22193780.875	21175861.3125	4853759.5	5619849.25	20322294.8125	3471723.25	2836088.0	4357047.8125	55660377.75	4088725.25	3334710.0	3620958.125	3805729.375	275067.625
Ae_bicornis	Ae_umbellulata	Ae_speltoides	14.055746260070821	0.0	0.19852075753286513	184019821.0625	16713344.0	17516841.75	3748338.1875	4310314.25	15809970.5	2980379.8125	2335803.625	3170597.6875	40917190.625	3209390.125	2231315.5	3233642.25	2963880.375	215973.25
Ae_bicornis	Ae_uniaristata	Ae_speltoides	33.49558566990675	0.0	0.8427521915012675	254112972.0625	26110710.8125	15617442.75	3323928.375	3100174.75	17272824.1875	2786418.6875	2102762.0	5667142.25	56961100.75	5173779.125	4868817.25	2858006.25	3176101.875	248607.875
Ae_bicornis	Ae_speltoides	Er_bonaepartis	32.69052089161019	0.0	0.7338503308700437	62357298.1875	5066664.0625	5959835.75	1091161.125	1184257.875	5391732.5625	945591.0625	769696.625	1346969.125	13301785.5	1143063.125	848805.375	1060692.75	935396.625	77232.25
Ae_bicornis	Ae_speltoides	S_vavilovii	46.63056615752763	0.0	0.4932715384937223	63063333.9375	4388306.1875	6054988.75	1166605.5	1133804.625	5706873.6875	916807.6875	620823.0	1159971.75	13851649.125	909523.0	894931.875	1128372.75	1114980.75	76205.375
Ae_bicornis	Ae_speltoides	T_boeoticum	97.7717298431264	0.0	0.7579735698110809	105502379.75	157942494.25	8966445.9375	7376596.3125	13888253.0	9730415.8125	5130577.5625	9670352.625	12164614.5	22296451.625	23777708.625	889392.0	964134.125	1302920.25	562207.625
Ae_bicornis	Ae_speltoides	T_urartu	19.99027484505952	0.0	0.21452910416249057	253890835.5625	16815250.4375	23091268.25	4867431.25	5110421.25	22696350.5625	3603228.3125	2396200.375	3948509.5	56318952.5	3358820.5	3596688.125	4084589.875	4195765.875	279113.625
Ae_bicornis	Ae_tauschii	Ae_umbellulata	36.11548612106874	0.0	0.2642757487595979	186660613.5625	17453371.0625	15867882.375	3873391.375	4349733.875	15626419.0	2579145.875	1958502.0	3044045.1875	42213682.6875	3170664.75	2428433.375	2814763.5	2987161.625	198489.75
Ae_bicornis	Ae_uniaristata	Ae_tauschii	40.97493637603601	0.0	0.7522988330246381	257877700.125	24990521.0	15404951.4375	3571802.0625	3193924.625	17007038.4375	2911223.8125	2241280.625	4917481.0	58733251.375	4742215.25	4537811.5	2852499.75	3334444.25	235316.75
Ae_bicornis	Ae_tauschii	Er_bonaepartis	37.762133285841706	0.0	0.7918941912829228	63056584.6875	5220867.6875	5865575.9375	1047762.6875	1141174.75	5216661.0625	880695.8125	687542.25	1516426.6875	13510874.5625	1243756.625	891936.625	1035469.25	908033.5	72984.875
Ae_bicornis	Ae_tauschii	S_vavilovii	44.61995731406632	0.0	0.7012884740033559	63529581.375	4670820.125	6126701.375	1088835.875	1038849.0	5440889.75	891591.875	620757.125	1354663.875	14051236.5	996847.625	1013418.875	1109320.375	1082232.5	74409.75
Ae_bicornis	Ae_tauschii	T_boeoticum	110.507349704414	0.0	0.7583000096143158	106906273.6875	160088127.625	8669247.625	7258883.0625	13596226.5	9349763.5625	4749166.0	9053455.375	12623053.25	22981779.5625	24531332.375	911874.625	839985.125	1296033.125	507818.5
Ae_bicornis	Ae_tauschii	T_urartu	67.23517327665363	0.0	0.4114834847126062	257111167.75	17075855.5625	22346889.25	4942067.5625	5124719.625	22216338.25	3165581.0625	2049572.125	4407678.5	57595246.3125	3637420.125	3744572.25	3929847.375	4289493.875	267704.375
Ae_bicornis	Ae_tauschii	Ta_caputMedusae	44.624255124182326	0.0	0.4279726019189607	64223942.1875	4241254.1875	5830513.0625	1160029.1875	1196012.125	5382153.0625	883161.0625	600053.25	1090304.9375	14540081.4375	750842.75	879312.5	1091348.25	1046868.625	67951.375
Ae_bicornis	Ae_uniaristata	Ae_umbellulata	34.995079938166704	0.0	0.8230057194880995	191136836.625	21000003.75	12029751.75	2571144.0	2184281.125	13101012.125	2146795.5	1589523.25	4119973.625	43167376.375	4023581.125	3756578.375	2218870.0	2454825.125	182366.25
Ae_bicornis	Ae_umbellulata	Er_bonaepartis	29.20897389119593	0.0	0.7810462014707141	46930133.125	3903448.4375	4780707.375	809691.3125	864809.75	4065604.3125	711269.5	552629.125	1062357.1875	10024716.25	885759.25	591993.0	832962.75	718425.75	56293.875
Ae_bicornis	Ae_umbellulata	S_vavilovii	35.10713098877203	0.0	0.6614890818280481	47315068.5625	3471023.25	4952445.25	852154.1875	816013.75	4253937.875	733004.4375	486657.625	965836.6875	10369377.625	760763.375	670408.375	931225.625	841112.0	57059.375
Ae_bicornis	Ae_umbellulata	T_boeoticum	118.43791930190856	0.0	0.7195118788381573	79777374.375	118706307.75	6859171.625	5918825.5	11139914.25	7320150.25	3818025.5	7308811.875	9207025.75	16989866.25	17937533.625	668816.75	654237.0	997014.625	409727.875
Ae_bicornis	Ae_umbellulata	T_urartu	35.245620320145996	0.0	0.2809484869678155	191207900.375	12820576.875	18490645.1875	3811785.0625	3781779.5	17411938.375	2643060.125	1619981.5	3099705.4375	42528903.3125	2792765.75	2437708.375	3396870.0	3411862.875	202056.25
Ae_bicornis	Ae_umbellulata	Ta_caputMedusae	11.833271999993489	0.0	0.19938993868792346	47765272.0	3198339.375	4802004.75	890130.75	890740.875	4197271.3125	731484.8125	480280.25	770995.1875	10733621.3125	573447.625	573631.25	916234.875	824470.125	51616.5
Ae_bicornis	Ae_uniaristata	Er_bonaepartis	39.54362229479619	0.0	0.8792924200252745	65140584.0	5782705.625	4053056.6875	779230.5625	714762.125	4456778.625	624433.125	505225.875	1752052.5625	14028709.3125	1324576.25	1257589.125	678506.625	774793.25	64901.25
Ae_bicornis	Ae_uniaristata	S_vavilovii	56.853443168462704	0.0	0.8096337435837386	65798848.8125	5117018.6875	4173092.8125	859926.8125	686179.875	4709197.0	633746.75	408377.0	1595697.75	14573517.25	1117503.25	1358827.375	775750.625	950595.875	67413.125
Ae_bicornis	Ae_uniaristata	T_boeoticum	43.635725472251636	0.0	0.9228140935241506	109535529.0625	168817170.5625	6087986.0	4502268.125	8181345.75	7736450.9375	3664720.1875	6918485.5	13678219.75	23888325.75	26365081.625	1108468.75	707103.75	1102711.375	415145.875
Ae_bicornis	Ae_uniaristata	T_urartu	43.050349903836015	0.0	0.8236868643714986	263606227.6875	21058004.5625	16980881.625	3376214.25	2598842.125	18618121.5625	2689073.5625	1854941.375	5899207.375	58991848.5	4607481.375	5791891.75	3060053.125	3576864.75	253809.375
Ae_bicornis	Ae_uniaristata	Ta_caputMedusae	23.9377436246003	0.0	0.8796519712255212	66083448.5625	5071082.25	4270602.875	812847.6875	654558.625	4548939.1875	715690.25	472034.75	1425836.75	14928329.0625	992319.125	1302306.375	856438.75	869175.75	61972.0
Ae_bicornis	S_vavilovii	Er_bonaepartis	32.74893903795049	0.0	0.40471447701214697	16169618.9375	1337273.5625	1156268.0	289555.875	243638.375	1523832.375	234848.875	196516.25	272042.3125	3442531.9375	306226.0	148261.125	237225.0	279693.875	19146.5
Ae_bicornis	Er_bonaepartis	T_boeoticum	12.20193761712647	0.0	0.954639488861171	26778642.8125	41061541.5	2149047.0625	1575377.375	2952076.0	2538538.0625	1502832.25	2731705.625	3029588.4375	5446858.875	5899894.625	287785.625	288064.25	328435.125	157045.375
Ae_bicornis	T_urartu	Er_bonaepartis	49.51844533552129	0.0	0.5899545018266027	64876683.4375	5291437.6875	4579754.6875	1130427.6875	1079880.25	5940831.75	899705.875	813776.0	1231657.75	13854574.5	1173836.125	581877.625	888193.0	1088008.375	73142.25
Ae_bicornis	Ta_caputMedusae	Er_bonaepartis	82.35878979739499	0.0	0.47203232029712194	16360654.8125	1253814.3125	1020478.625	309301.375	312001.625	1493313.8125	191383.6875	161588.125	296808.625	3536292.375	322315.375	138923.875	191156.25	274701.125	18507.0
S_vavilovii	Ae_bicornis	T_boeoticum	8.37678884483517	0.0	0.9714750932097962	27027622.625	41582142.875	2647112.9375	1520090.8125	2832166.0	1911722.875	1470604.0	2717135.125	3155980.4375	5675097.4375	6191277.375	244249.375	348426.75	255985.5	157491.875
Ae_bicornis	T_urartu	S_vavilovii	36.501623562905394	0.0	0.3842049184304177	65434377.5625	4729830.375	4780182.8125	1206453.75	1010618.25	6230762.625	941467.8125	707314.125	1106797.0	14320012.4375	1032678.625	668780.75	1057534.875	1287011.625	75644.375
Ae_bicornis	Ta_caputMedusae	S_vavilovii	45.226304032684396	0.0	0.5360314725041662	16349925.5	1250690.75	1197411.1875	277176.9375	223343.375	1526713.5	222049.125	159311.375	285739.3125	3613743.4375	299691.5	185853.0	244268.75	295816.375	18341.875
Ae_bicornis	T_urartu	T_boeoticum	28.138712194255582	0.0	0.9140422089376573	109119843.6875	165552369.75	7173586.625	6370852.8125	11259360.875	10628101.125	5719100.8125	11051492.875	12649581.8125	23186966.0	24912593.0	893184.5	892854.625	1429120.625	552846.875
Ae_bicornis	Ta_caputMedusae	T_boeoticum	9.71315599732856	0.0	0.9707745233745427	27242921.4375	41769911.4375	1828012.3125	1472319.8125	2719052.0	2545747.6875	1415943.9375	2683916.5	3288565.6875	5886386.3125	6427414.625	253902.875	210436.5	337737.75	144861.125
Ae_bicornis	Ta_caputMedusae	T_urartu	21.847450909737194	0.0	0.1887747110658135	66052254.0625	4574178.0625	4360523.125	1218219.0	1086551.0	6151623.25	824275.375	512166.0	915947.3125	14810581.4375	1007442.625	659964.5	758961.25	1218105.5	65400.5
Ae_caudata	Ae_comosa	Ae_longissima	59.42685182668335	0.0	0.46659399230440307	91473199.5625	8632845.5625	6248964.1875	1740988.4375	2183881.75	5523878.625	1239291.25	1182512.0	1678148.125	20569867.125	1547697.125	1575013.25	1081741.625	1141468.25	104314.125
Ae_caudata	Ae_comosa	Ae_mutica	13.742781950451889	0.0	0.8861189822249343	126487990.875	7298218.5625	10628324.0625	1765049.875	1684614.125	8391092.75	1647307.1875	1197382.625	2563474.1875	28334976.5	1546503.125	2890593.125	1869484.625	1656503.5	129480.875
Ae_caudata	Ae_comosa	Ae_searsii	12.911922314588436	0.0	0.8415635728226517	80886375.5	17314772.4375	5538357.8125	1597219.5	2348522.5	3872277.25	1507857.5625	1894640.75	1982519.5625	17820877.625	3017234.875	775920.125	961420.25	735307.375	108206.875
Ae_caudata	Ae_comosa	Ae_sharonensis	23.205266519386225	0.0	0.6841716803334529	62937801.9375	4108374.1875	4860929.625	969920.875	1041129.875	3825516.875	872999.5	742294.0	1082958.0625	14159096.5625	808921.25	1187690.25	846628.375	783068.25	64923.375
Ae_caudata	Ae_comosa	Ae_speltoides	29.928948134671852	0.0	0.7958877237231559	123991296.6875	8989325.5	9819786.625	1885611.3125	2077199.375	7871894.4375	1633323.5	1372057.375	2617060.375	27420333.6875	1906206.0	2580025.125	1715926.0	1527539.625	136357.375
Ae_caudata	Ae_comosa	Ae_tauschii	30.589820749353716	0.0	0.6693995455084504	125635599.0625	8464345.125	9758079.5	1974895.1875	2150394.125	7778418.875	1717029.3125	1469229.125	2239155.9375	28391700.125	1598185.0	2544707.125	1678759.75	1550971.5	129511.25
Ae_caudata	Ae_comosa	Ae_umbellulata	38.366099341313394	0.0	0.678871568296206	93525422.875	7052354.4375	7301536.1875	1519844.875	1702818.375	6030319.875	1274331.8125	991693.25	1793351.0625	21065657.875	1327480.5	2060552.0	1261767.75	1191604.75	100783.375
Ae_caudata	Ae_comosa	Ae_uniaristata	19.249238421624433	0.0	0.7478081075150742	127289821.9375	7305591.625	10875388.8125	1846957.0	1484887.125	8138147.625	1688203.9375	1333730.375	2158944.0	28884616.6875	1379249.5	2733578.125	1888701.125	1623624.5	120217.625
Ae_caudata	Ae_comosa	Er_bonaepartis	41.62829512551884	0.0	0.8724013091093359	31226580.5	2390575.375	2654970.75	452813.625	472111.25	2191054.4375	365122.4375	313300.75	964673.3125	6601716.3125	601843.0	866492.75	399610.25	415895.125	39442.125
Ae_caudata	Ae_comosa	S_vavilovii	5.012757518339617	2.687071467555313e-07	0.9739860600565686	31627242.0625	1966305.4375	2814246.625	431218.875	404696.75	2199639.25	420034.375	305131.375	838792.4375	6937884.5625	453570.25	858592.875	507049.625	433123.25	39166.25
Ae_caudata	Ae_comosa	T_boeoticum	81.21950477318136	0.0	0.8263850825881804	54379155.8125	76011084.0625	3687345.25	2879441.375	5487992.75	2939200.5	2042915.125	3882142.25	6024674.4375	11655106.5625	11658797.625	428087.0	352399.75	425683.75	218673.75
Ae_caudata	Ae_comosa	T_urartu	29.994440909737282	0.0	0.8302036241859408	127954009.9375	7083819.9375	10613381.3125	1856314.9375	1860103.375	8645937.5	1602263.0	1185168.375	2844426.375	28266015.375	1721286.625	3237282.125	1807418.625	1670475.5	142283.0
Ae_caudata	Ae_comosa	Ta_caputMedusae	39.77495689840439	0.0	0.8177505597062128	31714485.5625	1954874.25	2706105.375	478449.1875	476276.375	2224563.125	393809.3125	284600.25	773587.1875	7057045.625	400806.875	857682.25	468950.125	445275.75	36690.75
Ae_caudata	Ae_longissima	Ae_mutica	13.141931420442697	0.0	0.7259361322484611	185514324.6875	10127737.0625	19818705.3125	3130795.9375	3176901.75	13759343.5625	2958692.1875	2108246.75	3414557.9375	41445373.1875	2094522.625	3799154.25	3500685.625	2811413.125	207626.0
Ae_caudata	Ae_sharonensis	Ae_longissima	21.856040813519737	0.0	0.08540137125777945	93644566.125	7818397.75	4435250.875	2474117.0	2389330.75	6745738.0625	1047609.6875	1362284.625	1180810.9375	21304386.3125	1295477.125	1115187.75	782044.75	1635274.25	95459.0
Ae_caudata	Ae_longissima	Ae_speltoides	37.79977098645964	0.0	0.45807635951127956	182312758.0	12101124.6875	18003623.3125	3518542.125	4076818.125	12995862.125	2861349.9375	2400719.5	3416860.3125	40234236.25	2504928.5	3337031.0	3126334.25	2623286.0	219260.875
Ae_caudata	Ae_tauschii	Ae_longissima	11.495881015547488	0.0	0.19585124674466842	184361562.1875	18309676.875	11629657.9375	3536736.375	4044531.375	12802118.75	2907632.8125	3297547.625	3060851.625	41614436.8125	3170009.25	2574683.25	2112079.25	2662268.625	209771.25
Ae_caudata	Ae_longissima	Ae_umbellulata	8.25323144189731	0.0	0.15670138397502723	137318659.5625	9627449.375	13640263.3125	2715576.125	3236811.375	9950506.6875	2257858.25	1669925.375	2342911.1875	30809390.875	1782380.25	2624519.5	2391540.5	2020549.25	161023.375
Ae_longissima	Ae_caudata	Ae_uniaristata	56.81777311852922	0.0	0.4569392440190315	185017455.5625	11602495.375	12556671.8125	3553733.875	2885119.625	21817001.1875	2563198.625	2359861.5	3396649.4375	41693599.25	2130193.125	4192966.0	2460358.0	3788685.375	209510.25
Ae_caudata	Ae_longissima	Er_bonaepartis	53.99150213392211	0.0	0.7865407912794	45815425.5	3321756.8125	4903435.4375	812440.75	893541.25	3638662.375	631825.5625	487276.25	1297344.8125	9653588.0	838971.375	1103493.875	756204.5	711386.875	61986.625
Ae_caudata	Ae_longissima	T_boeoticum	125.28428333558436	0.0	0.695234868469534	80341210.0	109691336.1875	6665257.3125	5715007.375	10957241.875	4972659.875	3528006.5625	6730718.375	8517026.1875	17005138.75	16522998.375	627325.125	600798.875	767443.0	384968.125
Ae_caudata	Ae_longissima	T_urartu	48.6391462273634	0.0	0.5795869593570213	187773660.625	9565236.125	19588967.75	3332907.125	3419383.125	14588108.5625	2653361.8125	1723841.875	3590191.9375	41567212.3125	2217910.75	3927281.625	3249744.25	3027739.625	215390.5
Ae_caudata	Ae_longissima	Ta_caputMedusae	46.8882725939542	0.0	0.6838217556292843	46513072.0	2706237.0	5039717.5	837864.125	849150.125	3712998.125	680420.125	454584.5	1020935.75	10345578.375	536166.375	1102604.125	860826.75	780971.125	57961.0
Ae_mutica	Ae_caudata	Ae_searsii	93.72458485009714	0.0	0.436780475087867	163463462.5625	38358159.375	9493555.1875	4452107.75	6315837.625	9375587.4375	2556606.625	3318533.0	4026580.3125	35840691.375	6534847.125	1324362.75	1637335.5	1865991.125	239944.25
Ae_caudata	Ae_sharonensis	Ae_mutica	7.7300443595897725	5.440092820663267e-15	0.8760103119517276	128156120.0	7522319.375	9324961.5	1907192.0	1666241.375	9498320.4375	1838310.1875	1601713.0	2324973.0625	28635109.9375	1574808.875	2406697.0	1843260.125	1945483.375	130569.75
Ae_caudata	Ae_mutica	Ae_speltoides	9.039115849127148	0.0	0.20121073351080457	254270802.0625	18974840.4375	14081032.75	4216673.0	3563196.25	20483982.0	3605425.125	4089412.875	3759395.1875	56627728.3125	3635689.5	3084896.5	2573380.0	4133456.375	251822.625
Ae_mutica	Ae_caudata	Ae_umbellulata	25.395481336853546	0.0	0.3281104214781957	189889497.375	16566301.5	15008240.8125	3419863.4375	3242180.875	11867416.6875	2749747.4375	2336402.0	3076991.75	42562575.75	3076872.625	2787421.875	2935841.875	2424585.0	193357.0
Ae_mutica	Ae_caudata	Ae_uniaristata	37.702029477860926	0.0	0.2894174422194114	259107134.8125	17250110.375	19618276.8125	4733079.625	4601940.875	17387828.5	3197711.8125	2213407.25	3823061.0	58289926.1875	3193161.625	3930183.875	3781049.875	3506841.875	250604.5
Ae_caudata	Ae_mutica	Er_bonaepartis	37.64075761675481	0.0	0.8232335636831813	63856254.5	5174253.375	4029846.75	955443.625	742860.25	5649894.375	794859.25	865918.25	1542730.0	13617937.875	1231009.0	1117151.125	658915.375	1088101.125	72620.125
Ae_caudata	Ae_mutica	S_vavilovii	34.62147945157666	0.0	0.7255168947081921	64950978.375	4097314.4375	4094506.125	996090.4375	689549.125	5775471.125	849135.5625	787366.5	1237568.375	14347408.8125	888745.25	1037132.0	823413.125	1196452.25	70008.5
Ae_mutica	Ae_caudata	T_boeoticum	82.82499005075059	0.0	0.8209402089654666	109878121.375	159291610.5625	7957341.1875	6138027.0	11680143.875	6456282.375	4378076.4375	8131385.0	12446968.8125	23437891.25	24306808.5	837288.5	963875.25	861780.5	481990.375
Ae_caudata	Ae_mutica	T_urartu	24.006196691629015	0.0	0.615382047156939	261759971.3125	15604073.8125	16098187.875	3937285.5	2827238.25	22387193.6875	3527605.3125	3247639.875	4183086.5	58179752.875	3451743.75	3988905.875	2992237.375	4534723.375	252533.625
Ae_caudata	Ae_mutica	Ta_caputMedusae	40.670639495343735	0.0	0.6423757225404039	64967471.75	4252244.1875	4086167.1875	1021391.375	730034.25	5762685.8125	846131.25	794787.75	1160938.875	14535655.5625	818220.375	1103402.375	786284.75	1185099.5	66784.0
Ae_searsii	Ae_caudata	Ae_speltoides	51.2823856563737	0.0	0.6317876210001053	160794236.9375	11227429.4375	9080392.375	3739272.5	1349264.0	36272490.0	3003953.875	4173233.75	4265631.1875	34880049.5625	2173920.125	5582431.0	1615774.75	6031852.75	245945.75
Ae_searsii	Ae_caudata	Ae_tauschii	37.19390255014371	0.0	0.4456688805515872	163353716.625	10252485.0	8964100.0625	3878904.1875	1392069.625	36213588.5	3178286.125	4425293.75	3741566.1875	36235378.8125	1760778.875	5428416.125	1666191.125	6105950.375	231523.625
Ae_searsii	Ae_caudata	Ae_umbellulata	60.70813739336887	0.0	0.5438287399952155	120836570.375	9070655.6875	6733798.5625	3033968.875	1103005.75	27328313.375	2305900.8125	3386634.5	3173873.8125	26570949.0	1605378.375	4555619.375	1122894.25	4639392.125	184851.125
Ae_searsii	Ae_caudata	Ae_uniaristata	70.03004073513317	0.0	0.44266680114740514	165131743.375	8857419.375	9463395.3125	3988798.6875	1063496.75	38231499.5625	2656395.0625	3395017.875	3714668.375	36626608.0	1594810.625	5469450.125	1703766.25	6581111.625	220330.0
Ae_searsii	Ae_caudata	Er_bonaepartis	49.78435428993935	0.0	0.8250362830262593	40406375.9375	2986538.9375	2536859.125	880196.0	329700.5	9436901.9375	704336.6875	1002178.25	1533596.125	8343907.625	710491.625	1827327.125	408985.625	1435175.0	73628.5
Ae_searsii	Ae_caudata	S_vavilovii	94.17246130942894	0.0	0.6796379381366559	40896570.25	2432366.5	2560636.375	983615.5	299961.375	9769846.3125	641468.4375	844584.25	1367322.5625	8767023.0625	536681.375	1787043.25	431455.125	1660419.125	72274.5
Ae_caudata	Ae_searsii	T_boeoticum	240.31771031387615	0.0	0.4111725940739507	72976709.625	94572849.0625	12106421.6875	9194909.0	18037214.125	3286823.25	2120644.0625	3605851.5	7060536.1875	14926350.125	13561786.75	730288.75	958225.75	696247.0	424546.125
Ae_searsii	Ae_caudata	T_urartu	88.48208261981921	0.0	0.6289690205120864	165347232.0625	8991102.5	9817647.3125	4002468.375	1334730.5	38606084.5	2684228.1875	3616412.5	4918899.375	35692013.8125	2098011.5	6939827.5	1646944.125	6473321.5	264745.25
Ae_searsii	Ae_caudata	Ta_caputMedusae	81.37810433250186	0.0	0.6817424185934654	40958865.3125	2511095.5	2553310.1875	986221.25	319032.75	9742318.5	690120.5625	922020.125	1324400.5	8921965.0625	491718.875	1838787.0	439673.875	1638879.625	69547.875
Ae_caudata	Ae_sharonensis	Ae_speltoides	34.38548286776091	0.0	0.6525590645719097	125766462.9375	9144260.4375	8428224.5625	2083311.8125	2057001.75	9033894.5625	1784887.0625	1787013.25	2345384.5625	27808814.6875	1897607.125	2087212.375	1631062.25	1856650.25	136064.375
Ae_caudata	Ae_sharonensis	Ae_tauschii	9.861955404698426	0.0	0.3793765437189596	127147703.125	8839294.0	8643786.75	2070262.375	2029473.0	8871701.9375	1931514.4375	1930389.25	2016328.6875	28703590.1875	1644356.5	2090516.0	1653599.75	1836005.875	130498.125
Ae_caudata	Ae_sharonensis	Ae_umbellulata	14.099822633914648	0.0	0.6863582069825657	94456384.8125	7470622.6875	6566128.5	1543995.625	1547901.125	6840184.75	1452929.75	1310455.75	1652213.8125	21218556.6875	1391014.5	1705515.125	1267414.75	1405128.125	99917.0
Ae_sharonensis	Ae_caudata	Ae_uniaristata	51.45372751088516	0.0	0.5210336763993706	128164971.125	8304288.125	8922253.9375	2107885.4375	1928066.125	10220334.0625	1607746.4375	1213104.5	2151812.375	28914843.5	1541572.375	2413951.25	1765902.25	1959813.625	127137.875
Ae_caudata	Ae_sharonensis	Er_bonaepartis	30.651446679240326	0.0	0.8821499297480887	31595676.25	2479384.6875	2371077.625	468523.9375	438002.5	2488168.8125	401946.75	388806.25	900300.8125	6667182.125	618293.125	722255.75	395479.5	480673.625	38768.25
Ae_sharonensis	Ae_caudata	S_vavilovii	4.216874169178846	1.2393536235055791e-05	0.971477920343655	31979302.625	2080334.1875	2517371.9375	454132.375	381899.375	2559032.0625	444478.25	340884.125	773303.125	7019644.4375	459466.625	724748.0	521383.75	496824.75	38227.375
Ae_caudata	Ae_sharonensis	T_boeoticum	10.658102185691565	0.0	0.9681385849037546	54949849.9375	77443716.375	3332059.75	2643643.6875	4972303.75	3502950.125	2526733.8125	4843983.25	6079148.5625	11726302.625	11814933.75	395494.875	368030.875	486009.125	230906.5
Ae_caudata	Ae_sharonensis	T_urartu	25.353387611909202	0.0	0.7902527649212344	129508546.875	7395491.25	9424488.875	1941991.25	1702142.75	9934740.0625	1725006.4375	1436597.625	2542527.8125	28616691.9375	1747959.875	2597248.875	1765089.375	2017195.875	136225.125
Ae_caudata	Ae_sharonensis	Ta_caputMedusae	41.66279399065742	0.0	0.7561593588672579	32148300.25	2024650.75	2392747.0	507277.125	429149.125	2566545.8125	417649.0625	349459.375	695589.1875	7167609.5625	405268.75	699121.0	449071.125	548734.5	36122.375
Ae_caudata	Ae_tauschii	Ae_speltoides	6.370165810447461	9.484213414623355e-11	0.8965149419755584	250427258.75	19254416.3125	18354958.9375	3841359.875	3698973.125	18312154.5625	3726105.125	3951971.0	4724583.625	55883622.0625	3744486.25	4305497.375	3147502.625	3635374.0	269690.375
Ae_speltoides	Ae_caudata	Ae_umbellulata	12.37741311142296	0.0	0.21739209890267913	186113067.6875	15302111.25	14160416.5	3522028.3125	2877863.0	14452879.1875	2930514.625	2934440.25	3094824.75	41223992.8125	2762023.0	3210044.625	2734852.125	2906192.75	207141.125
Ae_speltoides	Ae_caudata	Ae_uniaristata	41.477201362069955	0.0	0.2825935705861959	253288180.8125	16350158.6875	18429004.25	4954961.375	4161666.875	21553116.25	3193611.25	2593980.25	3887424.6875	56341833.5625	2887951.0	4477222.0	3429785.875	4279393.5	263945.625
Ae_caudata	Ae_speltoides	Er_bonaepartis	34.00879248125044	0.0	0.8288447352566647	62495006.125	4857594.5	4960494.4375	984407.0625	897410.875	5322518.3125	836449.1875	789912.875	1552957.125	13174695.5	1128281.75	1312691.5	811231.5	999972.25	78557.0
Ae_caudata	Ae_speltoides	S_vavilovii	10.193341457475706	0.0	0.8847205024287578	63455982.0625	3905886.1875	5186456.8125	984295.3125	778133.375	5387320.5	938042.75	768406.25	1293011.25	13885414.0	810076.0	1290758.875	1005185.625	1095417.625	77032.375
Ae_speltoides	Ae_caudata	T_boeoticum	4.989382944355753	3.0333646861002705e-07	0.9820248603737364	108384240.75	153601134.0625	7508094.0	5633954.6875	10599035.25	7328598.875	5519530.5625	10423313.5	11770794.125	22687973.6875	23028691.625	817744.25	993071.25	940670.75	514276.625
Ae_caudata	Ae_speltoides	T_urartu	11.05310522926592	0.0	0.726167840057681	255935422.625	14603373.0625	19995737.5625	3983292.75	3373934.5	20919583.125	3794680.1875	3042294.25	4294856.5625	56290367.625	3025404.125	4805607.625	3626292.75	4146283.625	274950.625
Ae_caudata	Ae_speltoides	Ta_caputMedusae	40.46806023440434	0.0	0.6004560148951879	63615963.1875	3923377.3125	5001687.1875	1071328.5625	897129.0	5447668.25	889316.375	709531.375	1162854.0	14104488.75	715815.0	1275469.125	950640.5	1118098.25	72065.125
Ae_caudata	Ae_tauschii	Ae_umbellulata	6.72478806441609	8.841705145812284e-12	0.7672536884843348	188611697.4375	15201054.5625	13714691.625	3049244.5	3032920.875	14120145.8125	2960978.3125	2736197.625	3251949.875	42627812.0	2809773.375	3311687.75	2535020.375	2780562.5	195939.375
Ae_tauschii	Ae_caudata	Ae_uniaristata	37.033461786152955	0.0	0.47304284975088684	256863796.625	15969330.625	18310490.125	4165241.25	4001683.375	20404098.6875	3383685.3125	2829436.25	4085278.3125	58294020.3125	2850671.125	4668649.5	3433933.375	3685673.125	250579.0
Ae_caudata	Ae_tauschii	Er_bonaepartis	37.68794239834437	0.0	0.8571122868096587	63191028.6875	4952617.0	4833423.3125	954464.875	912121.875	5151040.3125	791749.0	780951.5	1767800.5625	13421223.875	1243402.375	1386311.125	768964.875	958127.25	75757.375
Ae_caudata	Ae_tauschii	T_urartu	38.73748240226638	0.0	0.6932808406208438	259039408.1875	14667733.875	19228532.4375	4007492.875	3523228.875	20521448.25	3350336.1875	2926062.75	4835715.0	57763778.0625	3290993.125	4983599.875	3321181.625	4104006.875	264958.0
Ae_caudata	Ae_tauschii	Ta_caputMedusae	55.803560000738116	0.0	0.6842046277619811	64322614.0	3972342.0	4845172.9375	1046169.6875	930696.125	5307033.3125	804545.3125	685630.125	1328050.5	14439899.25	756616.75	1342590.5	854816.75	1089065.5	70037.25
Ae_umbellulata	Ae_caudata	Ae_uniaristata	55.921035129502826	0.0	0.4051001133053421	190355137.75	12550188.5625	13978237.8125	3509351.875	3391654.0	17534271.1875	2404402.375	1948908.875	3156823.375	42953799.3125	2322645.0	3330238.375	2566746.5	3240712.375	194006.625
Ae_caudata	Ae_umbellulata	Er_bonaepartis	30.43255569689535	0.0	0.8658966436533615	46984183.4375	3728236.25	4013234.9375	724752.0	676699.375	4023748.0	624681.8125	598724.75	1270828.5	9966899.4375	899664.375	906344.375	626928.625	751486.375	55591.75
Ae_umbellulata	Ae_caudata	S_vavilovii	9.732107204813108	0.0	0.9245434494976772	47578218.1875	3094735.375	4016457.6875	729105.375	611056.875	4280967.375	695521.9375	563661.125	1107008.375	10441515.8125	695864.0	930991.125	797078.125	811767.25	56653.375
Ae_caudata	Ae_umbellulata	T_boeoticum	17.225623491547026	0.0	0.9417119172720362	81968225.6875	115191596.375	5613941.4375	4554208.625	8648288.625	5676971.625	4255835.0625	8173766.0	9076407.75	17450210.0625	17613862.375	608689.25	613813.25	730756.75	364855.125
Ae_caudata	Ae_umbellulata	T_urartu	29.279033148412857	0.0	0.6886715526181008	192614373.875	11072487.5	16063687.0	3095504.25	2662725.875	16061415.125	2717188.0	2283065.5	3554039.375	42734262.625	2596846.625	3285683.625	2902076.0	3250300.125	198917.5
Ae_caudata	Ae_umbellulata	Ta_caputMedusae	42.50938347360486	0.0	0.6947931878921318	47803043.9375	3017423.0	4059581.3125	804317.5	703327.75	4132258.875	664449.6875	543686.25	982854.125	10672352.9375	600324.0	890879.25	742144.125	861717.25	52604.0
Ae_caudata	Ae_uniaristata	Er_bonaepartis	34.63393796916793	0.0	0.8705412076801018	64222027.6875	5253533.4375	4056438.0	896580.25	740753.875	5293565.5	750678.5	830868.375	1731789.8125	13680446.6875	1276790.125	1252997.25	621025.375	1002527.375	72508.75
Ae_uniaristata	Ae_caudata	T_boeoticum	67.44075127848932	0.0	0.8586932876139877	110586640.0	160565537.0	7467058.8125	5632070.9375	10802796.75	6503711.125	4235580.875	7923498.75	12721778.1875	23861071.0625	24732673.0	827411.125	876047.75	774675.875	455413.75
Ae_uniaristata	Ae_caudata	T_urartu	22.96369434267853	0.0	0.8320809245923508	261839217.0	17198557.0	20181563.5625	3727916.8125	3935014.625	17478861.625	3335998.875	2376477.0	5278050.0625	58262121.5625	3801753.375	5318881.25	3887437.25	3033823.5	270457.5
Ae_caudata	Ae_uniaristata	Ta_caputMedusae	15.44228049458103	0.0	0.8905637215061553	65172336.1875	4485887.5	4237699.875	901410.3125	685038.875	5319057.875	834505.9375	818570.25	1378956.1875	14586152.75	883867.125	1295573.375	766737.75	1034023.875	67265.125
Ae_caudata	S_vavilovii	Er_bonaepartis	49.55854568306788	0.0	0.6154209663828183	16092093.375	1265860.0	982082.875	282120.5	197889.0	1590296.25	225356.875	224338.5	316192.625	3403094.0	316885.25	227459.875	191966.125	313765.875	20264.875
Er_bonaepartis	Ae_caudata	T_boeoticum	90.19814604373137	0.0	0.7393249183702889	27218788.25	39279891.875	2263133.1875	1849231.1875	3393484.0	2020095.1875	1330590.5625	2519282.125	2801555.625	5430019.875	5485483.875	243084.75	268898.375	295964.75	154845.375
Ae_caudata	T_urartu	Er_bonaepartis	53.04836625782207	0.0	0.7217480329720937	64711494.0625	5072589.0	3792134.125	1060032.0625	828280.25	6021177.6875	828657.5	863750.75	1428811.875	13665119.8125	1188186.5	931271.5	711095.5	1212396.125	75695.25
Ae_caudata	Ta_caputMedusae	Er_bonaepartis	83.60567025649434	0.0	0.47934405117888257	16199816.25	1157122.125	914694.25	312475.0	271748.625	1612379.375	193814.125	198975.625	303059.75	3454331.875	295319.25	181654.875	158811.25	322193.0	18878.625
S_vavilovii	Ae_caudata	T_boeoticum	114.28272423256301	0.0	0.7484335631007313	27607160.375	40086124.375	2236294.3125	1786733.4375	3345768.25	1634581.0	1143955.5	2129540.75	3056279.6875	5776932.0625	5994113.25	237252.375	278143.5	254964.875	154121.25
Ae_caudata	T_urartu	S_vavilovii	15.632473078368411	0.0	0.7689387779883182	65546580.5625	4193767.6875	4092697.0	1011067.75	674980.25	6022868.8125	943040.0625	860533.125	1169426.5	14335364.5	867371.75	925269.375	913871.125	1243514.375	73209.125
T_boeoticum	Ae_caudata	T_urartu	74.46736193509278	0.0	0.18041784559987503	111718903.0	5827253.1875	8590866.6875	12167710.125	821492.5	160211986.3125	4788127.25	8389488.25	6412623.875	23573085.0625	846296.125	12445871.625	1076008.25	23981291.75	520722.0
T_boeoticum	Ae_caudata	Ta_caputMedusae	93.28504440436608	0.0	0.22176665285670588	27694274.5625	1676347.0	2238393.125	3083219.6875	226734.625	39995694.625	1238127.0625	2297002.75	1763907.6875	5872956.375	233114.125	3341119.0	288903.125	6042304.5	143615.75
Ae_caudata	T_urartu	Ta_caputMedusae	34.931731930631436	0.0	0.3490168869125156	65910227.4375	4051416.1875	3758377.875	1149441.625	878619.375	6149158.375	869612.75	771495.5	1019639.6875	14622898.9375	740659.5	889805.875	820803.0	1302557.875	68210.0
Ae_comosa	Ae_longissima	Ae_searsii	26.037145446958995	0.0	0.7019520805581992	78302387.1875	16313552.75	6037092.9375	1798569.5	2343870.875	4815062.75	1616969.3125	2237955.75	2044667.75	17345642.6875	2839842.375	1233020.375	977688.125	880135.375	120053.25
Ae_comosa	Ae_longissima	Ae_sharonensis	33.30069893463909	0.0	0.1522154627538237	62062229.9375	2847875.625	4525429.8125	1472650.25	1239288.125	4822652.625	717088.5625	698650.75	852745.875	14246243.4375	526904.125	1210320.5	767132.25	1048675.25	62250.875
Ae_comosa	Ae_longissima	Ae_speltoides	20.216614754253897	0.0	0.8086389908409652	120878304.3125	7689351.375	10565010.0	1993439.1875	2044140.375	9158680.0625	1816394.625	1623708.875	2564536.25	26879948.5625	1689662.25	2828942.125	1862392.25	1694503.875	144013.875
Ae_comosa	Ae_longissima	Ae_tauschii	5.817239382663002	3.0007872853232698e-09	0.8555662851230926	122260313.625	7408929.1875	10745456.375	2001855.1875	2004574.375	9047097.3125	1949206.625	1706813.0	2261075.1875	27801614.0	1430637.25	2850367.25	1928097.375	1704353.125	137789.125
Ae_comosa	Ae_longissima	Ae_umbellulata	7.511430727821211	2.9531932455029164e-14	0.8586651529680235	91334328.8125	5927029.25	8089705.5625	1497376.25	1537489.625	6866661.0625	1446442.625	1212958.5	1755884.5625	20606174.0	1168774.875	2140193.0	1450323.5	1267727.625	104622.75
Ae_longissima	Ae_comosa	Ae_uniaristata	86.4643568506622	0.0	0.601740342630626	122434082.5625	7617129.75	9232215.25	2309507.9375	1795085.75	12676042.4375	1497575.75	1304754.25	2724344.125	27892113.0625	1423073.25	3883817.375	1582074.625	2221926.5	144594.375
Ae_comosa	Ae_longissima	Er_bonaepartis	13.894920455302364	0.0	0.9434109515917724	30450908.625	2089707.6875	2899625.6875	449978.5	464933.25	2506010.9375	419089.375	355704.125	934050.125	6492429.5625	529850.25	920573.375	465479.0	417856.125	41543.375
Ae_comosa	Ae_longissima	T_boeoticum	58.578378278170256	0.0	0.8372775885347894	53387260.4375	72046739.25	3699150.8125	3055040.625	5853377.125	3320755.5625	2423542.375	4620282.125	5672875.5625	11463876.25	10996632.25	414180.125	391303.875	426927.375	236550.25
Ae_comosa	Ae_longissima	T_urartu	21.505563229521428	0.0	0.8448613524619683	124765000.75	5940186.4375	11535170.0	1888007.5625	1696549.75	10123767.875	1702094.1875	1240915.5	2714550.0	27822132.6875	1461054.125	3325170.875	1933143.875	1899876.375	145003.0
Ae_comosa	Ae_longissima	Ta_caputMedusae	6.431212412150146	6.359446302894867e-11	0.95383268301193	30907115.1875	1676586.5625	2970069.5625	467407.4375	413956.75	2556244.375	452637.5	343463.625	757789.5	6938002.5	349890.5	910441.125	525456.0	486509.75	38314.625
Ae_mutica	Ae_comosa	Ae_searsii	100.49832654768183	0.0	0.4484673706567602	106934413.9375	24812590.75	7944665.3125	3009209.625	4445694.125	5743432.625	1681353.9375	1956417.25	2761072.375	23452310.0625	4305589.875	1102797.25	1283329.0	1141390.5	166458.375
Ae_comosa	Ae_speltoides	Ae_mutica	7.091745389991899	6.666889262874065e-13	0.3093734595052691	167078282.5625	8863624.375	11712929.9375	2689219.25	1944182.875	15545782.8125	2512432.625	2218137.375	2591626.0625	37380013.5	1661844.0	3154262.375	2319163.125	2933024.875	170689.25
Ae_mutica	Ae_comosa	Ae_tauschii	17.312003698818685	0.0	0.1783920779820481	168099043.4375	12144795.5625	14751108.4375	3240720.0625	3690240.5	9801719.0	2326960.75	1676889.0	2525361.25	38066497.375	2206777.625	2577015.375	2663961.0	1979093.125	176074.5
Ae_mutica	Ae_comosa	Ae_umbellulata	37.90333161805344	0.0	0.30021432597753656	125280605.0	9899456.625	11141560.4375	2450743.8125	2724764.625	7514705.9375	1697883.8125	1212945.375	2020867.5	28169580.125	1848089.5	1982000.375	1973975.125	1542680.875	134791.875
Ae_mutica	Ae_comosa	Ae_uniaristata	49.50875720643048	0.0	0.3157904719979825	169647775.625	11139640.875	15738608.875	3326933.125	3066267.75	10830834.6875	2114017.0625	1321584.5	2673827.0625	38454547.6875	2066474.25	3115205.75	2767924.5	2248449.375	171010.875
Ae_comosa	Ae_mutica	S_vavilovii	30.270527689831333	0.0	0.7603886257149878	42612626.1875	2630546.625	2551105.9375	670235.25	401632.5	4436636.0625	583377.25	584153.875	859014.5625	9443579.0	597053.375	775890.25	526719.125	867799.5	49396.5
Ae_mutica	Ae_comosa	T_boeoticum	147.02451023707897	0.0	0.7153903895240211	72466750.5	103189797.0	5877061.0625	4744216.9375	9081820.25	3967504.25	2552311.0	4766239.25	8061852.4375	15554398.5625	15716552.75	588713.5	565214.125	591590.0	331251.375
Ae_searsii	Ae_comosa	Ae_sharonensis	11.716029529387464	0.0	0.21703081441589483	53674198.75	2870376.0	3726665.9375	1313553.5625	607079.75	11532100.9375	1114264.5625	1301063.25	1169505.375	11905248.875	509671.5	1812334.5	668180.125	2003454.625	78380.25
Ae_searsii	Ae_comosa	Ae_speltoides	69.67130840521558	0.0	0.5583161319984675	105394535.4375	6717080.4375	7402704.3125	2636997.1875	1252870.375	23450473.6875	1913726.4375	2440085.25	2827986.0625	22868693.5625	1303442.0	3895641.5	1233424.0	3952247.375	168012.375
Ae_searsii	Ae_comosa	Ae_tauschii	48.03206576253857	0.0	0.3966713886687956	107056483.75	6087522.6875	7400137.25	2726036.1875	1247324.875	23452590.8125	2019310.25	2591537.75	2483962.4375	23768964.375	1007226.0	3804445.75	1245032.625	4031955.375	156936.875
Ae_searsii	Ae_comosa	Ae_umbellulata	79.01350276547934	0.0	0.46739406928211646	79343973.375	5324835.3125	5466065.75	2130044.1875	1019234.125	17878076.4375	1395123.5	1821260.125	2040061.0625	17431856.375	941433.625	3010638.375	851311.75	3097390.125	123268.875
Ae_searsii	Ae_comosa	Ae_uniaristata	78.57678580829177	0.0	0.44975021377179214	107886942.25	5502941.875	8153633.5	2824516.875	850717.5	24469586.875	1815748.0	2228977.0	2640271.75	23988557.125	963090.0	4223572.625	1342243.125	4316135.375	149979.125
Ae_searsii	Ae_comosa	Er_bonaepartis	85.05174759955354	0.0	0.7357829117075273	26458339.1875	1824044.6875	2052206.5	629912.125	275619.75	6165204.75	428622.25	563697.875	989167.5625	5488869.5625	420867.5	1227900.5	293857.5	985430.375	48844.875
Ae_searsii	Ae_comosa	S_vavilovii	94.68674638764571	0.0	0.680656029431402	26729499.5625	1523539.3125	2131492.1875	671969.6875	254009.5	6289682.25	439846.0	524125.125	934599.0	5724355.625	351104.0	1266267.25	350858.125	1086876.125	50635.25
Ae_comosa	Ae_searsii	T_boeoticum	195.66158661646975	0.0	0.4014633735732503	48028278.875	60796765.0	7742623.8125	5757986.6875	11301795.875	2636066.0625	1900911.0625	3335159.75	4488011.875	9832059.375	8605076.375	492408.125	683060.125	438343.25	284606.75
Ae_searsii	Ae_comosa	T_urartu	106.54549545764044	0.0	0.5834424434650937	108289958.4375	5363632.625	8043606.125	2766211.3125	1112491.0	25158553.5	1654205.8125	1962834.375	3211712.5625	23379533.75	1265602.125	4673815.625	1254937.875	4289854.25	173452.625
Ae_searsii	Ae_comosa	Ta_caputMedusae	108.82935139646828	0.0	0.6100655838792978	26815782.8125	1492507.6875	2064683.3125	693399.4375	281625.75	6350738.25	414451.25	490003.0	850875.125	5856486.0	283461.375	1222078.25	324717.875	1091439.5	45436.375
Ae_comosa	Ae_sharonensis	Ae_speltoides	6.656129175961898	1.4132472969663468e-11	0.8876711766981142	82751927.375	5632601.0625	5264132.0	1287202.8125	1126894.75	6893621.0	1247144.4375	1392686.375	1563703.125	18408559.4375	1201940.5	1499134.25	995364.0	1266846.375	91302.5
Ae_sharonensis	Ae_comosa	Ae_tauschii	11.461660254809496	0.0	0.5670884644417793	83688632.0	5443076.9375	6800005.375	1354066.6875	1479482.5	5386041.0	1285641.3125	1111525.75	1375274.5	19011644.1875	1041663.125	1540085.375	1247909.375	1042599.375	88741.5
Ae_sharonensis	Ae_comosa	Ae_umbellulata	22.3067325362232	0.0	0.6228155106918404	62375680.1875	4468692.0	5102592.1875	1036071.875	1112719.75	4131764.125	938777.9375	805237.75	1099431.875	14072403.9375	855456.25	1200155.125	937360.75	800313.625	68094.625
Ae_sharonensis	Ae_comosa	Ae_uniaristata	65.09046810567372	0.0	0.5272393299861616	84111965.3125	5299339.25	7130232.6875	1476571.25	1334694.0	6251027.6875	1047590.375	770180.125	1526004.9375	19153478.875	978586.625	1965126.875	1236238.25	1188513.125	88001.625
Ae_sharonensis	Ae_comosa	Er_bonaepartis	8.01653686428036	5.551115123125783e-16	0.9630020409882121	20826146.0625	1526725.375	1858299.6875	297605.625	316595.75	1492958.5	285580.3125	245359.5	598581.375	4437753.9375	383407.25	523983.375	312395.0	264763.375	26629.875
Ae_sharonensis	Ae_comosa	S_vavilovii	7.39915495464962	6.905587213168474e-14	0.9557218280389365	21017797.3125	1326298.375	1939033.75	306998.8125	292274.25	1578680.25	295756.5625	202603.25	538414.8125	4636588.75	305629.25	544764.125	369217.625	302502.125	26679.75
Ae_sharonensis	Ae_comosa	T_boeoticum	63.03867097589015	0.0	0.8443925640409612	36283046.5625	50274363.6875	2614057.1875	1983909.0625	3812719.75	2025035.6875	1537006.0625	2891684.25	3962093.0625	7814249.3125	7704711.375	261692.0	295579.125	263876.625	156735.25
Ae_speltoides	Ae_comosa	Ae_tauschii	22.900034753988596	0.0	0.22738004153221275	164812310.6875	11319371.625	13710084.5	3233806.8125	3213828.125	11881571.625	2347192.1875	1977653.125	2608120.5625	36942723.875	1922482.5	3060310.375	2474557.0	2361775.25	182398.75
Ae_speltoides	Ae_comosa	Ae_umbellulata	39.992584665607296	0.0	0.33286937641292663	122902121.125	9155080.8125	10367486.9375	2447064.875	2359953.5	9022020.1875	1750514.875	1483447.75	2098063.25	27306489.4375	1657101.125	2355519.0	1840052.625	1850026.875	140933.625
Ae_speltoides	Ae_comosa	Ae_uniaristata	66.81086933624717	0.0	0.3681860522412611	166041506.75	10580854.875	14582519.0625	3402613.8125	2701343.25	13207949.875	2049867.375	1499034.125	2838172.8125	37193521.4375	1853943.375	3695863.25	2487111.625	2708824.375	176716.0
Ae_speltoides	Ae_comosa	Er_bonaepartis	6.193061878020085	2.9623503650100247e-10	0.9599485342104334	41184122.625	2999707.375	3899121.25	611650.125	622571.625	3103312.625	592801.75	477368.625	1044557.25	8743854.75	687344.0	968892.0	661111.375	553385.125	53045.5
Ae_comosa	Ae_speltoides	S_vavilovii	7.126053404096337	5.200284647344233e-13	0.9318737026035023	41661437.5	2517742.125	3198336.1875	639774.9375	432804.0	4096515.0	617921.75	544299.875	916843.1875	9145106.0625	536449.625	983292.375	628767.25	785404.5	52794.625
Ae_speltoides	Ae_comosa	T_boeoticum	76.5280925660124	0.0	0.8022830916845889	71560053.3125	99616537.1875	5423193.4375	4266039.1875	8074159.375	4379465.5625	3160213.4375	5981212.75	7647362.8125	15079325.1875	14917245.25	573114.125	581516.875	639397.75	339931.75
Ae_speltoides	Ae_comosa	T_urartu	16.17854255170806	0.0	0.7378609526903788	168612001.1875	8844020.4375	15489879.8125	2648373.0625	2397136.5	12444734.4375	2464212.8125	1768833.375	2982581.4375	37238239.1875	1879923.5	3582832.625	2847093.5	2316974.875	187272.25
Ae_comosa	Ae_speltoides	Ta_caputMedusae	4.157806265083364	1.6075390619318952e-05	0.9201744534640608	41883694.0625	2369893.8125	3118435.375	653361.875	463118.125	4004104.6875	640514.3125	584830.375	788612.25	9337042.75	434121.625	925625.625	616581.0	761005.375	48061.75
Ae_tauschii	Ae_comosa	Ae_umbellulata	30.343386161100028	0.0	0.5785040478093186	124520645.25	9111866.875	10407237.1875	2080158.1875	2253956.5	8575551.25	1807209.0	1503500.625	2181832.3125	28226897.9375	1727787.625	2346052.25	1850148.625	1604865.125	131403.25
Ae_tauschii	Ae_comosa	Ae_uniaristata	54.35743223399815	0.0	0.5251814728575188	168419038.6875	10331008.375	14574734.6875	2883734.25	2636359.75	12434067.8125	2174339.375	1692065.25	2958978.1875	38530520.0	1886741.75	3808931.375	2470121.25	2300275.5	171549.75
Ae_tauschii	Ae_comosa	Er_bonaepartis	4.453336994539743	4.230974781860297e-06	0.9789337008423653	41622123.0625	3076415.875	3808878.0625	569460.25	601539.75	3032818.625	556234.1875	476205.75	1170838.5	8914234.5625	762995.25	995008.25	609434.125	513925.25	50124.5
Ae_tauschii	Ae_comosa	S_vavilovii	7.746285055118871	4.773959005888173e-15	0.9537148015011483	41987293.6875	2656041.5625	3919155.125	599532.75	591803.125	3200869.0	576306.875	404191.875	1054880.1875	9321119.1875	586857.625	1070780.25	714018.375	574306.875	52077.5
Ae_tauschii	Ae_comosa	T_boeoticum	70.7231830211837	0.0	0.8297981429074116	72425980.875	100880139.625	5296855.375	4083765.375	7843536.0	4250433.75	3074604.375	5811023.375	7994644.25	15634184.875	15537449.625	528967.5	555432.0	540980.375	305313.625
Ae_comosa	Ae_tauschii	T_urartu	7.785154964402764	3.552713678800501e-15	0.9134074456109612	170623173.125	8928761.9375	11965341.8125	2419778.625	1815116.0	15259564.4375	2327855.0	2294892.5	3297496.375	38215586.1875	2069518.625	3630693.75	2074996.125	2747550.875	176965.625
Ae_comosa	Ae_tauschii	Ta_caputMedusae	15.047530934653679	0.0	0.8746335847199803	42342142.0625	2415603.0625	3029740.125	625792.25	469113.0	3913869.4375	581746.6875	562225.25	889035.75	9561816.25	473381.375	947015.875	553824.875	733640.25	46350.75
Ae_umbellulata	Ae_comosa	Ae_uniaristata	79.2752594455722	0.0	0.4907330523499198	125288492.4375	8156522.9375	10833402.25	2368451.875	2162437.75	10376882.875	1509843.875	1104520.375	2337204.3125	28436711.3125	1517114.75	2984703.875	1786178.375	1964735.0	133523.0
Ae_umbellulata	Ae_comosa	Er_bonaepartis	9.386891204309633	0.0	0.9544911995286146	31072243.3125	2329347.6875	2902726.0625	439833.0625	454077.625	2433264.375	418989.5	343111.875	856157.625	6639041.0	551756.375	719834.125	474764.375	404061.75	37873.25
Ae_umbellulata	Ae_comosa	S_vavilovii	13.93345714261584	0.0	0.9178995131479621	31373740.375	1999260.6875	2990959.3125	468604.375	434957.25	2542350.0	437369.9375	308736.0	786577.0625	6910090.5	454256.625	775238.75	540680.125	475611.75	39780.25
Ae_umbellulata	Ae_comosa	T_boeoticum	57.397343674232495	0.0	0.8443998037197198	54230774.75	75129554.625	4047759.375	3124714.5	6002857.0	3247294.0625	2496801.0625	4728886.5	5904315.9375	11629880.6875	11477335.75	402886.625	428839.125	421189.5	241212.5
Ae_comosa	Ae_umbellulata	Ta_caputMedusae	5.295137463108383	5.9586918732534855e-08	0.9446453055744328	31593862.9375	1852781.25	2457234.25	469469.5625	332662.5	2988114.25	457322.6875	415387.875	664612.9375	7085243.25	372291.375	683548.125	459464.125	568009.25	34919.625
Ae_uniaristata	Ae_comosa	Er_bonaepartis	6.440521353925939	5.981504180851971e-11	0.9689305668949832	42138354.8125	3230015.4375	4124546.4375	575564.9375	700084.375	2668289.6875	556475.6875	418534.875	1151792.5625	9066611.0625	787919.125	785330.25	686047.75	441847.75	47486.25
Ae_uniaristata	Ae_comosa	T_boeoticum	139.36649975917723	0.0	0.7346676571546564	72782304.25	103532600.75	5801123.125	4674399.25	9033751.125	4148655.625	2614577.375	4946891.75	8317932.25	15865609.125	16061139.875	550528.0	519260.375	550462.75	298577.375
Ae_uniaristata	Ae_comosa	T_urartu	50.310040979748294	0.0	0.7220263627906323	171810768.25	10389652.875	15862340.8125	2710318.4375	3278667.375	11379099.375	2137148.125	1359802.625	3625937.0625	38490209.3125	2419182.0	3437599.25	2779561.75	1993239.625	182649.125
Ae_uniaristata	Ae_comosa	Ta_caputMedusae	22.459982826532325	0.0	0.8455084224697507	42739058.25	2701739.25	4151444.0625	634246.0625	722730.125	2780453.375	569294.25	373203.125	924765.4375	9643527.8125	548702.25	805978.375	742004.125	519953.75	45369.75
Ae_comosa	S_vavilovii	Er_bonaepartis	12.911905686239004	0.0	0.7845663074907259	10593942.1875	773274.8125	634127.1875	179695.8125	114580.75	1173661.9375	169954.0625	183394.0	205431.5625	2254258.0625	190094.625	164187.125	134005.75	210269.5	13883.625
Er_bonaepartis	Ae_comosa	T_boeoticum	146.51600330570196	0.0	0.6469223185439775	17987042.8125	25575395.625	1610552.8125	1356736.25	2507777.25	1232119.8125	761143.875	1448309.875	1852410.8125	3646858.125	3623701.625	163324.0	157010.875	200237.25	102487.0
Ae_comosa	T_urartu	Er_bonaepartis	11.553273738792635	0.0	0.910964995636513	42728686.875	3118327.125	2312734.5	633081.75	455397.25	4348927.5	598355.75	680210.75	953656.125	9092882.125	707281.25	724019.5	459400.25	758439.75	50282.5
Ae_comosa	Ta_caputMedusae	Er_bonaepartis	63.88374523312316	0.0	0.5924394461234214	10681214.5625	719508.125	561562.6875	182826.75	140609.125	1161693.8125	133932.5	145004.75	205006.3125	2299914.625	180296.125	145159.375	103176.125	204506.25	12159.875
S_vavilovii	Ae_comosa	T_boeoticum	166.71447666745195	0.0	0.6530764488309666	18188369.5625	25926030.125	1655531.9375	1370371.375	2582239.75	1030761.25	690614.3125	1291387.25	1970243.0	3824788.0625	3859223.25	163618.75	171168.375	179872.0	105183.0
Ae_comosa	T_urartu	S_vavilovii	10.045858406109506	0.0	0.8761666864813864	43157799.1875	2681291.5625	2432036.625	670577.375	406615.0	4478371.3125	639980.5625	649313.375	856464.375	9455601.375	578489.75	783241.5	560665.25	866571.25	52243.5
T_boeoticum	Ae_comosa	T_urartu	140.45777233076421	0.0	0.28771221540628844	73818262.6875	3425134.0625	6192998.625	7920372.125	555695.75	104160623.0625	2695321.6875	4659330.25	4805860.25	15685437.375	587646.625	9333482.625	642078.875	15594171.25	343206.75
T_boeoticum	Ae_comosa	Ta_caputMedusae	155.8701623314243	0.0	0.3139414264459443	18280035.9375	996283.0625	1602324.1875	2015453.6875	146425.875	26000187.8125	682209.5625	1259739.375	1292304.0625	3914441.0625	162178.375	2452331.75	175044.75	3949854.5	93909.0
Ae_comosa	T_urartu	Ta_caputMedusae	20.78693043409849	0.0	0.4851867744734424	43464889.625	2467455.6875	2299446.5	695960.4375	447927.5	4467925.625	624501.5625	623974.0	691848.125	9688346.1875	454112.375	668191.625	525068.875	864584.125	45586.75
Ae_mutica	Ae_longissima	Ae_searsii	102.57982685217057	0.0	0.40758451957651604	157864948.25	36800089.4375	13988742.25	4854214.6875	6786225.375	8345720.5625	2542412.875	2912940.625	4132942.9375	34799064.0	6356389.375	1918734.0	2186635.625	1778396.5	251112.5
Ae_longissima	Ae_speltoides	Ae_mutica	16.552572054399803	0.0	0.6235961030565935	248168863.75	13162661.3125	16711017.625	4023090.4375	2569437.125	25823760.25	3738825.0625	3390343.875	4209773.375	55576067.9375	2605402.875	5157667.0	3433275.375	4831704.875	260860.125
Ae_mutica	Ae_longissima	Ae_tauschii	13.720725253934871	0.0	0.14315908811858838	249358719.5625	17689327.0625	25043756.9375	5099582.3125	5911489.875	14368341.8125	3642810.3125	2345880.5	3886204.5625	56532701.0625	3317466.75	4079591.125	4524864.875	3072172.5	274055.75
Ae_mutica	Ae_longissima	Ae_umbellulata	35.732306160353716	0.0	0.2762214001928267	186150635.0625	14132267.1875	18718465.5625	3860825.5625	4543123.625	10979949.4375	2645154.8125	1649338.5	3109100.9375	41802969.3125	2736850.5	3142364.5	3319475.25	2312740.625	212967.125
Ae_mutica	Ae_longissima	Ae_uniaristata	7.332538439331912	1.1379786002407855e-13	0.8633291308702081	248935399.8125	18484474.625	29065393.5625	4059847.75	4019699.0	14942396.0	3925818.0625	2437563.75	4772463.25	56250206.3125	3464836.75	5599866.875	5010572.5	2967113.625	281479.125
Ae_mutica	Ae_longissima	Er_bonaepartis	16.727550728071456	0.0	0.8942867518225466	62510931.8125	4570983.5	6933656.0	948986.3125	1176048.375	3769467.3125	874553.0	525349.625	1504225.5	13431952.4375	1084283.25	1224418.875	1148345.5	661871.375	75117.125
Ae_longissima	Ae_mutica	S_vavilovii	34.230866601241075	0.0	0.7421094779562974	63214158.8125	3822741.9375	3717958.9375	1043774.1875	569492.125	7504811.9375	894510.3125	934174.25	1324034.1875	14009378.3125	879703.0	1258471.125	778112.125	1421285.0	76675.75
Ae_mutica	Ae_longissima	T_boeoticum	184.61875134491166	0.0	0.6472367094613095	108015380.8125	151784022.0625	9370577.25	8046116.625	15451947.0	5838694.875	3562867.125	6648233.875	11788563.3125	23148488.3125	23055979.0	793857.25	832149.0	944449.875	509109.625
Ae_mutica	Ae_longissima	T_urartu	21.688049151657747	0.0	0.4942637163745613	256367487.0625	13082880.0	27527752.625	4129337.0625	4550584.5	15027719.8125	3692699.875	1986462.0	4119432.0	57465077.6875	2885110.0	4453285.25	4849901.0	3011522.875	266830.25
Ae_mutica	Ae_longissima	Ta_caputMedusae	5.264127059981627	7.057081208294846e-08	0.8823932619370415	63535514.0625	3680999.9375	7153988.6875	1007173.9375	1094534.125	3830671.9375	982938.9375	529746.875	1164772.0625	14320156.5625	732263.875	1229402.25	1317705.0	815974.75	71534.0
Ae_searsii	Ae_longissima	Ae_sharonensis	38.29414880933161	0.0	0.15390982206696024	80261214.8125	3171457.9375	5567935.25	2549959.625	1340345.875	17790236.75	1190068.125	1566064.125	1437442.0625	18290459.3125	536746.625	2383381.375	864693.0	3337694.25	96751.875
Ae_searsii	Ae_longissima	Ae_speltoides	83.51986074668832	0.0	0.5580576873756984	155990643.25	9365908.3125	12747097.6875	4137025.25	2358829.0	34903457.3125	2804333.125	3576774.0	4487175.125	34058247.9375	1963682.125	5866872.625	2031846.75	5914162.0	253157.5
Ae_searsii	Ae_longissima	Ae_tauschii	61.14121839719731	0.0	0.47510556145010796	158193340.8125	8677926.125	13012520.25	4171263.8125	2300492.75	34706207.0	3060521.4375	3958952.625	4065904.3125	35366812.625	1569175.125	5879352.375	2127145.125	6013352.75	246832.875
Ae_searsii	Ae_longissima	Ae_umbellulata	89.98203429124504	0.0	0.5097243126429035	117246431.8125	7548437.0625	9612029.1875	3245265.3125	1876815.625	26565625.875	2072287.625	2635810.125	3291795.875	25886433.125	1479598.125	4547354.0	1487563.5	4602018.375	188823.375
Ae_searsii	Ae_longissima	Ae_uniaristata	19.51873610717282	0.0	0.8504233850331258	158082000.5	9103986.8125	15517759.25	3623367.6875	1365485.5	34949371.5625	3335487.0	4278393.375	4972243.3125	35172457.875	1667381.75	7514292.375	2397324.125	5878541.375	268661.5
Ae_searsii	Ae_longissima	Er_bonaepartis	96.14898332066406	0.0	0.728225842545214	39104958.875	2601269.0625	3529433.625	973592.1875	509706.75	9186416.125	627848.1875	788494.25	1554278.125	8141789.3125	649706.875	1823848.25	497826.0	1469784.5	73317.875
Ae_searsii	Ae_longissima	S_vavilovii	92.52493389405342	0.0	0.7134250840876345	39409312.25	2214681.875	3767377.125	998550.0	432987.0	9326316.4375	661158.3125	773675.375	1501091.1875	8480528.8125	531298.375	1958601.75	577995.0	1594652.75	76726.75
Ae_longissima	Ae_searsii	T_boeoticum	162.12466495719406	0.0	0.3906078485416463	71526692.5	88562135.4375	11435175.5625	8449476.125	16675492.625	4241381.25	3508682.8125	6362268.25	6675629.8125	14753178.0	12699809.0	690296.125	1011484.875	582181.125	416452.5
Ae_searsii	Ae_longissima	T_urartu	121.51219078789272	0.0	0.5765965502055422	160034002.0625	7513060.125	13912447.5	4274433.0625	1965485.75	37718824.6875	2328574.25	2624153.875	4978471.125	34887726.3125	1870222.125	6818558.375	2058225.875	6611101.625	259571.25
Ae_searsii	Ae_longissima	Ta_caputMedusae	114.468910303557	0.0	0.6272863162883839	39650961.6875	2124399.4375	3577837.4375	1075232.1875	510311.25	9462166.125	632012.0	728402.5	1377962.5	8708489.75	451793.875	1879701.0	554508.375	1661363.0	71503.875
Ae_sharonensis	Ae_longissima	Ae_speltoides	12.607177966566324	0.0	0.9487867301586691	124434437.9375	8687964.5	9892893.0	1516016.8125	1940250.5	6223266.5625	1412850.75	1168749.5	3324124.75	28092919.0625	2189001.5	2769236.25	1712553.25	1148043.375	120789.25
Ae_sharonensis	Ae_longissima	Ae_tauschii	17.121873884561907	0.0	0.9217776128685488	125650881.3125	8582147.3125	9934512.3125	1555277.1875	2022195.375	6278313.125	1415848.75	1221380.5	3058882.375	29018082.5	1929234.5	2920206.875	1670582.625	1150366.625	121520.625
Ae_sharonensis	Ae_longissima	Ae_umbellulata	29.622939811566145	0.0	0.8851835131091452	93730967.25	6911324.5	7426200.625	1206610.625	1579398.25	4873035.0625	1027742.5625	834404.125	2406734.9375	21455437.6875	1574748.375	2235950.625	1267040.125	882346.125	93456.125
Ae_longissima	Ae_sharonensis	Ae_uniaristata	22.613257414792916	0.0	0.9317676469400977	125191439.75	9380893.25	6945026.3125	1494492.9375	1182846.0	11499340.6875	1314369.3125	1517373.25	3774102.25	28774330.5	2094644.25	4119349.25	1187558.375	1881530.875	135991.0
Ae_sharonensis	Ae_longissima	Er_bonaepartis	22.756490454057953	0.0	0.9501801853136114	31346129.125	2343517.875	2673452.625	359990.125	440172.25	1780031.25	315181.125	236481.125	1169793.375	6754387.25	670539.375	918413.875	418213.625	302737.5	35269.5
Ae_sharonensis	Ae_longissima	T_boeoticum	124.84148510453787	0.0	0.7983159790839887	54810463.0625	75398642.0	3350562.3125	2769172.75	5412245.375	2163282.375	1540150.5625	2940167.5	6404928.875	12187073.6875	12233604.125	320302.375	284746.375	270171.875	156156.75
Ae_sharonensis	Ae_longissima	T_urartu	25.012204258058876	0.0	0.9208975135407266	128427950.0625	6868355.75	10716776.25	1471832.4375	1658727.75	7141319.3125	1275624.875	861909.25	3559839.5	29025569.6875	1924626.25	3338968.625	1756654.375	1351606.0	125932.875
Ae_speltoides	Ae_longissima	Ae_tauschii	41.02306798282473	0.0	0.33635002549195453	244796661.6875	16620810.6875	22864882.5625	4933703.0625	5040861.5	16921300.375	3519503.5	2672183.5	4236245.875	54983519.875	2958294.125	5044555.0	4094396.875	3541245.0	280194.375
Ae_speltoides	Ae_longissima	Ae_umbellulata	56.13021359691978	0.0	0.4095429196150641	182768190.5625	13215760.375	17176649.75	3742077.9375	3839479.375	12870024.8125	2609550.0	1937021.5	3395075.0	40598604.6875	2551822.875	3853625.875	3057950.25	2743789.25	219359.75
Ae_speltoides	Ae_longissima	Ae_uniaristata	21.04872542641323	0.0	0.8089594111022226	244262068.4375	17639025.625	26482346.625	4133735.0625	3543566.75	17741516.5	3758387.0625	2785874.125	5347794.3125	54566318.0	3226532.125	6950242.625	4445739.125	3552249.5	301965.125
Ae_speltoides	Ae_longissima	Er_bonaepartis	19.615564021816436	0.0	0.8984768956766748	61258663.375	4375737.8125	6392020.25	941950.6875	997989.375	4482441.875	855053.3125	579396.125	1624092.875	13014289.0625	1050811.625	1513084.375	1075017.75	830042.25	79536.25
Ae_longissima	Ae_speltoides	S_vavilovii	10.54523529366852	0.0	0.9206865109879787	61871143.1875	3707234.5	4531817.25	952446.3125	585042.5	6832094.0625	904556.0	838527.0	1460476.125	13599831.1875	793814.25	1627834.875	892666.875	1246054.0	81393.875
Ae_speltoides	Ae_longissima	T_boeoticum	126.54022060007635	0.0	0.712896499847236	106833840.8125	146812885.8125	8400528.6875	7075048.4375	13455489.25	6176216.1875	4245387.5625	8049986.125	11271617.9375	22544400.6875	22020136.75	771854.875	807076.75	981424.375	504743.75
Ae_speltoides	Ae_longissima	T_urartu	38.08256295622693	0.0	0.6323762629102149	250993269.125	12585874.875	25161562.9375	4141250.0625	3926800.0	18059938.25	3478386.875	2104752.625	4618625.9375	55727490.1875	2695760.125	5621771.5	4433086.875	3631546.875	280879.75
Ae_tauschii	Ae_longissima	Ae_umbellulata	34.59519375670627	0.0	0.5666985893220323	184869773.25	13023205.625	17532240.8125	3235108.3125	3743239.75	12479998.4375	2754296.1875	2028294.25	3383132.25	41942476.625	2586359.25	3704405.5	3083562.375	2353500.125	203061.25
Ae_longissima	Ae_tauschii	Ae_uniaristata	35.31432867351813	0.0	0.7613205576069151	247315419.375	17173113.9375	16979807.8125	4101538.75	3136592.875	26954775.5625	3488380.75	3496822.875	5444183.0	56403227.3125	3304433.875	6964917.25	3037341.75	4576253.75	292798.125
Ae_tauschii	Ae_longissima	Er_bonaepartis	16.924783594388177	0.0	0.9259520228778862	61868543.4375	4404482.375	6319208.25	934128.0625	1053288.875	4433172.3125	858312.5	656626.375	1806367.75	13253841.6875	1162914.5	1574963.75	1026467.375	785649.0	79559.75
Ae_tauschii	Ae_longissima	T_boeoticum	120.88770702850809	0.0	0.7345586319813266	108024325.4375	148193501.25	8361454.0625	7008218.5	13527177.75	6110981.3125	4319534.0	8187052.5	11759958.3125	23326133.5	22849339.25	797787.125	788745.25	840449.0	479970.75
Ae_tauschii	Ae_longissima	T_urartu	11.489208838274633	0.0	0.8703938963700592	253579208.625	12514761.125	25337027.375	3781991.875	3867702.75	17762670.9375	3579298.0625	2290833.0	4940526.0625	57102169.4375	2960787.75	5519672.5	4433645.25	3352002.125	271342.125
Ae_longissima	Ae_tauschii	Ta_caputMedusae	8.623742810688615	0.0	0.9213223790298379	62905572.125	3461850.0625	4456592.6875	956048.625	646136.0	6571329.0625	916722.875	913497.875	1377231.125	14251426.1875	707671.25	1511249.75	855932.625	1197989.0	72728.75
Ae_umbellulata	Ae_longissima	Er_bonaepartis	24.35106604902339	0.0	0.8942075863521213	46235164.3125	3339192.6875	4790123.5625	707157.4375	777292.25	3504328.9375	626711.3125	441586.5	1306680.0625	9866775.5625	817432.375	1162338.125	782616.5	605976.0	59325.375
Ae_umbellulata	Ae_longissima	S_vavilovii	10.431329564548417	0.0	0.9389543356522432	46598647.9375	2899801.5625	5052045.9375	714348.8125	695040.5	3613722.75	678494.5	429547.25	1229976.125	10251401.0	667421.625	1305176.5	888766.625	692709.0	62331.875
Ae_umbellulata	Ae_longissima	T_boeoticum	112.69707039253936	0.0	0.7348280436303545	80877712.3125	110563869.125	6357209.4375	5284071.375	10181510.25	4607057.1875	3396210.375	6426895.5	8627733.4375	17299793.375	16809588.5	575006.625	613704.5	660822.75	371581.25
Ae_umbellulata	Ae_longissima	T_urartu	19.506534239609778	0.0	0.7958502177966567	189645343.3125	9435433.5	19104389.6875	2973513.375	2951814.625	13954544.0	2719218.5625	1675892.875	3710552.375	42343094.0625	2218899.25	4254605.875	3349163.625	2732236.5	210594.375
Ae_uniaristata	Ae_longissima	Er_bonaepartis	20.749704003651868	0.0	0.8330808647374018	61922521.5	4403948.25	7452121.75	1086747.875	1363032.875	4475173.625	990867.625	724814.0	1469398.75	13279944.125	1073418.625	1028652.625	1217043.0	768279.625	79611.75
Ae_uniaristata	Ae_longissima	T_boeoticum	167.7972183120305	0.0	0.6147238986644201	107435648.5	149480870.4375	10388369.8125	9017800.0	17440996.0	7126703.6875	4632199.875	8780927.5	11629605.625	23066215.0625	22642005.375	859366.875	904461.25	1026705.0	566905.0
Ae_uniaristata	Ae_longissima	T_urartu	30.82315508905632	0.0	0.2975460669222459	252558775.75	13802758.5	28773676.4375	4972165.6875	5951049.875	19244875.875	3700650.75	2142728.125	4239240.1875	56639595.0625	2957437.75	4266025.5	4790737.25	3603618.375	291959.875
Ae_uniaristata	Ae_longissima	Ta_caputMedusae	23.98618501741487	0.0	0.4634825758209462	62785360.5625	3669047.875	7576862.5625	1163231.5	1324988.75	4676001.75	1026134.0625	661474.25	1144568.75	14145712.8125	720783.0	1066063.875	1316417.25	925092.625	75892.375
Er_bonaepartis	Ae_longissima	T_boeoticum	180.76254540854583	0.0	0.5847058600903232	26854626.75	37692727.875	2500945.625	2220716.25	4135664.5	1754534.5625	1020529.8125	1951782.25	2710310.5625	5435421.8125	5316437.25	227847.25	215398.75	300781.375	155508.375
Ae_longissima	Ta_caputMedusae	Er_bonaepartis	52.33136765389622	0.0	0.6292706641091579	15907855.9375	1040179.75	803969.4375	274019.0	192077.625	1903892.6875	215299.25	252260.875	314969.3125	3428830.5	274375.0	230233.375	150411.375	326657.125	18833.75
S_vavilovii	Ae_longissima	T_boeoticum	199.35901412097627	0.0	0.5827738016890025	27100628.375	38092353.4375	2663801.125	2334283.4375	4425761.875	1513874.375	972887.3125	1824538.75	2874460.125	5684521.0625	5645952.25	228845.75	249529.625	282421.75	163868.75
Ae_longissima	T_urartu	S_vavilovii	13.51180533473611	0.0	0.8772471241350717	64189614.3125	3942398.9375	3389516.375	981784.375	535564.0	7421796.8125	920943.9375	996561.25	1355737.0	14136891.125	881538.875	1333675.75	737120.25	1325390.375	79839.625
T_boeoticum	Ae_longissima	T_urartu	181.51658056273885	0.0	0.3457454876290108	110307942.3125	4722545.9375	9557757.6875	11823678.0625	793035.75	153801926.0	3570508.5	6084598.25	7931955.125	23577684.0	900701.875	15438971.875	918528.25	23329533.875	528177.5
T_boeoticum	Ae_longissima	Ta_caputMedusae	192.8454037138735	0.0	0.37651567997104374	27308472.6875	1418479.5	2513085.8125	2975719.75	216546.5	38333153.4375	936000.5	1737066.875	2167765.6875	5859813.25	244564.875	4143623.375	245993.0	5836965.875	147262.875
Ae_longissima	T_urartu	Ta_caputMedusae	18.349810243164164	0.0	0.6855563153072182	64775883.0	3590221.6875	3246214.75	1019544.4375	575292.625	7288521.5	940936.5625	969042.0	1112319.0	14527053.0625	717982.75	1140070.75	763475.625	1342600.75	70638.5
Ae_mutica	Ae_sharonensis	Ae_searsii	95.60608259021258	0.0	0.4627869321780443	108619069.4375	26044159.75	6592886.375	2958242.3125	3822077.125	6120890.0625	1740282.75	2333146.25	2789504.75	23980311.9375	4505642.625	1064644.875	1141154.25	1287939.5	160264.0
Ae_mutica	Ae_speltoides	Ae_searsii	45.57648296022735	0.0	0.7472021691952616	214694060.75	54422218.5	14163945.875	4545708.0	6660319.125	11246386.75	3717528.75	4553276.0	6165403.125	47099620.0	9555611.125	2348555.25	2460334.625	2001161.0	313554.125
Ae_mutica	Ae_tauschii	Ae_searsii	80.54411387934978	0.0	0.5124132298177244	216617413.0625	53065775.0625	14334063.375	5603135.0	7887314.25	12522468.1875	3771843.6875	5116468.0	5696378.875	48085367.125	9180904.625	1976928.75	2238997.0	2423832.375	327527.625
Ae_mutica	Ae_umbellulata	Ae_searsii	49.27494758863193	0.0	0.6044691671775584	160224114.25	40300670.875	12486205.8125	4005323.5625	5645552.25	9317411.1875	3264554.0625	4184040.125	4396633.5	35109327.0	6990950.125	1639023.5	2169512.625	1751990.5	259153.625
Ae_mutica	Ae_uniaristata	Ae_searsii	53.1321656798807	0.0	0.5564776217479303	218152288.1875	54600541.1875	13120835.9375	5268602.3125	7094836.625	13772673.6875	4166396.3125	5888367.125	5549309.5625	48237165.9375	9392406.875	1459430.375	2149431.625	2593524.125	328170.125
Ae_searsii	Ae_mutica	Er_bonaepartis	72.9255891317442	0.0	0.5312774542859734	53775310.25	3922209.0625	3265578.3125	1430526.125	486906.25	14246528.875	1023145.5625	1512783.75	1484894.4375	11281635.625	850260.875	1589944.375	517953.75	2348268.375	93643.375
Ae_searsii	Ae_mutica	S_vavilovii	66.86540369944916	0.0	0.34546890693135995	54500752.875	3157957.9375	3259129.5625	1576127.75	468504.125	14719937.125	964639.5625	1297181.0	1287389.9375	11801409.25	673852.0	1521330.75	600292.0	2636834.25	91784.875
Ae_mutica	Ae_searsii	T_boeoticum	229.83026500321952	0.0	0.3430405285794324	96521318.875	126782282.375	18525106.25	14582371.5	28623550.25	5127454.9375	3226100.5625	5502279.25	9155935.4375	19620499.5625	17707823.0	1037995.25	1453514.25	1003511.125	651617.375
Ae_searsii	Ae_mutica	T_urartu	24.436851056089505	0.0	0.16756862295105887	220200286.8125	11645972.75	12732248.6875	6273323.125	1949942.125	58067327.5	4005406.8125	5416240.625	4461938.875	48026992.3125	2440964.0	5878704.625	2154422.875	10261660.0	327311.875
Ae_searsii	Ae_mutica	Ta_caputMedusae	45.385930668398004	0.0	0.26487864621746043	54594910.25	3207565.25	3261469.5625	1592472.8125	507485.375	14699376.4375	1001965.3125	1367184.5	1214736.75	12023106.375	577448.375	1590826.0	582935.0	2613620.125	87150.875
Ae_mutica	Ae_speltoides	Ae_sharonensis	15.77153542400533	0.0	0.5435356667425971	170396429.25	12966719.25	12255356.25	2614888.25	2855346.5	9550138.3125	2424645.8125	1920472.625	2651177.3125	38182067.3125	2668777.125	2171672.625	2467743.125	1904710.125	166966.125
Ae_mutica	Ae_sharonensis	Ae_tauschii	10.942009911659804	0.0	0.14345067021550528	170994567.625	13060865.3125	12641288.5625	3129582.125	3188009.375	10460520.5	2369698.9375	1915146.875	2496960.4375	38737240.0	2461689.625	2261222.875	2517344.625	2205348.5	169056.625
Ae_mutica	Ae_sharonensis	Ae_umbellulata	33.84784009374783	0.0	0.3479645867675233	127246798.0	10738922.625	9631214.5	2305203.125	2313487.75	7937366.625	1759042.125	1411506.125	2050505.875	28598634.375	2060573.125	1794034.25	1870905.75	1687214.125	131400.625
Ae_mutica	Ae_sharonensis	Ae_uniaristata	29.3123566274495	0.0	0.5988061630656268	171627039.4375	12850475.1875	14172844.0	2720588.875	2413710.0	11035635.5625	2377683.4375	1790651.625	2889490.625	38795793.5	2398832.0	3030780.125	2657150.125	2213298.625	174128.875
Ae_sharonensis	Ae_mutica	Er_bonaepartis	5.978129775776433	1.1325518300964177e-09	0.9604008460284266	42815058.375	3363608.3125	2710031.3125	588597.875	453535.625	3609418.9375	570743.75	603862.625	1003761.0	9199520.1875	800174.375	719905.875	493042.125	665440.375	47912.25
Ae_sharonensis	Ae_mutica	S_vavilovii	39.633157725169525	0.0	0.7234101336591158	43388835.5	2808488.5	2715552.0	665547.625	468077.875	3874495.3125	553422.8125	472766.125	846680.9375	9633239.0625	617936.75	716475.0	575809.375	787940.25	47278.875
Ae_mutica	Ae_sharonensis	T_boeoticum	92.56576716385956	0.0	0.8087208345703122	73614650.625	106116321.875	5016028.0	4098420.125	7761169.125	4295746.75	2795385.875	5276383.125	8304563.75	15839587.0	16234971.25	540797.125	531926.5	621397.0	321778.875
Ae_mutica	Ae_speltoides	Ae_umbellulata	4.156831179232734	1.6144114163063605e-05	0.9254536436634438	252838683.3125	22901691.0625	19495251.5625	3690649.3125	3980918.5	14983614.25	3615678.0	2701746.625	4546407.25	56642316.625	4483544.25	3839443.125	3781149.25	2844718.0	256746.875
Ae_speltoides	Ae_mutica	Ae_uniaristata	13.29116967102363	0.0	0.8514653799792246	341767962.625	26758851.75	21014467.75	4812692.5	3329075.625	27915782.9375	4510508.3125	4465447.875	6242760.1875	76944627.4375	5160436.25	6269802.0	3822659.625	5321924.25	343932.875
Ae_speltoides	Ae_mutica	Er_bonaepartis	4.893540988798686	4.958929609166773e-07	0.9716623913442879	85542675.5	6851818.9375	5285557.8125	1089882.25	809955.75	6945027.875	1061569.5625	1099496.125	2032377.4375	18438402.125	1630289.0	1459080.875	931279.0	1255244.75	91322.0
Ae_speltoides	Ae_mutica	S_vavilovii	24.414954306510765	0.0	0.820273260151056	86981612.3125	5487831.875	5262511.75	1206371.6875	831070.875	7188661.875	1070338.5625	971009.625	1691194.0625	19350542.75	1197565.5	1456023.25	1048661.125	1427918.125	90569.625
Ae_mutica	Ae_speltoides	T_boeoticum	77.99879164214904	0.0	0.8428336410269048	146496706.3125	213540534.1875	9872545.4375	7573085.0625	14456593.75	8161056.25	5433514.125	10058508.375	16907358.625	31498410.875	33033548.0	1058350.875	1179067.5	1099518.0	616489.625
Ae_speltoides	Ae_mutica	T_urartu	15.02821443825413	0.0	0.7937815556660789	350171388.9375	20928068.75	20939434.3125	4715030.25	3083763.75	27973538.9375	4385787.875	4034521.75	5653116.4375	78475740.375	4574474.5	5297640.875	3993432.5	5379071.25	320921.5
Ae_mutica	Ae_tauschii	Ae_umbellulata	21.822605538363938	0.0	0.27267613197602303	254444412.375	21666364.1875	20244579.75	4642149.3125	4788607.375	16493646.3125	3646366.75	3155707.875	4019688.9375	57634167.875	4173127.375	3377532.875	3717259.0	3315226.625	262960.375
Ae_mutica	Ae_tauschii	Ae_uniaristata	30.645667698485713	0.0	0.41020325336435476	343917217.6875	25068489.3125	28899211.25	5779371.375	5484596.125	23163170.6875	4739764.8125	3756228.0	5462810.5	78309217.5	4718212.75	5517190.875	5173728.25	4460398.25	341421.625
Ae_tauschii	Ae_mutica	S_vavilovii	36.80743672301493	0.0	0.7074755919514364	86814318.125	5615797.6875	5636619.75	1333773.0625	999499.125	8028066.625	1125584.8125	1022672.25	1629091.875	19430077.0625	1218389.75	1321662.125	1120940.5	1531700.125	92927.125
Ae_mutica	Ae_tauschii	T_boeoticum	86.83969818263901	0.0	0.8119861339041649	147111835.6875	213315235.3125	10808173.5625	8578238.9375	16318754.0	8993341.125	6066892.875	11454573.0	16912785.375	31852091.25	33047639.875	1126753.0	1146679.875	1222962.0	660182.125
Ae_mutica	Ae_tauschii	T_urartu	9.506167274003307	0.0	0.4002400216586143	351741817.4375	19758041.1875	29477625.0	5206573.875	5042920.25	22694192.9375	4885075.3125	3633582.125	5099622.125	79479181.5	4328051.5	4632496.25	5443853.0	4343899.0	329398.5
Ae_mutica	Ae_tauschii	Ta_caputMedusae	13.822766435964569	0.0	0.6558440679819505	87438061.75	5249288.0	7459161.375	1320869.875	1339530.5	5789575.0625	1242975.0625	923410.625	1391416.0625	19899469.8125	968688.875	1290176.5	1398437.75	1154319.5	88528.25
Ae_mutica	Ae_umbellulata	Ae_uniaristata	5.006024004551603	2.7827122273116345e-07	0.6666076150089362	255314066.625	19665655.5	24258405.0	4130833.0	3622223.375	17460287.0625	4044499.6875	3084883.625	4217120.4375	57600281.4375	3748874.5	4205922.625	4568752.0	3397096.875	265615.25
Ae_umbellulata	Ae_mutica	Er_bonaepartis	6.629035254060685	1.6984191830715645e-11	0.9437713657585469	63985265.375	5034740.0625	4347858.375	932053.8125	738953.625	5947203.8125	901809.625	960604.875	1409444.1875	13789329.5	1149218.125	949396.5	775403.625	1037682.25	71540.25
Ae_umbellulata	Ae_mutica	S_vavilovii	44.19819262682234	0.0	0.6217516166087225	64825098.4375	4181011.3125	4324082.5	1071351.5	758523.0	6340882.0	874749.125	785279.875	1197917.3125	14372267.4375	922761.0	944106.0	875291.75	1270343.375	71870.375
Ae_mutica	Ae_umbellulata	T_boeoticum	96.46256045904397	0.0	0.7818619051448121	109954977.75	158624763.75	8333526.5	6838628.125	13021786.875	6932166.0	4699582.0	8865679.5	12366462.375	23567571.5	24213074.625	823597.625	907143.0	948565.875	520280.5
Ae_mutica	T_urartu	Ae_umbellulata	11.469232816092168	0.0	0.4225607980381641	262337016.125	23654372.75	14850603.25	4040938.5	3748069.125	17392423.6875	3766190.4375	3408596.5	3967246.6875	58794393.3125	4563565.375	2847742.75	3260481.125	3451803.625	254916.75
Ae_uniaristata	Ae_mutica	S_vavilovii	27.46186550405544	0.0	0.6275975701138983	87920583.3125	5684857.625	6222947.5	1365245.9375	1156863.375	7101170.1875	1206680.125	1019535.0	1473905.875	19660403.5625	1206908.375	1025459.375	1271493.25	1415880.5	92421.0
Ae_mutica	Ae_uniaristata	T_boeoticum	15.284067618829093	0.0	0.9562913938868183	147380117.8125	218029418.6875	10710253.4375	7550872.5625	14249846.5	9966725.0625	7092624.1875	13396971.0	17118543.9375	31906190.9375	33514025.375	1129778.5	1269296.375	1255654.625	686699.0
Ae_uniaristata	Ae_mutica	T_urartu	22.95095032569382	0.0	0.33857474031293017	353218210.0625	22664518.0	23891861.875	5735303.5625	5229742.25	28579300.0625	4728833.125	3788882.25	5244031.875	79461148.8125	4829623.25	4493973.375	4590155.875	5464691.75	342466.875
Ae_uniaristata	Ae_mutica	Ta_caputMedusae	18.568802071662137	0.0	0.4625759394620912	87995964.625	5819940.4375	6249169.875	1355031.8125	1151852.0	7023221.0625	1222349.0	1069170.375	1336552.8125	19932496.125	1091538.0	1068943.875	1212866.875	1374033.875	86633.25
Ae_mutica	S_vavilovii	Er_bonaepartis	14.04289540471557	0.0	0.8493156623350031	22137436.625	1760749.6875	1363331.0625	315853.875	258100.0	1609865.6875	295432.625	252739.375	410534.75	4778869.6875	430012.25	264741.375	286854.0	302241.875	24465.125
Er_bonaepartis	Ae_mutica	T_boeoticum	11.656627437388735	0.0	0.9617609504516428	36794902.8125	54771121.0625	2561057.625	1918542.5	3457797.25	2764300.5	1829924.375	3509806.0	4058783.4375	7584170.5625	7964433.125	302484.625	305778.625	382311.625	194454.875
Ae_mutica	T_urartu	Er_bonaepartis	15.757656267619797	0.0	0.8894943065321395	88932754.0	6984394.6875	5263740.25	1193313.5625	1123559.0	6105221.8125	1102687.125	1010624.375	1832167.1875	19204822.125	1629969.75	1103409.5	1037832.75	1134494.0	92050.875
Ae_mutica	Ta_caputMedusae	Er_bonaepartis	68.21768977947498	0.0	0.6001557802321633	22277801.5	1619551.0	1257477.625	348485.875	352282.75	1646741.5625	247004.1875	217119.5	399325.5625	4860597.9375	404114.0	212670.0	231622.75	302790.875	22331.875
S_vavilovii	Ae_mutica	T_boeoticum	34.998556294625914	0.0	0.9188481630346326	37358039.875	55917091.125	2490108.0625	1801954.4375	3328188.0	2228491.875	1554363.5	2934492.375	4357731.6875	8005719.1875	8566664.875	288457.0	319014.125	322749.375	190814.5
S_vavilovii	Ae_mutica	T_urartu	19.023231501361558	0.0	0.23062437394390672	90156318.6875	5685861.75	6048184.8125	1499882.75	1076742.0	5780181.1875	1145558.875	905081.5	1251769.3125	20026532.25	1274506.25	1029897.5	1219773.375	1250600.625	89183.125
S_vavilovii	Ae_mutica	Ta_caputMedusae	29.770115956780593	0.0	0.3519547266292853	22412840.5	1518172.5625	1571597.3125	370623.875	265389.0	1488094.8125	292683.875	230595.0	335013.25	5003375.8125	331358.625	276714.375	309697.25	355616.25	23310.5
Ae_mutica	T_urartu	T_boeoticum	4.487489320443263	3.6066410955548633e-06	0.9882586673425758	151042442.6875	223123572.6875	7981241.1875	6657778.6875	11753606.0	9764423.5	6528169.5	12524144.625	17437272.125	32644854.0	34414732.25	1048944.25	1119974.625	1282698.625	654975.25
T_boeoticum	Ae_mutica	Ta_caputMedusae	16.61384726484913	0.0	0.04180673465899379	37457352.5625	2265592.5	2534430.25	4421978.6875	267973.5	55834933.125	1655541.0625	3099453.5	1776242.9375	8148171.5	303425.0	3319008.375	340593.125	8690313.375	176246.5
Ae_mutica	T_urartu	Ta_caputMedusae	18.27626545908082	0.0	0.44454034945517185	90616081.9375	5558113.125	5291850.875	1312455.4375	1132714.875	6268416.5	1177796.8125	910949.375	1285565.5625	20449052.125	1071640.5	1016489.125	1193900.75	1302630.5	82807.5
Ae_searsii	Ae_sharonensis	Ae_speltoides	68.69019885811407	0.0	0.5039773279883897	107149144.4375	7043714.5	6013258.4375	2722515.0	1209863.125	24756063.3125	1942535.5	2828460.25	2735023.4375	23478682.0	1426638.875	3244091.625	1041253.375	4217645.5	160620.625
Ae_searsii	Ae_sharonensis	Ae_tauschii	35.768188073507034	0.0	0.36334597796346707	108654224.5	6571758.5625	6189383.1875	2717694.25	1173809.0	24597852.1875	2123965.75	3112810.25	2462813.625	24334911.1875	1165931.625	3277685.75	1096904.375	4225080.625	157014.125
Ae_searsii	Ae_sharonensis	Ae_umbellulata	66.07841024139216	0.0	0.48650672581892407	80394752.625	5789887.875	4637119.6875	2106823.9375	950362.625	18675451.625	1517161.125	2239061.0	2075834.3125	17795829.0625	1097370.125	2663987.75	772445.5	3245056.5	123770.25
Ae_searsii	Ae_sharonensis	Ae_uniaristata	38.70156524453789	0.0	0.6490326671843583	109014613.0625	6454897.25	7305601.4375	2521991.375	719508.875	25123824.9375	2152143.25	3025192.25	2836091.5625	24327770.75	1190773.375	3933718.25	1255827.75	4296372.375	163196.5
Ae_searsii	Ae_sharonensis	Er_bonaepartis	77.63700423544337	0.0	0.7431887660774446	26873196.4375	1917271.75	1727003.1875	641517.75	265579.375	6462790.125	455644.9375	663483.0	993544.25	5610831.1875	467258.875	1077346.0	265150.25	1036950.5	47855.375
Ae_searsii	Ae_sharonensis	S_vavilovii	89.06396329340186	0.0	0.6859428445951707	27122655.0625	1642479.6875	1834183.9375	673604.8125	217526.5	6610346.625	455136.625	625800.0	932300.375	5861013.75	376407.625	1129184.75	299571.875	1146225.75	48924.625
Ae_sharonensis	Ae_searsii	T_boeoticum	225.4594404868384	0.0	0.39894967465471165	48710654.375	62333566.4375	8288220.375	6272767.4375	12387803.125	2219273.0625	1662916.25	2873520.625	4722724.3125	10089706.25	9019980.875	458226.875	695479.0	402319.875	282907.125
Ae_searsii	Ae_sharonensis	T_urartu	103.73322306812531	0.0	0.5692950879815364	109992973.875	5726140.6875	6717337.9375	2797269.0	1048822.25	26467202.6875	1695335.625	2310711.375	3151843.875	23975534.8125	1391144.0	4022920.375	1084159.5	4550986.375	168812.625
Ae_searsii	Ae_sharonensis	Ta_caputMedusae	107.71402807428349	0.0	0.5875375251535566	27302876.5625	1562900.875	1709893.6875	724287.0	276896.625	6693638.9375	437671.75	599960.875	845944.5625	6022250.5	321498.5	1073629.25	284036.25	1182441.0	45876.625
Ae_searsii	Ae_tauschii	Ae_speltoides	45.108076055836236	0.0	0.4711732719572836	213359799.4375	14649884.3125	13444608.75	5461024.25	2252627.25	50150617.1875	4366971.1875	6368813.625	5341749.0	46964414.5	2741224.0	6984593.875	2089977.625	8558414.125	339843.875
Ae_searsii	Ae_umbellulata	Ae_speltoides	4.813931387987161	7.409179141326661e-07	0.12146812488794406	157900610.875	10847787.5	11674261.125	4224136.75	1877104.75	38184627.375	3688191.125	5099835.625	3762292.375	34282637.875	1973673.875	4903682.75	2053853.5	6486033.625	266982.875
Ae_searsii	Ae_uniaristata	Ae_speltoides	12.359186527003681	0.0	0.4573672320163293	214507361.9375	16293127.1875	12624275.625	5165313.0	1580944.75	51491720.125	4862116.5	7305505.25	5117670.8125	46976258.1875	2980981.875	6375382.0	2076536.0	8606672.5	344086.25
Ae_searsii	Ae_speltoides	Er_bonaepartis	77.14418689005662	0.0	0.6376019576670411	52938297.625	3732649.8125	3833708.875	1366113.5625	544324.375	13466589.625	980264.3125	1341259.125	1659126.25	10997082.6875	829465.125	1966017.875	606159.0	2177082.25	97857.5
Ae_searsii	Ae_speltoides	S_vavilovii	87.85879636347694	0.0	0.5187600584370388	53604589.875	3041827.875	3910866.3125	1470599.8125	510598.875	13812325.4375	963579.9375	1228241.625	1510129.875	11506590.625	632581.25	2013750.0	668793.75	2404321.25	98338.5
Ae_speltoides	Ae_searsii	T_boeoticum	201.4266393178936	0.0	0.3469063975113645	95715075.0	123031869.5625	17365587.9375	13358900.75	26118947.25	5351947.0	3729633.9375	6540945.75	8844450.9375	19259034.125	17137137.375	954487.875	1428482.5	1035564.625	638548.375
Ae_searsii	Ae_speltoides	T_urartu	65.8228954797464	0.0	0.3934465403451099	216588433.8125	11115032.375	15086028.125	5902526.4375	2155123.25	54663087.9375	3894101.125	4894005.75	5196884.875	46846930.4375	2274808.25	7489150.75	2431854.75	9434285.875	348174.25
Ae_searsii	Ae_speltoides	Ta_caputMedusae	82.2262046839639	0.0	0.4180536968142281	53789875.25	2997236.8125	3790013.0	1537035.3125	576615.125	13912924.9375	943856.5	1184071.5	1369979.3125	11756958.125	533412.75	1948871.0	653471.625	2442289.625	90376.125
Ae_searsii	Ae_tauschii	Ae_umbellulata	44.36089502244857	0.0	0.37093597805154077	160448444.3125	11663156.625	9920518.125	4323115.1875	1837198.75	38229853.75	3224970.3125	4649313.75	3872506.0625	35580163.0	2134255.5	5301602.25	1569714.5	6573753.25	247528.625
Ae_searsii	Ae_tauschii	Ae_uniaristata	36.245164723251214	0.0	0.42339105792217474	218066818.9375	12395245.5625	14940473.5	5352385.375	1621870.625	51618002.0	4368016.5	6029620.5	5090816.5625	48766918.1875	2149141.75	7583728.75	2416171.875	8741870.5	321380.375
Ae_searsii	Ae_tauschii	Er_bonaepartis	82.43503626204775	0.0	0.7005518491911925	53661593.6875	3834915.25	3632616.5	1318605.6875	530526.375	13315897.875	918961.0625	1314796.125	1853920.1875	11243480.375	924355.25	2099340.0	529545.875	2111353.875	95078.875
Ae_searsii	Ae_tauschii	S_vavilovii	89.44447876094289	0.0	0.6383896164108941	54149941.0625	3249434.6875	3841938.875	1391797.75	453978.125	13537539.625	940017.625	1285484.75	1737593.5625	11749947.9375	716525.0	2233460.375	591574.75	2327574.625	98789.25
Ae_tauschii	Ae_searsii	T_boeoticum	219.51740584065098	0.0	0.37923157045659406	97122838.0625	124932892.0	17064597.3125	13078079.375	25737983.5	4944616.3125	3511081.0	6071341.375	9355624.0625	20014189.0	17982880.125	995303.25	1415575.875	899599.5	600572.25
Ae_searsii	Ae_tauschii	T_urartu	99.91696282869317	0.0	0.47981021371250726	219697057.9375	11297195.5	14132726.375	5893373.5625	2078121.625	54493759.3125	3434161.75	4578973.75	5702478.0	48176596.9375	2592035.625	7766582.125	2119061.5	9466933.25	330666.75
Ae_searsii	Ae_tauschii	Ta_caputMedusae	109.85024912299306	0.0	0.5085329114419862	54514616.8125	3074794.875	3578146.875	1494116.0625	547700.125	13805020.25	844793.0625	1119673.0	1516663.3125	12078072.875	584104.125	2040075.25	544814.875	2415189.75	86868.75
Ae_searsii	Ae_uniaristata	Ae_umbellulata	4.935885726546434	3.995314645788284e-07	0.22178906320354708	161066052.3125	13298295.6875	9496529.4375	4041660.8125	1247105.5	38870017.3125	3784573.1875	5736475.75	3857842.8125	35558050.3125	2331526.375	5148456.875	1561338.25	6563089.75	259063.625
Ae_searsii	Ae_umbellulata	Er_bonaepartis	72.7973534817839	0.0	0.657238220900309	39726907.75	2836953.0	3126817.0625	1036302.3125	420935.125	10198977.625	763440.5	1042744.625	1286647.0625	8265953.4375	629216.5	1458030.25	484366.0	1655256.125	73623.625
Ae_searsii	Ae_umbellulata	S_vavilovii	76.60009727246754	0.0	0.5861599321051352	40127794.3125	2379137.625	3255928.8125	1087571.875	380668.375	10357075.8125	782654.125	996666.375	1214537.3125	8596742.0	512718.75	1547191.25	561568.25	1791367.75	76007.375
Ae_umbellulata	Ae_searsii	T_boeoticum	184.47551922766766	0.0	0.33364204281899923	72289532.3125	91954415.75	13203425.0	10165085.9375	19978401.25	4098701.875	3170467.0625	5584934.0	6672637.1875	14644536.5	12853998.25	748715.125	1128420.125	750386.625	488046.0
Ae_searsii	Ae_umbellulata	T_urartu	71.69903593749339	0.0	0.38663611990409874	162641710.9375	8347376.5	12272036.5	4624627.5625	1675034.25	41673174.375	2920981.9375	3643795.5	3994881.0625	35274430.0	1876212.25	5429689.125	2077919.625	7339789.125	256911.25
Ae_searsii	Ae_umbellulata	Ta_caputMedusae	84.69650358124134	0.0	0.43833042218784024	40335678.3125	2301014.125	3123338.375	1170816.8125	435845.875	10555339.5625	731260.625	896537.125	1074293.0	8829697.3125	432022.25	1430889.75	542888.125	1885967.75	68560.0
Ae_searsii	Ae_uniaristata	Er_bonaepartis	78.39282123996838	0.0	0.6534403279754781	54202158.4375	4008540.375	3190446.0625	1342365.5	441088.625	13802699.4375	955732.375	1450817.625	1684731.4375	11392254.75	896344.0	1808379.625	451698.875	2235868.125	93274.75
Ae_searsii	Ae_uniaristata	S_vavilovii	87.6749815219509	0.0	0.5509205000395313	54799760.5	3354468.8125	3320324.4375	1430863.0	392940.5	14118552.0	951964.3125	1346739.875	1539466.3125	11893389.875	706428.5	1862120.5	532702.125	2449340.875	94200.375
Ae_uniaristata	Ae_searsii	T_boeoticum	245.46343480723993	0.0	0.3734666099070413	97329431.5	128162851.0	17846841.625	13966496.75	27464190.125	4935315.4375	2934664.0625	4934219.5	9510564.4375	20062684.6875	18265988.375	1081049.25	1423626.375	969243.125	628387.75
Ae_searsii	Ae_uniaristata	T_urartu	62.61588060348748	0.0	0.5189339136263521	220818342.0625	13077723.5625	13450914.625	5599991.0	1464226.25	55206594.1875	4192256.8125	6129125.375	5710802.875	48241822.5	2740241.5	7743911.5	2035176.5	9447034.0	349752.25
Ae_searsii	Ae_uniaristata	Ta_caputMedusae	81.07761338052143	0.0	0.5082311610836994	54907504.0625	3443784.25	3284058.1875	1449798.375	417757.625	14131462.0	977900.5625	1373055.875	1465595.5	12101739.1875	651704.0	1891728.75	543620.0	2445756.875	88841.75
Ae_searsii	S_vavilovii	Er_bonaepartis	27.623383842251503	0.0	0.21709265748754686	13546416.4375	958493.8125	771343.1875	388190.9375	120441.625	3756333.0	269517.5	375902.25	302424.5	2817289.25	207031.5	337966.875	145059.125	623491.625	24288.375
Er_bonaepartis	Ae_searsii	T_boeoticum	197.55645548974516	0.0	0.2880673020572715	23999738.0	31447286.0625	4793839.875	3872143.9375	7468439.875	1531175.3125	910737.25	1608790.875	2109002.8125	4604680.75	4082113.375	290901.0	370608.375	314325.75	185205.75
Ae_searsii	T_urartu	Er_bonaepartis	68.62321030641326	0.0	0.4238765179946752	54580815.1875	3850773.1875	2926388.9375	1498874.6875	512893.25	14684363.9375	1013913.3125	1462572.875	1370718.3125	11346736.8125	803789.75	1419128.375	528618.25	2453801.625	94401.5
Ae_searsii	Ta_caputMedusae	Er_bonaepartis	52.14225397709188	0.0	0.24828343275452083	13632873.1875	887889.5	718501.125	409437.8125	157735.125	3822689.3125	228912.75	317515.0	288538.125	2871937.3125	208591.125	275360.5	125211.875	645818.875	22198.375
S_vavilovii	Ae_searsii	T_boeoticum	224.5510513540898	0.0	0.3134533997465151	24261231.125	31881980.8125	4874906.0625	3899253.0	7600146.25	1245471.3125	815161.75	1404223.0	2223251.0	4823230.9375	4317045.625	285709.5	383289.625	275125.875	191065.125
Ae_searsii	T_urartu	S_vavilovii	44.73258442322287	0.0	0.28535939500011753	55131888.625	3240531.9375	3098569.875	1592603.6875	462267.125	14953423.5625	1056835.75	1396908.125	1270770.4375	11793790.375	672255.625	1504255.5	662715.625	2674694.5	98486.25
Ae_searsii	Ta_caputMedusae	S_vavilovii	20.246214292138628	0.0	0.17219929139828005	13672451.9375	831295.625	847888.125	397072.8125	114108.0	3802694.625	278469.5625	370430.75	303141.4375	2948518.25	184921.0	365438.125	165421.625	663889.875	24384.25
T_boeoticum	Ae_searsii	T_urartu	217.05605616204195	0.0	0.6753670194914996	98403654.0	4260697.375	19150212.8125	8943038.9375	1027686.625	127748958.25	3456482.875	5385535.75	14870723.6875	19779187.0625	993840.875	29380893.25	1583526.75	17494351.0	683452.75
T_boeoticum	Ae_searsii	Ta_caputMedusae	220.92064927601317	0.0	0.6812337018852909	24374341.75	1254469.3125	4878237.0625	2273296.875	270374.25	31869044.125	869097.5625	1485883.75	3870004.1875	4940362.375	255031.875	7578587.375	398845.25	4414637.375	180316.875
Ae_searsii	T_urartu	Ta_caputMedusae	21.40167165396996	0.0	0.12473578516833468	55448927.875	3105128.75	2884985.5	1685470.375	544813.75	15201613.5	980538.375	1255931.25	1080999.75	12098916.375	540362.75	1362460.875	615314.625	2763065.125	86565.125
Ae_speltoides	Ae_sharonensis	Ae_tauschii	28.827570492217287	0.0	0.30429507072009937	167816870.125	12289758.6875	11460428.4375	3073198.875	2720933.875	12442125.5625	2329402.125	2246482.25	2654732.125	37745854.8125	2197127.25	2770342.75	2211346.75	2519640.625	174602.75
Ae_speltoides	Ae_sharonensis	Ae_umbellulata	43.29449799033088	0.0	0.45244027114518365	124958332.9375	10019195.6875	8759529.125	2285208.125	1978346.625	9367492.0625	1784025.0625	1729614.0	2198145.0	27832081.125	1908827.0	2206818.125	1673534.25	1961452.75	138195.125
Ae_speltoides	Ae_sharonensis	Ae_uniaristata	42.450554972536864	0.0	0.6346121738416133	168261624.875	12272856.25	12849224.125	2801044.625	2130788.125	13271067.0	2305082.125	2065116.5	3166478.75	37664319.75	2250304.625	3697933.75	2323456.625	2634084.0	184871.875
Ae_sharonensis	Ae_speltoides	S_vavilovii	14.39517375681622	0.0	0.8911546906953027	42472232.125	2712479.5	3332343.3125	620509.4375	504666.125	3496552.5625	578198.6875	437984.375	924611.625	9362366.75	564133.75	932963.375	660435.875	679767.625	50832.875
Ae_speltoides	Ae_sharonensis	T_boeoticum	14.232968084080698	0.0	0.9565414073936626	72758247.875	102665742.5625	4526392.125	3585302.6875	6700714.75	4684253.75	3377223.9375	6467338.625	7957122.375	15449887.1875	15556306.0	514866.375	520648.875	652599.25	325951.625
Ae_speltoides	Ae_sharonensis	T_urartu	13.764841425975895	0.0	0.7967489300868738	171901837.0625	9556603.5	12941950.5625	2523159.0	2042721.875	13080112.875	2366837.6875	1915145.875	2979620.875	38143246.8125	2074831.0	3227736.625	2514339.375	2491295.0	177100.875
Ae_tauschii	Ae_sharonensis	Ae_umbellulata	7.8546191105848795	1.9984014443252818e-15	0.8016908453938362	126387004.875	9844281.75	8991831.3125	1975108.5625	1962076.0	9090642.5	1906396.25	1842474.125	2184174.8125	28696912.6875	1893134.375	2136201.75	1692011.875	1723729.625	131117.5
Ae_sharonensis	Ae_tauschii	Ae_uniaristata	13.078527425442402	0.0	0.8399735700711921	170308141.375	11953080.125	12809295.25	2561117.625	2314954.625	13204274.5625	2408492.6875	2123083.0	3209616.0625	38829186.5625	2284091.625	3677871.75	2363965.625	2441998.875	180831.25
Ae_tauschii	Ae_sharonensis	T_boeoticum	7.7836674568438085	3.552713678800501e-15	0.9766029246572768	73553384.625	103571241.6875	4522412.0	3556171.4375	6771283.5	4646781.75	3441023.4375	6588340.75	8247345.25	15929413.5625	16042095.125	524995.125	506629.875	563746.125	307848.75
Ae_sharonensis	Ae_tauschii	T_urartu	12.772736861048951	0.0	0.8559536433572822	173607982.5625	9507733.4375	12900839.5625	2464923.6875	2071609.5	13108200.875	2317580.875	2025744.5	3193122.75	38986092.125	2236000.625	3161661.75	2361934.125	2546903.75	174401.875
Ae_sharonensis	Ae_tauschii	Ta_caputMedusae	12.935313009187936	0.0	0.8752900579329094	43177488.5	2532211.0625	3269748.25	632343.9375	554696.0	3346601.125	594202.8125	501047.5	861900.375	9789389.1875	502381.875	845616.0	639479.25	659326.0	46464.125
Ae_umbellulata	Ae_sharonensis	Ae_uniaristata	25.5042518571365	0.0	0.7370827429295569	126406744.1875	9359851.0625	9952143.75	2047163.5	1761708.25	10872326.125	1826673.25	1537401.125	2444812.8125	28582780.1875	1819559.25	2768993.375	1806091.375	2050703.75	137853.0
Ae_umbellulata	Ae_sharonensis	S_vavilovii	5.904415288817118	1.775428026817849e-09	0.9571692866018422	31846828.625	2129848.75	2657392.125	466148.0	361243.75	2759109.5	452575.75	371033.375	755884.75	7028911.0	480670.625	691056.75	502172.0	538479.125	38198.875
Ae_sharonensis	Ae_uniaristata	S_vavilovii	8.62563645355008	0.0	0.9038395857358674	43044068.625	2845368.0625	3212416.125	655264.5625	517149.375	3961287.9375	628904.625	596191.5	876669.3125	9577722.25	609223.5	686294.75	614752.375	747014.375	49403.625
Ae_uniaristata	Ae_sharonensis	T_boeoticum	74.06326503830464	0.0	0.8191344655972371	73440835.5	105291391.25	5411540.625	4412555.25	8423357.125	4988708.75	3317592.75	6314632.5	8276644.375	15897087.25	16145242.125	534511.0	565819.375	654804.75	342071.375
Ae_uniaristata	Ae_sharonensis	T_urartu	41.23990864632606	0.0	0.5369189680060683	173713452.4375	10689689.5625	14408032.875	2883493.5	3046046.125	13277079.6875	2354815.1875	1672782.375	2967790.875	38901390.75	2380640.625	2656354.625	2691770.5	2432297.375	181024.5
Ae_uniaristata	Ae_sharonensis	Ta_caputMedusae	24.621135790856485	0.0	0.6660221768110657	43321304.5625	2729439.9375	3739290.875	699339.125	697946.25	3243713.25	628010.375	501443.125	770254.9375	9787404.0625	532174.0	651932.875	695536.625	642353.0	46943.0
Ae_sharonensis	S_vavilovii	Er_bonaepartis	21.096678262664017	0.0	0.6993016417247215	10780202.75	814879.5	677364.8125	179107.5625	133046.125	1041737.625	163628.25	167625.875	199626.8125	2302939.9375	201900.25	138085.75	136594.0	189049.375	13290.375
Er_bonaepartis	Ae_sharonensis	T_boeoticum	100.79331010294352	0.0	0.7382022517059298	18277047.375	26273363.875	1407079.0625	1215409.5625	2211832.625	1314007.25	832643.125	1593551.875	1911945.9375	3710949.5625	3746475.25	159005.875	154387.625	214755.75	102575.25
Ae_sharonensis	T_urartu	Er_bonaepartis	21.297879333022998	0.0	0.859659854915247	43523472.25	3308889.0625	2446847.25	638584.3125	505173.875	3764295.6875	576341.125	596144.625	957614.5625	9279368.75	779520.625	659083.5	493794.625	710299.75	49389.0
Ae_sharonensis	Ta_caputMedusae	Er_bonaepartis	72.1380130086629	0.0	0.5932152975084038	10907822.625	767424.0625	585902.25	187198.9375	163315.875	1004497.0	131298.8125	132038.25	212818.125	2355167.4375	205794.0	132261.75	110902.875	190097.5	12504.5
S_vavilovii	Ae_sharonensis	T_boeoticum	123.18445165693478	0.0	0.729376980599624	18473517.75	26661828.3125	1474911.375	1241204.9375	2315143.125	1140963.9375	770298.625	1455457.375	2039474.5625	3907706.75	4013854.375	144996.625	165982.75	189991.625	105077.875
Ae_sharonensis	T_urartu	S_vavilovii	19.205361377749337	0.0	0.80752085866185	43926060.3125	2887333.375	2603738.0	654462.8125	452797.75	3940005.0625	598823.625	518786.625	832250.5	9674348.4375	610568.375	705497.875	599397.875	778578.125	49566.25
Ae_sharonensis	Ta_caputMedusae	S_vavilovii	7.489761862441967	3.4861002973229915e-14	0.8838795271932256	10929056.1875	737175.25	695151.9375	167409.875	121111.75	1013263.8125	161677.0	144391.75	205314.1875	2428180.625	176842.5	177055.125	152265.5	190715.25	12922.25
T_boeoticum	Ae_sharonensis	T_urartu	86.76239367004163	0.0	0.18991727374607614	75025074.1875	3715147.875	5313518.625	8217046.3125	530665.0	107153103.125	2940535.3125	5174840.75	4177570.1875	16031256.75	610282.0	8049891.625	600821.125	16208734.875	340208.25
T_boeoticum	Ae_sharonensis	Ta_caputMedusae	105.10731750188766	0.0	0.21970117123010377	18617595.875	1059422.0	1378636.0625	2101205.9375	135264.625	26824200.875	737342.0	1391841.75	1121351.9375	4023132.5625	156765.125	2117226.5	152579.0	4131122.0	93981.75
Ae_sharonensis	T_urartu	Ta_caputMedusae	17.483623275878053	0.0	0.44084619969943495	44375929.375	2612107.1875	2472582.5625	686857.25	500507.375	3827706.5625	620257.0	538080.625	672765.75	9949171.8125	495791.625	592782.5	594518.0	785127.75	44599.625
Ae_speltoides	Ae_tauschii	Ae_umbellulata	19.615194558895055	0.0	0.27020633297838326	249277806.8125	20086309.6875	18922083.0625	4660945.9375	4149883.75	19800295.75	3746305.25	3820153.0	4084951.25	55949021.375	3806032.625	3970829.625	3302607.25	3864068.875	274678.75
Ae_speltoides	Ae_tauschii	Ae_uniaristata	43.02360467217016	0.0	0.4415442404410982	336258526.8125	23894075.9375	26921388.875	6008548.625	4869320.25	28320244.4375	4653790.9375	4277080.125	5724933.0	75866841.75	4425813.75	6489990.375	4539078.875	5377748.125	363612.125
Ae_speltoides	Ae_tauschii	Er_bonaepartis	4.449702391881698	4.303194105159669e-06	0.9677630542221588	83871686.625	6341288.125	6964554.0625	1221079.1875	1173247.0	6884476.1875	1193858.3125	1121897.25	2011037.375	17980406.375	1534886.5	1599017.0	1172126.125	1167881.125	101226.75
Ae_tauschii	Ae_speltoides	S_vavilovii	10.934593899303147	0.0	0.8870822337315942	84764115.1875	5392402.25	7038647.1875	1278123.25	1079103.375	7437980.9375	1212811.0	957189.875	1725904.1875	18838240.625	1134518.0	1673210.5	1336538.25	1351582.25	100586.125
Ae_speltoides	Ae_tauschii	T_boeoticum	9.78112059047392	0.0	0.9662915779918865	145096199.25	205732845.4375	10116623.8125	7781798.125	14601783.375	10055992.5625	7481077.375	14285559.125	16101591.5	30954085.9375	31547667.375	1064936.375	1180786.375	1343675.625	693646.75
Ae_speltoides	Ae_tauschii	T_urartu	22.570270925128302	0.0	0.46125268581317913	343598396.9375	18673431.4375	27338705.875	5471633.375	4579068.875	27762016.75	4821988.125	4168892.5	5378186.9375	77020026.1875	3954048.75	5749728.25	4845687.875	5184931.0	352520.125
Ae_speltoides	Ae_tauschii	Ta_caputMedusae	14.394231085224492	0.0	0.6615561840291485	85543035.5625	4883566.4375	6998838.75	1341873.5	1152146.5	6994795.0	1260161.0	1071699.75	1419884.4375	19342076.4375	886213.125	1508987.75	1280135.25	1370680.5	92471.0
Ae_speltoides	Ae_umbellulata	Ae_uniaristata	16.104062239202975	0.0	0.6231004155487969	249796509.375	18680689.875	22437204.125	4248277.75	3184388.875	21106978.3125	3964054.6875	3532697.5	4433939.8125	55769643.0625	3395741.125	5078790.875	4013290.25	3978373.0	282102.375
Ae_umbellulata	Ae_speltoides	S_vavilovii	21.508877707979916	0.0	0.7857567965990316	63256777.75	4046580.125	5387631.4375	1016380.6875	790077.5	5882236.0625	922178.3125	704119.5	1267674.25	13907081.875	856058.25	1201294.25	1040115.125	1143481.875	76261.0
Ae_speltoides	Ae_umbellulata	T_boeoticum	18.84934462504416	0.0	0.9324278142022246	108504136.875	152996002.25	7692098.4375	6153901.1875	11589537.5	7693486.4375	5718128.5625	10930472.125	11731350.0	22889722.25	23011340.125	783874.5	903452.625	1005841.5	538311.625
Ae_speltoides	Ae_umbellulata	T_urartu	5.165996077988127	1.1980214553730661e-07	0.22950964200374982	256236861.1875	14066132.8125	21862334.5	4194053.375	3347569.125	21155673.3125	3893088.1875	3214086.25	3982738.125	56893228.625	2947243.0	4278307.125	4122595.0	4075817.5	271767.875
Ae_uniaristata	Ae_speltoides	S_vavilovii	4.799635174682596	7.958006273955931e-07	0.8725998612626302	85673306.5625	5456086.3125	7810805.375	1326403.125	1224838.625	6721751.75	1297259.125	937849.0	1496874.6875	18989674.1875	1094923.0	1250122.875	1516124.75	1287095.125	97223.5
Ae_uniaristata	Ae_speltoides	T_boeoticum	58.325824160545615	0.0	0.840281798695673	145175201.4375	209871002.3125	11305318.25	8740707.375	16717073.375	10260745.8125	7000050.0625	13052311.125	16157695.5	30859717.875	31683572.875	1082844.0	1368443.875	1302870.25	729737.875
Ae_uniaristata	Ae_speltoides	T_urartu	9.357124558757818	0.0	0.23226552174101717	344573776.75	21312570.0	29460620.75	5799988.75	5973707.75	26987215.4375	5086798.6875	3518292.125	5302562.6875	76802628.1875	4202473.875	5373958.125	5457514.875	4959632.375	368463.625
Ae_uniaristata	Ae_speltoides	Ta_caputMedusae	6.070262356128446	6.409065500534439e-10	0.19455626381440266	86033391.0	5342441.8125	7528637.125	1439164.4375	1411990.375	6663726.4375	1291626.375	978296.875	1327264.4375	19321755.875	937587.875	1273321.75	1437492.625	1287160.25	93692.75
Ae_speltoides	S_vavilovii	Er_bonaepartis	18.266796570452048	0.0	0.7664613740728238	21554612.125	1646915.6875	1312597.6875	343935.375	247998.125	1996281.4375	317216.25	318978.0	404907.0	4606146.1875	403420.25	288725.25	268684.0	367667.125	26165.5
Er_bonaepartis	Ae_speltoides	T_boeoticum	87.1451991224685	0.0	0.7691197609455805	36263401.25	52705031.0625	2854714.75	2330749.6875	4278047.25	2619178.125	1678627.6875	3177243.875	3851009.0	7342476.1875	7557022.75	301937.375	340777.625	399115.25	202787.125
Ae_speltoides	T_urartu	Er_bonaepartis	20.62714953999391	0.0	0.8506484145963422	86660341.6875	6588142.0	5006271.5	1257738.0625	1006948.5	7511214.3125	1138525.375	1180695.625	1817514.375	18526310.0625	1535095.875	1243609.875	956099.125	1371387.625	97413.0
Ae_speltoides	Ta_caputMedusae	Er_bonaepartis	71.81059231601172	0.0	0.5966398505878463	21751312.625	1522671.6875	1155854.4375	358528.625	318002.375	1965953.25	249867.8125	257333.375	410596.0625	4703144.0	382287.875	263079.125	202987.125	357540.75	23603.875
S_vavilovii	Ae_speltoides	T_boeoticum	110.37472848357012	0.0	0.7634454076271957	36759128.75	53649088.5625	2896975.4375	2308948.0	4337965.5	2164547.6875	1492925.375	2780128.375	4126519.25	7746171.1875	8108237.5	295389.125	356315.5	341747.625	203859.125
Ae_speltoides	T_urartu	S_vavilovii	5.385878732446953	3.612667742736164e-08	0.9027949227486818	87699447.0	5550467.0625	5373286.1875	1274637.25	864032.0	7680130.3125	1242096.125	1127684.25	1544322.75	19328301.5625	1190745.625	1287636.5	1178998.625	1504906.125	97647.625
S_vavilovii	Ae_speltoides	Ta_caputMedusae	5.4825964652277035	2.1007378281368005e-08	0.09562128419835296	21844871.6875	1396234.4375	1941589.0	388898.125	333225.75	1430851.3125	310500.8125	209836.0	318789.875	4846769.125	289102.625	295717.875	365947.375	328391.25	24644.75
T_boeoticum	Ae_speltoides	T_urartu	70.66191676870324	0.0	0.16483366893497892	148704332.1875	7593120.875	11066622.25	16532191.3125	1051960.875	214360917.75	6234252.3125	10766802.375	8266718.1875	31612326.5	1178628.5	15990422.375	1422706.75	32645654.25	701286.5
T_boeoticum	Ae_speltoides	Ta_caputMedusae	93.26086243494342	0.0	0.19749055739247812	36931848.6875	2097122.9375	2798338.75	4216021.75	264851.625	53782035.625	1482126.625	2736610.625	2154914.3125	7927544.4375	295534.875	4096061.625	359038.5	8283455.75	182396.875
Ae_speltoides	T_urartu	Ta_caputMedusae	4.370093384472434	6.214541331983625e-06	0.15569017014495243	88380828.4375	5134287.75	5036917.3125	1372116.5	1006320.75	7630939.6875	1233870.0	1114669.125	1259362.5625	19804790.625	957704.125	1137007.5	1110052.375	1545072.75	88526.5
Ae_umbellulata	Ae_tauschii	Ae_uniaristata	40.26504065875273	0.0	0.6112825582444834	253361307.875	18483475.4375	20001629.25	4182741.6875	3702797.25	22402280.4375	3471573.75	2896309.0	4589929.9375	57618648.875	3428099.125	5159011.0	3460476.75	4086218.375	263924.25
Ae_umbellulata	Ae_tauschii	Er_bonaepartis	5.776677370525341	3.821148064631075e-09	0.9671016155839212	63254149.8125	4892398.0625	5168075.75	888670.625	839751.75	5379981.0625	862614.1875	800587.625	1628585.625	13586975.0	1177443.75	1199715.0	883491.25	887924.0	72171.5
Ae_umbellulata	Ae_tauschii	S_vavilovii	8.729193838539075	0.0	0.9356927095849517	63770216.1875	4280724.75	5421914.375	935694.3125	742146.875	5606995.8125	896039.25	748848.5	1473033.75	14150999.9375	931256.625	1337071.625	988081.75	1070580.5	75799.75
Ae_tauschii	Ae_umbellulata	T_boeoticum	9.643822379867702	0.0	0.9674241713643095	109945667.3125	154952492.1875	7377286.375	5856790.125	11183050.5	7430102.0625	5633871.0625	10745093.125	12254033.875	23661090.375	23874458.5	806346.625	881875.375	869249.125	490804.375
Ae_umbellulata	Ae_tauschii	T_urartu	8.45612068563575	0.0	0.8241459922599315	259286630.1875	14334379.5625	20634627.4375	3835365.5625	3139191.75	21590323.625	3688120.375	3015159.5	4378190.125	58310097.0	3226452.375	4224025.625	3826144.0	4108834.125	252853.75
Ae_umbellulata	Ae_tauschii	Ta_caputMedusae	12.116418701388318	0.0	0.8309996658284879	64456430.25	3815815.6875	5237554.5625	971149.25	792215.75	5504097.125	918016.0625	753478.625	1179279.8125	14606720.5	717754.25	1102614.75	1000952.875	1062493.125	66136.375
Ae_tauschii	Ae_uniaristata	S_vavilovii	6.918751680030335	2.2923885012460232e-12	0.9315289126576471	86338250.3125	5815579.5625	6344534.875	1246583.0	962053.5	7882439.3125	1204700.5625	1121739.5	1774498.75	19329901.5	1210804.875	1414678.25	1200367.25	1449773.125	95304.625
Ae_uniaristata	Ae_tauschii	T_boeoticum	70.41026598099846	0.0	0.8339945071404818	147108466.8125	212666252.5625	10900455.9375	8561286.0625	16360667.125	9774620.0625	6499431.8125	12333783.0	16857975.3125	31947476.0625	32856052.5	1086982.125	1143418.625	1236111.0	654415.0
Ae_uniaristata	Ae_tauschii	T_urartu	53.51699493392267	0.0	0.5336733465404578	348796695.5	21716467.125	28495505.6875	5726105.8125	5935350.875	26426495.6875	4350787.0625	3033862.875	5924728.75	78750931.625	4600177.75	5470693.875	5065495.375	4893009.875	346375.125
Ae_uniaristata	Ae_tauschii	Ta_caputMedusae	39.46958751231088	0.0	0.6196817637218147	86980247.6875	5487292.9375	7363945.5625	1384787.5625	1395149.75	6481029.5	1154195.125	876294.75	1529917.125	19763691.875	1017651.375	1319522.125	1322496.75	1260738.625	88965.25
Ae_tauschii	S_vavilovii	Er_bonaepartis	15.38446263565055	0.0	0.7532152003355288	21645418.75	1629603.0	1367326.3125	347582.8125	260982.375	2083062.9375	325039.4375	341709.875	393844.375	4649155.625	396595.5	274169.125	261490.875	363898.125	25924.875
Er_bonaepartis	Ae_tauschii	T_boeoticum	97.02040168252206	0.0	0.7501288749465382	36606455.5625	53053895.25	2870300.375	2408016.4375	4393702.875	2609818.6875	1673459.25	3206137.25	3878646.25	7451961.3125	7585550.375	332837.375	305845.5	408021.25	201752.25
Ae_tauschii	T_urartu	Er_bonaepartis	17.23767904695998	0.0	0.8925222087013224	87438844.25	6684269.6875	4920221.25	1206461.6875	957781.875	7537051.25	1106762.3125	1182836.5	1934690.625	18798495.1875	1596218.75	1290732.625	906103.25	1344194.625	94259.125
Ae_tauschii	Ta_caputMedusae	Er_bonaepartis	71.59427544595871	0.0	0.6303057262504905	21905456.0625	1558890.3125	1167902.875	349129.625	297142.625	2011203.75	244256.625	245245.0	423058.5625	4760097.0625	411125.75	258628.75	201986.625	359745.0	22930.375
S_vavilovii	Ae_tauschii	T_boeoticum	118.79359113022014	0.0	0.7390661953176023	36965009.875	53716588.0	3027228.6875	2480398.4375	4643536.0	2271603.25	1571958.375	2972696.25	4145014.5625	7843682.0625	8137811.25	314764.375	334527.0	360980.375	209986.5
Ae_tauschii	T_urartu	S_vavilovii	18.787414335496685	0.0	0.8337211768335004	88160471.75	5856043.5625	5178867.6875	1255361.5	883957.25	7911401.0625	1147554.625	1016983.5	1688097.75	19571007.8125	1240451.125	1416343.5	1127446.875	1482350.875	95622.125
Ae_tauschii	Ta_caputMedusae	S_vavilovii	5.840434373628171	2.6115776208257557e-09	0.9232588284468471	21927821.9375	1501542.0625	1375668.9375	314157.5625	219766.25	2024986.75	305310.375	276575.125	411749.25	4903169.25	348111.0	361268.375	280741.5	363726.75	24542.875
T_boeoticum	Ae_tauschii	T_urartu	81.61860961635844	0.0	0.1754325476416011	150296441.0625	7361692.0	10914473.9375	16899152.25	1110829.25	216383126.5625	5949015.375	10459502.0	8278734.3125	32366369.625	1154427.75	16000977.375	1242781.25	33288630.75	666745.5
T_boeoticum	Ae_tauschii	Ta_caputMedusae	104.02982966418101	0.0	0.21027693720094295	37302395.4375	2071393.6875	2797837.875	4301391.625	294273.375	54171497.625	1459481.625	2728618.875	2216187.5625	8097708.9375	307145.625	4179212.0	325963.875	8432669.375	181592.5
Ae_tauschii	T_urartu	Ta_caputMedusae	11.02565783041242	0.0	0.630727339156608	89171645.9375	5174607.25	4979641.5625	1282103.5	932635.0	7612257.375	1220576.8125	1114427.125	1325666.0	20173306.9375	951116.375	1164610.375	1117893.25	1467543.75	84936.75
Ae_umbellulata	Ae_uniaristata	Er_bonaepartis	5.054305066867557	2.163403571842082e-07	0.953309579730215	63653106.625	4974224.125	4828477.125	976541.125	840505.0	6120108.375	952780.125	1028042.5	1437924.375	13685402.875	1123913.75	864814.75	827751.5	1060840.0	73653.75
Ae_umbellulata	Ae_uniaristata	S_vavilovii	16.190935078992172	0.0	0.8017985823394481	64291154.6875	4273869.1875	4995458.25	1038971.0	786270.125	6410153.9375	966626.9375	924035.25	1259285.625	14254886.25	892585.0	935183.75	942636.125	1226508.375	74886.5
Ae_uniaristata	Ae_umbellulata	T_boeoticum	81.16331774080734	0.0	0.7899143230957971	109736116.75	157439317.25	8724265.375	7138697.0	13676674.125	7794898.8125	5286160.4375	10054865.5	12251628.9375	23567692.1875	23920876.125	797455.375	919626.0	978760.5	530954.625
Ae_uniaristata	Ae_umbellulata	T_urartu	28.06182143494259	0.0	0.36192030334746883	259427718.5	16130089.6875	23710953.875	4577684.1875	4588185.25	20847257.625	3712488.4375	2548063.25	4203229.5	58070826.4375	3480753.125	3626096.25	4458448.0	4027779.5	270273.375
Ae_uniaristata	Ae_umbellulata	Ta_caputMedusae	21.343150387382337	0.0	0.48068289593060254	64670897.8125	4112438.3125	6127089.5	1090014.875	1069435.75	5099315.1875	976464.4375	719106.75	1081567.375	14569437.125	761863.625	856390.625	1146253.625	1023743.5	68980.5
Ae_umbellulata	S_vavilovii	Er_bonaepartis	19.71071508005938	0.0	0.6694592977974985	16194846.9375	1232144.125	1027653.125	270022.3125	197409.0	1619279.4375	248298.0	249955.0	292297.25	3458001.6875	288949.75	206671.25	211209.5	287626.125	19986.5
Er_bonaepartis	Ae_umbellulata	T_boeoticum	102.63373053285996	0.0	0.7316984669330632	27406724.0	39632144.4375	2193936.4375	1869514.375	3410504.75	2010877.5625	1277703.875	2433813.625	2891659.75	5569722.5625	5683445.5	226188.0	248980.125	318623.0	155846.0
Ae_umbellulata	T_urartu	Er_bonaepartis	24.312604695172936	0.0	0.8492988544390141	65344324.5	5059927.1875	3735648.3125	944138.375	736382.625	5943747.0	839050.3125	859652.0	1431289.8125	13997196.5	1167238.75	933955.875	729512.625	1065047.125	71402.0
Ae_umbellulata	Ta_caputMedusae	Er_bonaepartis	74.43391700446021	0.0	0.5906308314998585	16374916.4375	1171714.9375	889333.375	275644.0	232411.5	1581363.0	189718.0	184096.875	313690.5625	3544888.5625	301068.0	193850.875	164012.875	284784.25	17828.75
S_vavilovii	Ae_umbellulata	T_boeoticum	126.34371604349197	0.0	0.7179199235458339	27710762.375	40105894.75	2269395.3125	1915688.3125	3585227.25	1707434.6875	1180475.3125	2224042.375	3051660.5	5826728.5	5995227.375	234093.125	262944.75	276993.875	160492.5
Ae_umbellulata	T_urartu	S_vavilovii	26.76966980341137	0.0	0.7787697944380201	65964010.8125	4388350.625	3905909.6875	989458.0	669322.625	6164592.8125	874347.375	787665.375	1279557.3125	14518044.0	961893.75	1034581.625	852939.125	1204300.125	72983.75
Ae_umbellulata	Ta_caputMedusae	S_vavilovii	15.52758996055024	0.0	0.8163975076894574	16396856.375	1125337.4375	1049621.5	249063.4375	164865.0	1592380.0625	231968.875	206745.75	307980.6875	3633675.125	271749.875	258281.875	215320.375	297310.25	18701.375
T_boeoticum	Ae_umbellulata	T_urartu	92.8499117682545	0.0	0.20206404112105422	112501583.0625	5660540.1875	8328972.875	12485130.5	792135.625	161444857.1875	4512922.3125	7909907.75	6531751.75	24071255.5	914566.75	12608866.875	998054.0	24641037.5	515948.125
T_boeoticum	Ae_umbellulata	Ta_caputMedusae	112.94523008101692	0.0	0.23442949573253968	27909246.75	1602002.625	2144618.625	3165703.25	204317.5	40392701.6875	1114862.3125	2081705.375	1742861.4375	6016116.3125	236317.875	3290901.25	255233.5	6227654.25	141774.25
Ae_umbellulata	T_urartu	Ta_caputMedusae	19.565934115272512	0.0	0.48212486507974245	66598383.4375	3960770.125	3764534.5625	1013414.75	713757.125	6044055.1875	913347.0	813195.0	1006506.8125	14961705.0	737657.125	845234.75	861087.25	1189959.625	64127.25
Ae_uniaristata	S_vavilovii	Er_bonaepartis	18.39266860654846	0.0	0.7552495659232542	21978510.625	1720286.5625	1411607.375	334762.0625	279547.875	1787694.625	308323.1875	287580.5	389908.125	4736550.6875	407594.75	249966.0	278785.375	313824.75	25211.5
Er_bonaepartis	Ae_uniaristata	T_boeoticum	26.544891229131526	0.0	0.9155684114283783	36783345.6875	54519417.0625	2739036.5625	2038400.6875	3674677.5	2771651.25	1837313.25	3520037.75	4017887.0	7574030.125	7877931.625	321260.25	319000.625	394138.75	201788.875
Ae_uniaristata	T_urartu	Er_bonaepartis	18.397776664822555	0.0	0.8182934806492158	88037457.5625	6743093.9375	5744733.8125	1327995.9375	1297143.75	7052573.5625	1220077.4375	1224368.5	1706075.4375	18940670.1875	1519861.375	903511.375	1088327.25	1239158.0	95887.875
Ae_uniaristata	Ta_caputMedusae	Er_bonaepartis	63.946413462924056	0.0	0.5346103789212322	22129788.5	1590109.25	1317939.625	365034.375	361290.5	1818699.5625	261312.4375	236413.25	380461.6875	4812310.5625	386939.25	194248.375	242350.875	323835.5	23099.25
S_vavilovii	Ae_uniaristata	T_boeoticum	49.37781485852878	0.0	0.8777818704848089	37251774.5	55341504.625	2789845.8125	2048678.8125	3789143.25	2332720.125	1685518.625	3181658.625	4293768.5625	7956167.9375	8415527.875	331775.5	348182.875	349924.625	205174.25
Ae_uniaristata	T_urartu	S_vavilovii	10.577951284398882	0.0	0.7053237807158653	88919123.0625	5841172.125	6105388.0	1370914.0625	1152524.25	7344082.125	1310051.5625	1120526.625	1455729.3125	19711865.875	1232363.375	951312.75	1346942.0	1436273.375	96724.5
T_boeoticum	Ae_uniaristata	T_urartu	9.674840773926558	0.0	0.030699575153990927	150059663.875	9021920.375	11468748.75	16955813.625	1090104.625	219928118.25	7524267.625	13519647.875	7822982.5	32285657.0	1213145.0	15087920.125	1402708.5	33472483.75	719730.125
T_boeoticum	Ae_uniaristata	Ta_caputMedusae	30.303717466156176	0.0	0.0805490045496811	37367223.0	2359030.375	2783153.875	4335360.5	303259.75	55307640.4375	1755576.5625	3301787.875	1981579.9375	8096774.3125	312108.625	3715757.75	353932.75	8499207.75	189132.5
S_vavilovii	Er_bonaepartis	T_boeoticum	22.098037635664713	0.0	0.9392448631611452	9352570.375	14033748.25	681156.875	459099.375	874114.375	566540.3125	418838.1875	763774.375	1041256.5625	1918843.8125	2035914.25	76374.125	95702.25	80088.625	49461.25
Er_bonaepartis	Ta_caputMedusae	S_vavilovii	34.19415331926263	0.0	0.6098549660653353	5658599.0	375637.5625	339576.25	84026.1875	48490.0	386971.0	71670.5625	60600.875	90984.25	1222478.1875	75891.25	91593.5	62159.5	88947.625	5817.25
Er_bonaepartis	T_urartu	T_boeoticum	17.011688118593444	0.0	0.949032420712852	37660464.0	55718617.25	2116640.625	1891771.125	3166858.5	2768715.25	1764759.0	3408805.5	4129764.875	7738794.875	8134061.5	308676.75	304629.0	424631.25	197064.5
T_boeoticum	Er_bonaepartis	Ta_caputMedusae	5.162262502590738	1.2221634382303392e-07	0.013044283898178174	9425038.375	502674.0	621553.1875	1067280.5625	79305.875	14144513.25	383509.5	675753.375	392546.6875	1961213.4375	71496.5	746241.25	99773.0	2087237.625	45186.375
Er_bonaepartis	Ta_caputMedusae	T_urartu	54.78980449916764	0.0	0.31401676412397656	22781759.875	1408765.3125	1234964.25	419222.6875	234443.125	1624990.6875	251625.75	213003.625	328345.1875	4940863.0	285915.875	318438.25	241895.625	422650.0	22694.75
S_vavilovii	T_urartu	T_boeoticum	39.543458309425276	0.0	0.9055842903334758	38056484.1875	56475185.8125	2227435.0625	1893028.3125	3281536.375	2382539.125	1608715.0	3081986.875	4335694.125	8096451.0	8581396.625	275911.75	319945.25	371600.375	199994.125
S_vavilovii	Ta_caputMedusae	T_boeoticum	15.075790305406484	0.0	0.9595693018339568	9450888.25	14153911.875	605207.4375	455588.0625	844651.375	603794.625	427789.375	808471.625	1087554.5625	2013817.8125	2136453.25	73685.125	80640.375	90724.0	49929.25
S_vavilovii	T_urartu	Ta_caputMedusae	13.60234934126917	0.0	0.1423698711610171	22825647.375	1452889.5	1406618.375	399553.625	308727.625	1564577.875	282572.125	214804.125	301991.5	5069465.625	303716.0	234866.875	292763.0	372463.5	23310.875
T_boeoticum	T_urartu	Ta_caputMedusae	22.188690010818057	0.0	0.05008622578701563	38386738.75	2206120.375	2023636.5625	4501382.8125	287625.0	56846233.625	1541157.375	2922098.625	1697241.5625	8330798.4375	325454.125	2947855.25	321112.375	8876241.875	176415.25
